ds,trend,yhat_lower,yhat_upper,trend_lower,trend_upper,Christmas Day,Christmas Day_lower,Christmas Day_upper,Christmas Day (observed),Christmas Day (observed)_lower,Christmas Day (observed)_upper,Columbus Day,Columbus Day_lower,Columbus Day_upper,Independence Day,Independence Day_lower,Independence Day_upper,Independence Day (observed),Independence Day (observed)_lower,Independence Day (observed)_upper,Juneteenth National Independence Day,Juneteenth National Independence Day_lower,Juneteenth National Independence Day_upper,Juneteenth National Independence Day (observed),Juneteenth National Independence Day (observed)_lower,Juneteenth National Independence Day (observed)_upper,Labor Day,Labor Day_lower,Labor Day_upper,Martin Luther King Jr. Day,Martin Luther King Jr. Day_lower,Martin Luther King Jr. Day_upper,Memorial Day,Memorial Day_lower,Memorial Day_upper,New Year's Day,New Year's Day_lower,New Year's Day_upper,New Year's Day (observed),New Year's Day (observed)_lower,New Year's Day (observed)_upper,Thanksgiving Day,Thanksgiving Day_lower,Thanksgiving Day_upper,Veterans Day,Veterans Day_lower,Veterans Day_upper,Veterans Day (observed),Veterans Day (observed)_lower,Veterans Day (observed)_upper,Washington's Birthday,Washington's Birthday_lower,Washington's Birthday_upper,additive_terms,additive_terms_lower,additive_terms_upper,holidays,holidays_lower,holidays_upper,monthly,monthly_lower,monthly_upper,weekly,weekly_lower,weekly_upper,yearly,yearly_lower,yearly_upper,multiplicative_terms,multiplicative_terms_lower,multiplicative_terms_upper,yhat
2021-01-01,410.6516016151227,584.4025788073324,916.0268703311765,410.6516016151227,410.6516016151227,0.0,0.0,0.0,0.0,0.0,0.0,0.0,0.0,0.0,0.0,0.0,0.0,0.0,0.0,0.0,0.0,0.0,0.0,0.0,0.0,0.0,0.0,0.0,0.0,0.0,0.0,0.0,0.0,0.0,0.0,-75.4549726625623,-75.4549726625623,-75.4549726625623,0.0,0.0,0.0,0.0,0.0,0.0,0.0,0.0,0.0,0.0,0.0,0.0,0.0,0.0,0.0,337.6242314515209,337.6242314515209,337.6242314515209,-75.4549726625623,-75.4549726625623,-75.4549726625623,28.42385234171456,28.42385234171456,28.42385234171456,151.10859487143696,151.10859487143696,151.10859487143696,233.54675690093168,233.54675690093168,233.54675690093168,0.0,0.0,0.0,748.2758330666436
2021-01-02,416.39320625232386,754.4676064316104,1067.2436372982468,416.39320625232386,416.39320625232386,0.0,0.0,0.0,0.0,0.0,0.0,0.0,0.0,0.0,0.0,0.0,0.0,0.0,0.0,0.0,0.0,0.0,0.0,0.0,0.0,0.0,0.0,0.0,0.0,0.0,0.0,0.0,0.0,0.0,0.0,0.0,0.0,0.0,0.0,0.0,0.0,0.0,0.0,0.0,0.0,0.0,0.0,0.0,0.0,0.0,0.0,0.0,0.0,495.5100274644795,495.5100274644795,495.5100274644795,0.0,0.0,0.0,55.42722546227847,55.42722546227847,55.42722546227847,210.1013893641298,210.1013893641298,210.1013893641298,229.98141263807113,229.98141263807113,229.98141263807113,0.0,0.0,0.0,911.9032337168034
2021-01-03,422.13481088952506,669.0998088202159,1006.8612680767176,422.13481088952506,422.13481088952506,0.0,0.0,0.0,0.0,0.0,0.0,0.0,0.0,0.0,0.0,0.0,0.0,0.0,0.0,0.0,0.0,0.0,0.0,0.0,0.0,0.0,0.0,0.0,0.0,0.0,0.0,0.0,0.0,0.0,0.0,0.0,0.0,0.0,0.0,0.0,0.0,0.0,0.0,0.0,0.0,0.0,0.0,0.0,0.0,0.0,0.0,0.0,0.0,405.6849473762781,405.6849473762781,405.6849473762781,0.0,0.0,0.0,80.27544829881373,80.27544829881373,80.27544829881373,99.53964739329444,99.53964739329444,99.53964739329444,225.86985168416996,225.86985168416996,225.86985168416996,0.0,0.0,0.0,827.8197582658031
2021-01-04,427.8764155267262,538.7403063175,849.131476679566,427.8764155267262,427.8764155267262,0.0,0.0,0.0,0.0,0.0,0.0,0.0,0.0,0.0,0.0,0.0,0.0,0.0,0.0,0.0,0.0,0.0,0.0,0.0,0.0,0.0,0.0,0.0,0.0,0.0,0.0,0.0,0.0,0.0,0.0,0.0,0.0,0.0,0.0,0.0,0.0,0.0,0.0,0.0,0.0,0.0,0.0,0.0,0.0,0.0,0.0,0.0,0.0,264.1617876631453,264.1617876631453,264.1617876631453,0.0,0.0,0.0,102.07377307511601,102.07377307511601,102.07377307511601,-59.282452217559694,-59.282452217559694,-59.282452217559694,221.37046680558896,221.37046680558896,221.37046680558896,0.0,0.0,0.0,692.0382031898714
2021-01-05,433.6180201639274,413.82720028380726,733.5335474412317,433.6180201639274,433.6180201639274,0.0,0.0,0.0,0.0,0.0,0.0,0.0,0.0,0.0,0.0,0.0,0.0,0.0,0.0,0.0,0.0,0.0,0.0,0.0,0.0,0.0,0.0,0.0,0.0,0.0,0.0,0.0,0.0,0.0,0.0,0.0,0.0,0.0,0.0,0.0,0.0,0.0,0.0,0.0,0.0,0.0,0.0,0.0,0.0,0.0,0.0,0.0,0.0,134.47279781011412,134.47279781011412,134.47279781011412,0.0,0.0,0.0,120.6968699444712,120.6968699444712,120.6968699444712,-202.87489051719157,-202.87489051719157,-202.87489051719157,216.65081838283456,216.65081838283456,216.65081838283456,0.0,0.0,0.0,568.0908179740416
2021-01-06,439.3596248011286,432.63573406059777,767.3106642868993,439.3596248011286,439.3596248011286,0.0,0.0,0.0,0.0,0.0,0.0,0.0,0.0,0.0,0.0,0.0,0.0,0.0,0.0,0.0,0.0,0.0,0.0,0.0,0.0,0.0,0.0,0.0,0.0,0.0,0.0,0.0,0.0,0.0,0.0,0.0,0.0,0.0,0.0,0.0,0.0,0.0,0.0,0.0,0.0,0.0,0.0,0.0,0.0,0.0,0.0,0.0,0.0,165.84899370039207,165.84899370039207,165.84899370039207,0.0,0.0,0.0,135.67978452799073,135.67978452799073,135.67978452799073,-181.71447593055922,-181.71447593055922,-181.71447593055922,211.88368510296056,211.88368510296056,211.88368510296056,0.0,0.0,0.0,605.2086185015206
2021-01-07,445.10122943832977,623.0791159247234,938.7385072356094,445.10122943832977,445.10122943832977,0.0,0.0,0.0,0.0,0.0,0.0,0.0,0.0,0.0,0.0,0.0,0.0,0.0,0.0,0.0,0.0,0.0,0.0,0.0,0.0,0.0,0.0,0.0,0.0,0.0,0.0,0.0,0.0,0.0,0.0,0.0,0.0,0.0,0.0,0.0,0.0,0.0,0.0,0.0,0.0,0.0,0.0,0.0,0.0,0.0,0.0,0.0,0.0,335.44215077100154,335.44215077100154,335.44215077100154,0.0,0.0,0.0,145.07699419526222,145.07699419526222,145.07699419526222,-16.877812964510202,-16.877812964510202,-16.877812964510202,207.24296954024956,207.24296954024956,207.24296954024956,0.0,0.0,0.0,780.5433802093313
2021-01-08,450.84283407553096,786.2589020263018,1108.9930641953374,450.84283407553096,450.84283407553096,0.0,0.0,0.0,0.0,0.0,0.0,0.0,0.0,0.0,0.0,0.0,0.0,0.0,0.0,0.0,0.0,0.0,0.0,0.0,0.0,0.0,0.0,0.0,0.0,0.0,0.0,0.0,0.0,0.0,0.0,0.0,0.0,0.0,0.0,0.0,0.0,0.0,0.0,0.0,0.0,0.0,0.0,0.0,0.0,0.0,0.0,0.0,0.0,500.0421034954527,500.0421034954527,500.0421034954527,0.0,0.0,0.0,146.0339407544572,146.0339407544572,146.0339407544572,151.10859487152027,151.10859487152027,151.10859487152027,202.89956786947508,202.89956786947508,202.89956786947508,0.0,0.0,0.0,950.8849375709837
2021-01-09,456.58443871273215,834.2948924748234,1153.9775890299086,456.58443871273215,456.58443871273215,0.0,0.0,0.0,0.0,0.0,0.0,0.0,0.0,0.0,0.0,0.0,0.0,0.0,0.0,0.0,0.0,0.0,0.0,0.0,0.0,0.0,0.0,0.0,0.0,0.0,0.0,0.0,0.0,0.0,0.0,0.0,0.0,0.0,0.0,0.0,0.0,0.0,0.0,0.0,0.0,0.0,0.0,0.0,0.0,0.0,0.0,0.0,0.0,546.2693653649235,546.2693653649235,546.2693653649235,0.0,0.0,0.0,137.15066234292644,137.15066234292644,137.15066234292644,210.10138936411153,210.10138936411153,210.10138936411153,199.01731365788552,199.01731365788552,199.01731365788552,0.0,0.0,0.0,1002.8538040776557
2021-01-10,462.3260433499333,720.4899000947894,1041.427511170989,462.3260433499333,462.3260433499333,0.0,0.0,0.0,0.0,0.0,0.0,0.0,0.0,0.0,0.0,0.0,0.0,0.0,0.0,0.0,0.0,0.0,0.0,0.0,0.0,0.0,0.0,0.0,0.0,0.0,0.0,0.0,0.0,0.0,0.0,0.0,0.0,0.0,0.0,0.0,0.0,0.0,0.0,0.0,0.0,0.0,0.0,0.0,0.0,0.0,0.0,0.0,0.0,415.80380719448266,415.80380719448266,415.80380719448266,0.0,0.0,0.0,120.51505649176785,120.51505649176785,120.51505649176785,99.5396473937947,99.5396473937947,99.5396473937947,195.74910330892013,195.74910330892013,195.74910330892013,0.0,0.0,0.0,878.129850544416
2021-01-11,468.0676479871344,542.1772985001878,855.0896046140344,468.0676479871344,468.0676479871344,0.0,0.0,0.0,0.0,0.0,0.0,0.0,0.0,0.0,0.0,0.0,0.0,0.0,0.0,0.0,0.0,0.0,0.0,0.0,0.0,0.0,0.0,0.0,0.0,0.0,0.0,0.0,0.0,0.0,0.0,0.0,0.0,0.0,0.0,0.0,0.0,0.0,0.0,0.0,0.0,0.0,0.0,0.0,0.0,0.0,0.0,0.0,0.0,234.93016113491117,234.93016113491117,234.93016113491117,0.0,0.0,0.0,100.97930799021943,100.97930799021943,100.97930799021943,-59.282452216988034,-59.282452216988034,-59.282452216988034,193.2333053616798,193.2333053616798,193.2333053616798,0.0,0.0,0.0,702.9978091220456
2021-01-12,473.8092526243356,383.91015054525326,715.5073003222305,473.8092526243356,473.8092526243356,0.0,0.0,0.0,0.0,0.0,0.0,0.0,0.0,0.0,0.0,0.0,0.0,0.0,0.0,0.0,0.0,0.0,0.0,0.0,0.0,0.0,0.0,0.0,0.0,0.0,0.0,0.0,0.0,0.0,0.0,0.0,0.0,0.0,0.0,0.0,0.0,0.0,0.0,0.0,0.0,0.0,0.0,0.0,0.0,0.0,0.0,0.0,0.0,71.28801252969879,71.28801252969879,71.28801252969879,0.0,0.0,0.0,82.57235539681818,82.57235539681818,82.57235539681818,-202.874890517276,-202.874890517276,-202.874890517276,191.59054765015662,191.59054765015662,191.59054765015662,0.0,0.0,0.0,545.0972651540344
2021-01-13,479.5508572615368,396.7297762450278,712.2749109692803,479.5508572615368,479.5508572615368,0.0,0.0,0.0,0.0,0.0,0.0,0.0,0.0,0.0,0.0,0.0,0.0,0.0,0.0,0.0,0.0,0.0,0.0,0.0,0.0,0.0,0.0,0.0,0.0,0.0,0.0,0.0,0.0,0.0,0.0,0.0,0.0,0.0,0.0,0.0,0.0,0.0,0.0,0.0,0.0,0.0,0.0,0.0,0.0,0.0,0.0,0.0,0.0,74.11122742699678,74.11122742699678,74.11122742699678,0.0,0.0,0.0,64.90473781828834,64.90473781828834,64.90473781828834,-181.714475930494,-181.714475930494,-181.714475930494,190.92096553920248,190.92096553920248,190.92096553920248,0.0,0.0,0.0,553.6620846885336
2021-01-14,485.292461898738,540.3189240555209,858.5928393879591,485.292461898738,485.292461898738,0.0,0.0,0.0,0.0,0.0,0.0,0.0,0.0,0.0,0.0,0.0,0.0,0.0,0.0,0.0,0.0,0.0,0.0,0.0,0.0,0.0,0.0,0.0,0.0,0.0,0.0,0.0,0.0,0.0,0.0,0.0,0.0,0.0,0.0,0.0,0.0,0.0,0.0,0.0,0.0,0.0,0.0,0.0,0.0,0.0,0.0,0.0,0.0,217.49629230961546,217.49629230961546,217.49629230961546,0.0,0.0,0.0,43.072123874252135,43.072123874252135,43.072123874252135,-16.877812964303818,-16.877812964303818,-16.877812964303818,191.30198139966714,191.30198139966714,191.30198139966714,0.0,0.0,0.0,702.7887542083535
2021-01-15,491.03406653593913,688.6808659675005,1008.7484870338807,491.03406653593913,491.03406653593913,0.0,0.0,0.0,0.0,0.0,0.0,0.0,0.0,0.0,0.0,0.0,0.0,0.0,0.0,0.0,0.0,0.0,0.0,0.0,0.0,0.0,0.0,0.0,0.0,0.0,0.0,0.0,0.0,0.0,0.0,0.0,0.0,0.0,0.0,0.0,0.0,0.0,0.0,0.0,0.0,0.0,0.0,0.0,0.0,0.0,0.0,0.0,0.0,355.763778757077,355.763778757077,355.763778757077,0.0,0.0,0.0,11.868513343190418,11.868513343190418,11.868513343190418,151.10859487160357,151.10859487160357,151.10859487160357,192.7866705422829,192.7866705422829,192.7866705422829,0.0,0.0,0.0,846.797845293016
2021-01-16,496.7756711731404,710.0118217251644,1034.5168510287062,496.7756711731404,496.7756711731404,0.0,0.0,0.0,0.0,0.0,0.0,0.0,0.0,0.0,0.0,0.0,0.0,0.0,0.0,0.0,0.0,0.0,0.0,0.0,0.0,0.0,0.0,0.0,0.0,0.0,0.0,0.0,0.0,0.0,0.0,0.0,0.0,0.0,0.0,0.0,0.0,0.0,0.0,0.0,0.0,0.0,0.0,0.0,0.0,0.0,0.0,0.0,0.0,376.72741419033366,376.72741419033366,376.72741419033366,0.0,0.0,0.0,-28.776727607968155,-28.776727607968155,-28.776727607968155,210.10138936407276,210.10138936407276,210.10138936407276,195.402752434229,195.402752434229,195.402752434229,0.0,0.0,0.0,873.503085363474
2021-01-17,502.5172758103415,557.4268732530546,878.0445237114018,502.5172758103415,502.5172758103415,0.0,0.0,0.0,0.0,0.0,0.0,0.0,0.0,0.0,0.0,0.0,0.0,0.0,0.0,0.0,0.0,0.0,0.0,0.0,0.0,0.0,0.0,0.0,0.0,0.0,0.0,0.0,0.0,0.0,0.0,0.0,0.0,0.0,0.0,0.0,0.0,0.0,0.0,0.0,0.0,0.0,0.0,0.0,0.0,0.0,0.0,0.0,0.0,226.91579479379183,226.91579479379183,226.91579479379183,0.0,0.0,0.0,-71.77608124491063,-71.77608124491063,-71.77608124491063,99.5396473936842,99.5396473936842,99.5396473936842,199.15222864501834,199.15222864501834,199.15222864501834,0.0,0.0,0.0,729.4330706041334
2021-01-18,508.25888044754265,441.82922010793277,749.5543576339688,508.25888044754265,508.25888044754265,0.0,0.0,0.0,0.0,0.0,0.0,0.0,0.0,0.0,0.0,0.0,0.0,0.0,0.0,0.0,0.0,0.0,0.0,0.0,0.0,0.0,0.0,0.0,0.0,50.75768893278906,50.75768893278906,50.75768893278906,0.0,0.0,0.0,0.0,0.0,0.0,0.0,0.0,0.0,0.0,0.0,0.0,0.0,0.0,0.0,0.0,0.0,0.0,0.0,0.0,0.0,89.04078340214893,89.04078340214893,89.04078340214893,50.75768893278906,50.75768893278906,50.75768893278906,-106.44612442305069,-106.44612442305069,-106.44612442305069,-59.282452217097834,-59.282452217097834,-59.282452217097834,204.01167110950843,204.01167110950843,204.01167110950843,0.0,0.0,0.0,597.2996638496916
2021-01-19,514.0004850847439,239.38248740767375,553.7520963968805,514.0004850847439,514.0004850847439,0.0,0.0,0.0,0.0,0.0,0.0,0.0,0.0,0.0,0.0,0.0,0.0,0.0,0.0,0.0,0.0,0.0,0.0,0.0,0.0,0.0,0.0,0.0,0.0,0.0,0.0,0.0,0.0,0.0,0.0,0.0,0.0,0.0,0.0,0.0,0.0,0.0,0.0,0.0,0.0,0.0,0.0,0.0,0.0,0.0,0.0,0.0,0.0,-118.1872612177618,-118.1872612177618,-118.1872612177618,0.0,0.0,0.0,-125.2455171643308,-125.2455171643308,-125.2455171643308,-202.8748905173196,-202.8748905173196,-202.8748905173196,209.9331464638886,209.9331464638886,209.9331464638886,0.0,0.0,0.0,395.81322386698207
2021-01-20,519.742089721945,263.9815216777672,586.8184438632272,519.742089721945,519.742089721945,0.0,0.0,0.0,0.0,0.0,0.0,0.0,0.0,0.0,0.0,0.0,0.0,0.0,0.0,0.0,0.0,0.0,0.0,0.0,0.0,0.0,0.0,0.0,0.0,0.0,0.0,0.0,0.0,0.0,0.0,0.0,0.0,0.0,0.0,0.0,0.0,0.0,0.0,0.0,0.0,0.0,0.0,0.0,0.0,0.0,0.0,0.0,0.0,-93.38533603003754,-93.38533603003754,-93.38533603003754,0.0,0.0,0.0,-128.51660501293676,-128.51660501293676,-128.51660501293676,-181.71447593042882,-181.71447593042882,-181.71447593042882,216.84574491332802,216.84574491332802,216.84574491332802,0.0,0.0,0.0,426.3567536919075
2021-01-21,525.4836943591463,436.86923053501033,779.2160791476975,525.4836943591463,525.4836943591463,0.0,0.0,0.0,0.0,0.0,0.0,0.0,0.0,0.0,0.0,0.0,0.0,0.0,0.0,0.0,0.0,0.0,0.0,0.0,0.0,0.0,0.0,0.0,0.0,0.0,0.0,0.0,0.0,0.0,0.0,0.0,0.0,0.0,0.0,0.0,0.0,0.0,0.0,0.0,0.0,0.0,0.0,0.0,0.0,0.0,0.0,0.0,0.0,84.20831349771534,84.20831349771534,84.20831349771534,0.0,0.0,0.0,-123.57153935194533,-123.57153935194533,-123.57153935194533,-16.877812964195687,-16.877812964195687,-16.877812964195687,224.65766581385628,224.65766581385628,224.65766581385628,0.0,0.0,0.0,609.6920078568617
2021-01-22,531.2252989963474,638.3966295505386,950.3352745939762,531.2252989963474,531.2252989963474,0.0,0.0,0.0,0.0,0.0,0.0,0.0,0.0,0.0,0.0,0.0,0.0,0.0,0.0,0.0,0.0,0.0,0.0,0.0,0.0,0.0,0.0,0.0,0.0,0.0,0.0,0.0,0.0,0.0,0.0,0.0,0.0,0.0,0.0,0.0,0.0,0.0,0.0,0.0,0.0,0.0,0.0,0.0,0.0,0.0,0.0,0.0,0.0,265.3671659657144,265.3671659657144,265.3671659657144,0.0,0.0,0.0,-119.00022625871075,-119.00022625871075,-119.00022625871075,151.1085948711797,151.1085948711797,151.1085948711797,233.25879735324543,233.25879735324543,233.25879735324543,0.0,0.0,0.0,796.5924649620617
2021-01-23,536.9669036335486,720.7320502067134,1032.804790331934,536.9669036335486,536.9669036335486,0.0,0.0,0.0,0.0,0.0,0.0,0.0,0.0,0.0,0.0,0.0,0.0,0.0,0.0,0.0,0.0,0.0,0.0,0.0,0.0,0.0,0.0,0.0,0.0,0.0,0.0,0.0,0.0,0.0,0.0,0.0,0.0,0.0,0.0,0.0,0.0,0.0,0.0,0.0,0.0,0.0,0.0,0.0,0.0,0.0,0.0,0.0,0.0,333.85753006989677,333.85753006989677,333.85753006989677,0.0,0.0,0.0,-118.767574101511,-118.767574101511,-118.767574101511,210.10138936403402,210.10138936403402,210.10138936403402,242.5237148073737,242.5237148073737,242.5237148073737,0.0,0.0,0.0,870.8244337034453
2021-01-24,542.7085082707498,604.8621141120153,941.6790154042476,542.7085082707498,542.7085082707498,0.0,0.0,0.0,0.0,0.0,0.0,0.0,0.0,0.0,0.0,0.0,0.0,0.0,0.0,0.0,0.0,0.0,0.0,0.0,0.0,0.0,0.0,0.0,0.0,0.0,0.0,0.0,0.0,0.0,0.0,0.0,0.0,0.0,0.0,0.0,0.0,0.0,0.0,0.0,0.0,0.0,0.0,0.0,0.0,0.0,0.0,0.0,0.0,231.39164575245613,231.39164575245613,231.39164575245613,0.0,0.0,0.0,-120.46301282181538,-120.46301282181538,-120.46301282181538,99.53964739357197,99.53964739357197,99.53964739357197,252.31501118069957,252.31501118069957,252.31501118069957,0.0,0.0,0.0,774.100154023206
2021-01-25,548.4501129079509,464.7304424531297,787.9370664827471,548.4501129079509,548.4501129079509,0.0,0.0,0.0,0.0,0.0,0.0,0.0,0.0,0.0,0.0,0.0,0.0,0.0,0.0,0.0,0.0,0.0,0.0,0.0,0.0,0.0,0.0,0.0,0.0,0.0,0.0,0.0,0.0,0.0,0.0,0.0,0.0,0.0,0.0,0.0,0.0,0.0,0.0,0.0,0.0,0.0,0.0,0.0,0.0,0.0,0.0,0.0,0.0,84.8249047919849,84.8249047919849,84.8249047919849,0.0,0.0,0.0,-118.37950889545026,-118.37950889545026,-118.37950889545026,-59.282452217254814,-59.282452217254814,-59.282452217254814,262.4868659046899,262.4868659046899,262.4868659046899,0.0,0.0,0.0,633.2750176999358
2021-01-26,554.1917175451522,346.0972874812467,690.1845426605727,554.1917175451522,554.1917175451522,0.0,0.0,0.0,0.0,0.0,0.0,0.0,0.0,0.0,0.0,0.0,0.0,0.0,0.0,0.0,0.0,0.0,0.0,0.0,0.0,0.0,0.0,0.0,0.0,0.0,0.0,0.0,0.0,0.0,0.0,0.0,0.0,0.0,0.0,0.0,0.0,0.0,0.0,0.0,0.0,0.0,0.0,0.0,0.0,0.0,0.0,0.0,0.0,-38.26934096415152,-38.26934096415152,-38.26934096415152,0.0,0.0,0.0,-108.28320231883554,-108.28320231883554,-108.28320231883554,-202.8748905173632,-202.8748905173632,-202.8748905173632,272.88875187204724,272.88875187204724,272.88875187204724,0.0,0.0,0.0,515.9223765810007
2021-01-27,559.9333221823533,413.4630684377566,740.3604729580944,559.9333221823533,559.9333221823533,0.0,0.0,0.0,0.0,0.0,0.0,0.0,0.0,0.0,0.0,0.0,0.0,0.0,0.0,0.0,0.0,0.0,0.0,0.0,0.0,0.0,0.0,0.0,0.0,0.0,0.0,0.0,0.0,0.0,0.0,0.0,0.0,0.0,0.0,0.0,0.0,0.0,0.0,0.0,0.0,0.0,0.0,0.0,0.0,0.0,0.0,0.0,0.0,11.684593344171967,11.684593344171967,11.684593344171967,0.0,0.0,0.0,-89.97010929123695,-89.97010929123695,-89.97010929123695,-181.7144759307853,-181.7144759307853,-181.7144759307853,283.36917856619425,283.36917856619425,283.36917856619425,0.0,0.0,0.0,571.6179155265253
2021-01-28,565.6749268195545,607.8648992976764,925.4180552158696,565.6749268195545,565.6749268195545,0.0,0.0,0.0,0.0,0.0,0.0,0.0,0.0,0.0,0.0,0.0,0.0,0.0,0.0,0.0,0.0,0.0,0.0,0.0,0.0,0.0,0.0,0.0,0.0,0.0,0.0,0.0,0.0,0.0,0.0,0.0,0.0,0.0,0.0,0.0,0.0,0.0,0.0,0.0,0.0,0.0,0.0,0.0,0.0,0.0,0.0,0.0,0.0,210.6632385572118,210.6632385572118,210.6632385572118,0.0,0.0,0.0,-66.23831792580425,-66.23831792580425,-66.23831792580425,-16.877812964038426,-16.877812964038426,-16.877812964038426,293.77936944705453,293.77936944705453,293.77936944705453,0.0,0.0,0.0,776.3381653767663
2021-01-29,571.4165314567557,817.4016379430291,1151.209155549297,571.4165314567557,571.4165314567557,0.0,0.0,0.0,0.0,0.0,0.0,0.0,0.0,0.0,0.0,0.0,0.0,0.0,0.0,0.0,0.0,0.0,0.0,0.0,0.0,0.0,0.0,0.0,0.0,0.0,0.0,0.0,0.0,0.0,0.0,0.0,0.0,0.0,0.0,0.0,0.0,0.0,0.0,0.0,0.0,0.0,0.0,0.0,0.0,0.0,0.0,0.0,0.0,414.9868032586544,414.9868032586544,414.9868032586544,0.0,0.0,0.0,-40.0985666556511,-40.0985666556511,-40.0985666556511,151.10859487130165,151.10859487130165,151.10859487130165,303.9767750430039,303.9767750430039,303.9767750430039,0.0,0.0,0.0,986.4033347154101
2021-01-30,577.158136093957,929.5365955480637,1247.9858783798034,577.158136093957,577.158136093957,0.0,0.0,0.0,0.0,0.0,0.0,0.0,0.0,0.0,0.0,0.0,0.0,0.0,0.0,0.0,0.0,0.0,0.0,0.0,0.0,0.0,0.0,0.0,0.0,0.0,0.0,0.0,0.0,0.0,0.0,0.0,0.0,0.0,0.0,0.0,0.0,0.0,0.0,0.0,0.0,0.0,0.0,0.0,0.0,0.0,0.0,0.0,0.0,510.89502923149183,510.89502923149183,510.89502923149183,0.0,0.0,0.0,-13.034689386220245,-13.034689386220245,-13.034689386220245,210.10138936401574,210.10138936401574,210.10138936401574,313.8283292536963,313.8283292536963,313.8283292536963,0.0,0.0,0.0,1088.0531653254488
2021-01-31,582.8997407311581,860.8133034809983,1172.7841644867788,582.8997407311581,582.8997407311581,0.0,0.0,0.0,0.0,0.0,0.0,0.0,0.0,0.0,0.0,0.0,0.0,0.0,0.0,0.0,0.0,0.0,0.0,0.0,0.0,0.0,0.0,0.0,0.0,0.0,0.0,0.0,0.0,0.0,0.0,0.0,0.0,0.0,0.0,0.0,0.0,0.0,0.0,0.0,0.0,0.0,0.0,0.0,0.0,0.0,0.0,0.0,0.0,437.32934510125887,437.32934510125887,437.32934510125887,0.0,0.0,0.0,14.576332718312326,14.576332718312326,14.576332718312326,99.53964739346146,99.53964739346146,99.53964739346146,323.21336498948506,323.21336498948506,323.21336498948506,0.0,0.0,0.0,1020.229085832417
2021-02-01,588.6413453683592,743.3157961408792,1064.8079331767442,588.6413453683592,588.6413453683592,0.0,0.0,0.0,0.0,0.0,0.0,0.0,0.0,0.0,0.0,0.0,0.0,0.0,0.0,0.0,0.0,0.0,0.0,0.0,0.0,0.0,0.0,0.0,0.0,0.0,0.0,0.0,0.0,0.0,0.0,0.0,0.0,0.0,0.0,0.0,0.0,0.0,0.0,0.0,0.0,0.0,0.0,0.0,0.0,0.0,0.0,0.0,0.0,314.84917627728817,314.84917627728817,314.84917627728817,0.0,0.0,0.0,42.10551230439469,42.10551230439469,42.10551230439469,-59.282452217364614,-59.282452217364614,-59.282452217364614,332.02611619025794,332.02611619025794,332.02611619025794,0.0,0.0,0.0,903.4905216456474
2021-02-02,594.3829500055605,631.4325655573789,965.4182881044236,594.3829500055605,594.3829500055605,0.0,0.0,0.0,0.0,0.0,0.0,0.0,0.0,0.0,0.0,0.0,0.0,0.0,0.0,0.0,0.0,0.0,0.0,0.0,0.0,0.0,0.0,0.0,0.0,0.0,0.0,0.0,0.0,0.0,0.0,0.0,0.0,0.0,0.0,0.0,0.0,0.0,0.0,0.0,0.0,0.0,0.0,0.0,0.0,0.0,0.0,0.0,0.0,205.50229122679735,205.50229122679735,205.50229122679735,0.0,0.0,0.0,68.19943560338514,68.19943560338514,68.19943560338514,-202.8748905171155,-202.8748905171155,-202.8748905171155,340.1777461405277,340.1777461405277,340.1777461405277,0.0,0.0,0.0,799.8852412323579
2021-02-03,600.1245546427616,705.8739850984924,1025.1573106267842,600.1245546427616,600.1245546427616,0.0,0.0,0.0,0.0,0.0,0.0,0.0,0.0,0.0,0.0,0.0,0.0,0.0,0.0,0.0,0.0,0.0,0.0,0.0,0.0,0.0,0.0,0.0,0.0,0.0,0.0,0.0,0.0,0.0,0.0,0.0,0.0,0.0,0.0,0.0,0.0,0.0,0.0,0.0,0.0,0.0,0.0,0.0,0.0,0.0,0.0,0.0,0.0,257.45707674106984,257.45707674106984,257.45707674106984,0.0,0.0,0.0,91.57369623130116,91.57369623130116,91.57369623130116,-181.7144759307201,-181.7144759307201,-181.7144759307201,347.59785644048884,347.59785644048884,347.59785644048884,0.0,0.0,0.0,857.5816313838314
2021-02-04,605.8661592799629,902.4187998157322,1225.6722215030893,605.8661592799629,605.8661592799629,0.0,0.0,0.0,0.0,0.0,0.0,0.0,0.0,0.0,0.0,0.0,0.0,0.0,0.0,0.0,0.0,0.0,0.0,0.0,0.0,0.0,0.0,0.0,0.0,0.0,0.0,0.0,0.0,0.0,0.0,0.0,0.0,0.0,0.0,0.0,0.0,0.0,0.0,0.0,0.0,0.0,0.0,0.0,0.0,0.0,0.0,0.0,0.0,449.14272650137434,449.14272650137434,449.14272650137434,0.0,0.0,0.0,111.78509289799293,111.78509289799293,111.78509289799293,-16.877812963930296,-16.877812963930296,-16.877812963930296,354.2354465673117,354.2354465673117,354.2354465673117,0.0,0.0,0.0,1055.008885781337
2021-02-05,611.607763917164,1085.9137986527512,1419.4124485496307,611.607763917164,611.607763917164,0.0,0.0,0.0,0.0,0.0,0.0,0.0,0.0,0.0,0.0,0.0,0.0,0.0,0.0,0.0,0.0,0.0,0.0,0.0,0.0,0.0,0.0,0.0,0.0,0.0,0.0,0.0,0.0,0.0,0.0,0.0,0.0,0.0,0.0,0.0,0.0,0.0,0.0,0.0,0.0,0.0,0.0,0.0,0.0,0.0,0.0,0.0,0.0,639.8935965987524,639.8935965987524,639.8935965987524,0.0,0.0,0.0,128.72569152100007,128.72569152100007,128.72569152100007,151.1085948713463,151.1085948713463,151.1085948713463,360.0593102064061,360.0593102064061,360.0593102064061,0.0,0.0,0.0,1251.5013605159165
2021-02-06,617.3493685543651,1166.3524061309483,1493.3858352261955,617.3493685543651,617.3493685543651,0.0,0.0,0.0,0.0,0.0,0.0,0.0,0.0,0.0,0.0,0.0,0.0,0.0,0.0,0.0,0.0,0.0,0.0,0.0,0.0,0.0,0.0,0.0,0.0,0.0,0.0,0.0,0.0,0.0,0.0,0.0,0.0,0.0,0.0,0.0,0.0,0.0,0.0,0.0,0.0,0.0,0.0,0.0,0.0,0.0,0.0,0.0,0.0,716.4152496602917,716.4152496602917,716.4152496602917,0.0,0.0,0.0,141.25598932784513,141.25598932784513,141.25598932784513,210.10138936416476,210.10138936416476,210.10138936416476,365.05787096828175,365.05787096828175,365.05787096828175,0.0,0.0,0.0,1333.7646182146568
2021-02-07,623.0909731915663,1073.506197882081,1398.4787485000165,623.0909731915663,623.0909731915663,0.0,0.0,0.0,0.0,0.0,0.0,0.0,0.0,0.0,0.0,0.0,0.0,0.0,0.0,0.0,0.0,0.0,0.0,0.0,0.0,0.0,0.0,0.0,0.0,0.0,0.0,0.0,0.0,0.0,0.0,0.0,0.0,0.0,0.0,0.0,0.0,0.0,0.0,0.0,0.0,0.0,0.0,0.0,0.0,0.0,0.0,0.0,0.0,615.5428279842919,615.5428279842919,615.5428279842919,0.0,0.0,0.0,146.7647043391567,146.7647043391567,146.7647043391567,99.53964739396172,99.53964739396172,99.53964739396172,369.23847625117344,369.23847625117344,369.23847625117344,0.0,0.0,0.0,1238.633801175858
2021-02-08,628.8325778287675,932.9036331140837,1249.5234510224664,628.8325778287675,628.8325778287675,0.0,0.0,0.0,0.0,0.0,0.0,0.0,0.0,0.0,0.0,0.0,0.0,0.0,0.0,0.0,0.0,0.0,0.0,0.0,0.0,0.0,0.0,0.0,0.0,0.0,0.0,0.0,0.0,0.0,0.0,0.0,0.0,0.0,0.0,0.0,0.0,0.0,0.0,0.0,0.0,0.0,0.0,0.0,0.0,0.0,0.0,0.0,0.0,456.1261353333752,456.1261353333752,456.1261353333752,0.0,0.0,0.0,142.7824041566859,142.7824041566859,142.7824041566859,-59.28245221749799,-59.28245221749799,-59.28245221749799,372.6261833941874,372.6261833941874,372.6261833941874,0.0,0.0,0.0,1084.9587131621427
2021-02-09,634.5741824659688,780.0537967242041,1087.0920216314503,634.5741824659688,634.5741824659688,0.0,0.0,0.0,0.0,0.0,0.0,0.0,0.0,0.0,0.0,0.0,0.0,0.0,0.0,0.0,0.0,0.0,0.0,0.0,0.0,0.0,0.0,0.0,0.0,0.0,0.0,0.0,0.0,0.0,0.0,0.0,0.0,0.0,0.0,0.0,0.0,0.0,0.0,0.0,0.0,0.0,0.0,0.0,0.0,0.0,0.0,0.0,0.0,301.9181505672351,301.9181505672351,301.9181505672351,0.0,0.0,0.0,129.5309546363594,129.5309546363594,129.5309546363594,-202.8748905171999,-202.8748905171999,-202.8748905171999,375.2620864480756,375.2620864480756,375.2620864480756,0.0,0.0,0.0,936.4923330332039
2021-02-10,640.3157871031699,784.4062415677635,1113.9859904128332,640.3157871031699,640.3157871031699,0.0,0.0,0.0,0.0,0.0,0.0,0.0,0.0,0.0,0.0,0.0,0.0,0.0,0.0,0.0,0.0,0.0,0.0,0.0,0.0,0.0,0.0,0.0,0.0,0.0,0.0,0.0,0.0,0.0,0.0,0.0,0.0,0.0,0.0,0.0,0.0,0.0,0.0,0.0,0.0,0.0,0.0,0.0,0.0,0.0,0.0,0.0,0.0,306.2734701769819,306.2734701769819,306.2734701769819,0.0,0.0,0.0,110.786701643226,110.786701643226,110.786701643226,-181.714475930605,-181.714475930605,-181.714475930605,377.20124446436085,377.20124446436085,377.20124446436085,0.0,0.0,0.0,946.5892572801517
2021-02-11,646.057391740371,937.4376151977156,1267.4269668540196,646.057391740371,646.057391740371,0.0,0.0,0.0,0.0,0.0,0.0,0.0,0.0,0.0,0.0,0.0,0.0,0.0,0.0,0.0,0.0,0.0,0.0,0.0,0.0,0.0,0.0,0.0,0.0,0.0,0.0,0.0,0.0,0.0,0.0,0.0,0.0,0.0,0.0,0.0,0.0,0.0,0.0,0.0,0.0,0.0,0.0,0.0,0.0,0.0,0.0,0.0,0.0,453.16341247242667,453.16341247242667,453.16341247242667,0.0,0.0,0.0,91.53094261922297,91.53094261922297,91.53094261922297,-16.877812963773035,-16.877812963773035,-16.877812963773035,378.51028281697677,378.51028281697677,378.51028281697677,0.0,0.0,0.0,1099.2208042127977
2021-02-12,651.7989963775723,1098.5693312228527,1423.656394115765,651.7989963775723,651.7989963775723,0.0,0.0,0.0,0.0,0.0,0.0,0.0,0.0,0.0,0.0,0.0,0.0,0.0,0.0,0.0,0.0,0.0,0.0,0.0,0.0,0.0,0.0,0.0,0.0,0.0,0.0,0.0,0.0,0.0,0.0,0.0,0.0,0.0,0.0,0.0,0.0,0.0,0.0,0.0,0.0,0.0,0.0,0.0,0.0,0.0,0.0,0.0,0.0,604.2523252617061,604.2523252617061,604.2523252617061,0.0,0.0,0.0,73.8789829608712,73.8789829608712,73.8789829608712,151.10859487146823,151.10859487146823,151.10859487146823,379.2647474293668,379.2647474293668,379.2647474293668,0.0,0.0,0.0,1256.0513216392783
2021-02-13,657.5406010147733,1133.6534950555656,1465.7413322391458,657.5406010147733,657.5406010147733,0.0,0.0,0.0,0.0,0.0,0.0,0.0,0.0,0.0,0.0,0.0,0.0,0.0,0.0,0.0,0.0,0.0,0.0,0.0,0.0,0.0,0.0,0.0,0.0,0.0,0.0,0.0,0.0,0.0,0.0,0.0,0.0,0.0,0.0,0.0,0.0,0.0,0.0,0.0,0.0,0.0,0.0,0.0,0.0,0.0,0.0,0.0,0.0,644.5446189742056,644.5446189742056,644.5446189742056,0.0,0.0,0.0,54.89693195078596,54.89693195078596,54.89693195078596,210.10138936412602,210.10138936412602,210.10138936412602,379.54629765929366,379.54629765929366,379.54629765929366,0.0,0.0,0.0,1302.085219988979
2021-02-14,663.5236057111031,1005.4395988071909,1328.2924888559035,663.5236057111031,663.5236057111031,0.0,0.0,0.0,0.0,0.0,0.0,0.0,0.0,0.0,0.0,0.0,0.0,0.0,0.0,0.0,0.0,0.0,0.0,0.0,0.0,0.0,0.0,0.0,0.0,0.0,0.0,0.0,0.0,0.0,0.0,0.0,0.0,0.0,0.0,0.0,0.0,0.0,0.0,0.0,0.0,0.0,0.0,0.0,0.0,0.0,0.0,0.0,0.0,507.79625872671676,507.79625872671676,507.79625872671676,0.0,0.0,0.0,28.816784487836397,28.816784487836397,28.816784487836397,99.5396473938512,99.5396473938512,99.5396473938512,379.43982684502913,379.43982684502913,379.43982684502913,0.0,0.0,0.0,1171.31986443782
2021-02-15,669.5066104074327,825.5817914544742,1159.1960443183227,669.5066104074327,669.5066104074327,0.0,0.0,0.0,0.0,0.0,0.0,0.0,0.0,0.0,0.0,0.0,0.0,0.0,0.0,0.0,0.0,0.0,0.0,0.0,0.0,0.0,0.0,0.0,0.0,0.0,0.0,0.0,0.0,0.0,0.0,0.0,0.0,0.0,0.0,0.0,0.0,0.0,0.0,0.0,0.0,0.0,0.0,0.0,0.0,0.0,15.586468002320645,15.586468002320645,15.586468002320645,327.7700457048154,327.7700457048154,327.7700457048154,15.586468002320645,15.586468002320645,15.586468002320645,-7.564570148722738,-7.564570148722738,-7.564570148722738,-59.28245221760778,-59.28245221760778,-59.28245221760778,379.0306000688253,379.0306000688253,379.0306000688253,0.0,0.0,0.0,997.2766561122481
2021-02-16,675.4896151037625,634.0388724377992,961.1211087585245,675.4896151037625,675.4896151037625,0.0,0.0,0.0,0.0,0.0,0.0,0.0,0.0,0.0,0.0,0.0,0.0,0.0,0.0,0.0,0.0,0.0,0.0,0.0,0.0,0.0,0.0,0.0,0.0,0.0,0.0,0.0,0.0,0.0,0.0,0.0,0.0,0.0,0.0,0.0,0.0,0.0,0.0,0.0,0.0,0.0,0.0,0.0,0.0,0.0,0.0,0.0,0.0,124.88580220611682,124.88580220611682,124.88580220611682,0.0,0.0,0.0,-50.64080383397288,-50.64080383397288,-50.64080383397288,-202.87489051720274,-202.87489051720274,-202.87489051720274,378.40149655729243,378.40149655729243,378.40149655729243,0.0,0.0,0.0,800.3754173098794
2021-02-17,681.4726198000923,613.0466940743199,929.1466270704565,681.4726198000923,681.4726198000923,0.0,0.0,0.0,0.0,0.0,0.0,0.0,0.0,0.0,0.0,0.0,0.0,0.0,0.0,0.0,0.0,0.0,0.0,0.0,0.0,0.0,0.0,0.0,0.0,0.0,0.0,0.0,0.0,0.0,0.0,0.0,0.0,0.0,0.0,0.0,0.0,0.0,0.0,0.0,0.0,0.0,0.0,0.0,0.0,0.0,0.0,0.0,0.0,105.14046866050572,105.14046866050572,105.14046866050572,0.0,0.0,0.0,-90.77549481100057,-90.77549481100057,-90.77549481100057,-181.71447593058966,-181.71447593058966,-181.71447593058966,377.630439402096,377.630439402096,377.630439402096,0.0,0.0,0.0,786.613088460598
2021-02-18,687.455624496422,772.1883940014636,1094.1981973978982,687.455624496422,687.455624496422,0.0,0.0,0.0,0.0,0.0,0.0,0.0,0.0,0.0,0.0,0.0,0.0,0.0,0.0,0.0,0.0,0.0,0.0,0.0,0.0,0.0,0.0,0.0,0.0,0.0,0.0,0.0,0.0,0.0,0.0,0.0,0.0,0.0,0.0,0.0,0.0,0.0,0.0,0.0,0.0,0.0,0.0,0.0,0.0,0.0,0.0,0.0,0.0,241.89704530639779,241.89704530639779,241.89704530639779,0.0,0.0,0.0,-118.01322984613098,-118.01322984613098,-118.01322984613098,-16.877812964420276,-16.877812964420276,-16.877812964420276,376.788088116949,376.788088116949,376.788088116949,0.0,0.0,0.0,929.3526698028198
2021-02-19,693.4386291927518,935.5999837203412,1250.3398110430549,693.4386291927518,693.4386291927518,0.0,0.0,0.0,0.0,0.0,0.0,0.0,0.0,0.0,0.0,0.0,0.0,0.0,0.0,0.0,0.0,0.0,0.0,0.0,0.0,0.0,0.0,0.0,0.0,0.0,0.0,0.0,0.0,0.0,0.0,0.0,0.0,0.0,0.0,0.0,0.0,0.0,0.0,0.0,0.0,0.0,0.0,0.0,0.0,0.0,0.0,0.0,0.0,398.5682835070099,398.5682835070099,398.5682835070099,0.0,0.0,0.0,-128.4761715477486,-128.4761715477486,-128.4761715477486,151.10859487155153,151.10859487155153,151.10859487155153,375.93586018320696,375.93586018320696,375.93586018320696,0.0,0.0,0.0,1092.0069126997616
2021-02-20,699.4216338890815,1006.4966409679619,1332.595911064422,699.4216338890815,699.4216338890815,0.0,0.0,0.0,0.0,0.0,0.0,0.0,0.0,0.0,0.0,0.0,0.0,0.0,0.0,0.0,0.0,0.0,0.0,0.0,0.0,0.0,0.0,0.0,0.0,0.0,0.0,0.0,0.0,0.0,0.0,0.0,0.0,0.0,0.0,0.0,0.0,0.0,0.0,0.0,0.0,0.0,0.0,0.0,0.0,0.0,0.0,0.0,0.0,458.74301099431955,458.74301099431955,458.74301099431955,0.0,0.0,0.0,-126.48271484953615,-126.48271484953615,-126.48271484953615,210.10138936408725,210.10138936408725,210.10138936408725,375.12433647976843,375.12433647976843,375.12433647976843,0.0,0.0,0.0,1158.164644883401
2021-02-21,705.4046385854111,889.4468904626091,1213.2555485103271,705.4046385854111,705.4046385854111,0.0,0.0,0.0,0.0,0.0,0.0,0.0,0.0,0.0,0.0,0.0,0.0,0.0,0.0,0.0,0.0,0.0,0.0,0.0,0.0,0.0,0.0,0.0,0.0,0.0,0.0,0.0,0.0,0.0,0.0,0.0,0.0,0.0,0.0,0.0,0.0,0.0,0.0,0.0,0.0,0.0,0.0,0.0,0.0,0.0,0.0,0.0,0.0,353.0962205999952,353.0962205999952,353.0962205999952,0.0,0.0,0.0,-120.83551949207056,-120.83551949207056,-120.83551949207056,99.53964739373899,99.53964739373899,99.53964739373899,374.3920926983268,374.3920926983268,374.3920926983268,0.0,0.0,0.0,1058.5008591854064
2021-02-22,711.3876432817408,747.0109009038605,1066.3731761222393,711.3876432817408,711.3876432817408,0.0,0.0,0.0,0.0,0.0,0.0,0.0,0.0,0.0,0.0,0.0,0.0,0.0,0.0,0.0,0.0,0.0,0.0,0.0,0.0,0.0,0.0,0.0,0.0,0.0,0.0,0.0,0.0,0.0,0.0,0.0,0.0,0.0,0.0,0.0,0.0,0.0,0.0,0.0,0.0,0.0,0.0,0.0,0.0,0.0,0.0,0.0,0.0,196.12251673537608,196.12251673537608,196.12251673537608,0.0,0.0,0.0,-118.36001595908871,-118.36001595908871,-118.36001595908871,-59.28245221774119,-59.28245221774119,-59.28245221774119,373.764984912206,373.764984912206,373.764984912206,0.0,0.0,0.0,907.5101600171168
2021-02-23,717.3706479780706,610.7271174273702,919.794332212589,717.3706479780706,717.3706479780706,0.0,0.0,0.0,0.0,0.0,0.0,0.0,0.0,0.0,0.0,0.0,0.0,0.0,0.0,0.0,0.0,0.0,0.0,0.0,0.0,0.0,0.0,0.0,0.0,0.0,0.0,0.0,0.0,0.0,0.0,0.0,0.0,0.0,0.0,0.0,0.0,0.0,0.0,0.0,0.0,0.0,0.0,0.0,0.0,0.0,0.0,0.0,0.0,50.66880286316725,50.66880286316725,50.66880286316725,0.0,0.0,0.0,-119.71220944513033,-119.71220944513033,-119.71220944513033,-202.8748905169958,-202.8748905169958,-202.8748905169958,373.2559028252934,373.2559028252934,373.2559028252934,0.0,0.0,0.0,768.0394508412378
2021-02-24,723.3536526744003,631.3987339226355,965.0839036103752,723.3536526744003,723.3536526744003,0.0,0.0,0.0,0.0,0.0,0.0,0.0,0.0,0.0,0.0,0.0,0.0,0.0,0.0,0.0,0.0,0.0,0.0,0.0,0.0,0.0,0.0,0.0,0.0,0.0,0.0,0.0,0.0,0.0,0.0,0.0,0.0,0.0,0.0,0.0,0.0,0.0,0.0,0.0,0.0,0.0,0.0,0.0,0.0,0.0,0.0,0.0,0.0,70.9097196368713,70.9097196368713,70.9097196368713,0.0,0.0,0.0,-120.2407937605355,-120.2407937605355,-120.2407937605355,-181.71447593047455,-181.71447593047455,-181.71447593047455,372.8649893278813,372.8649893278813,372.8649893278813,0.0,0.0,0.0,794.2633723112716
2021-02-25,729.3366573707301,810.7594667434153,1127.054995967787,729.3366573707301,729.3366573707301,0.0,0.0,0.0,0.0,0.0,0.0,0.0,0.0,0.0,0.0,0.0,0.0,0.0,0.0,0.0,0.0,0.0,0.0,0.0,0.0,0.0,0.0,0.0,0.0,0.0,0.0,0.0,0.0,0.0,0.0,0.0,0.0,0.0,0.0,0.0,0.0,0.0,0.0,0.0,0.0,0.0,0.0,0.0,0.0,0.0,0.0,0.0,0.0,241.2586019447816,241.2586019447816,241.2586019447816,0.0,0.0,0.0,-114.44389537142082,-114.44389537142082,-114.44389537142082,-16.87781296426302,-16.87781296426302,-16.87781296426302,372.58031028046537,372.58031028046537,372.58031028046537,0.0,0.0,0.0,970.5952593155117
2021-02-26,735.3196620670599,1001.8368137983214,1316.34916461922,735.3196620670599,735.3196620670599,0.0,0.0,0.0,0.0,0.0,0.0,0.0,0.0,0.0,0.0,0.0,0.0,0.0,0.0,0.0,0.0,0.0,0.0,0.0,0.0,0.0,0.0,0.0,0.0,0.0,0.0,0.0,0.0,0.0,0.0,0.0,0.0,0.0,0.0,0.0,0.0,0.0,0.0,0.0,0.0,0.0,0.0,0.0,0.0,0.0,0.0,0.0,0.0,423.4699036488985,423.4699036488985,423.4699036488985,0.0,0.0,0.0,-100.01763560359358,-100.01763560359358,-100.01763560359358,151.10859487167346,151.10859487167346,151.10859487167346,372.3789443808186,372.3789443808186,372.3789443808186,0.0,0.0,0.0,1158.7895657159584
2021-02-27,741.3026667633895,1081.2908554490996,1403.12737834751,741.3026667633895,741.3026667633895,0.0,0.0,0.0,0.0,0.0,0.0,0.0,0.0,0.0,0.0,0.0,0.0,0.0,0.0,0.0,0.0,0.0,0.0,0.0,0.0,0.0,0.0,0.0,0.0,0.0,0.0,0.0,0.0,0.0,0.0,0.0,0.0,0.0,0.0,0.0,0.0,0.0,0.0,0.0,0.0,0.0,0.0,0.0,0.0,0.0,0.0,0.0,0.0,503.7625452825364,503.7625452825364,503.7625452825364,0.0,0.0,0.0,-78.56729404792935,-78.56729404792935,-78.56729404792935,210.10138936406898,210.10138936406898,210.10138936406898,372.2284499663967,372.2284499663967,372.2284499663967,0.0,0.0,0.0,1245.0652120459258
2021-02-28,747.2856714597192,1005.3738294704485,1326.0549341687665,747.2856714597192,747.2856714597192,0.0,0.0,0.0,0.0,0.0,0.0,0.0,0.0,0.0,0.0,0.0,0.0,0.0,0.0,0.0,0.0,0.0,0.0,0.0,0.0,0.0,0.0,0.0,0.0,0.0,0.0,0.0,0.0,0.0,0.0,0.0,0.0,0.0,0.0,0.0,0.0,0.0,0.0,0.0,0.0,0.0,0.0,0.0,0.0,0.0,0.0,0.0,0.0,418.29200791247695,418.29200791247695,418.29200791247695,0.0,0.0,0.0,-53.33629353303481,-53.33629353303481,-53.33629353303481,99.53964739363022,99.53964739363022,99.53964739363022,372.0886540518816,372.0886540518816,372.0886540518816,0.0,0.0,0.0,1165.5776793721961
2021-03-01,753.268676156049,872.6059349925312,1199.4103206768361,753.268676156049,753.268676156049,0.0,0.0,0.0,0.0,0.0,0.0,0.0,0.0,0.0,0.0,0.0,0.0,0.0,0.0,0.0,0.0,0.0,0.0,0.0,0.0,0.0,0.0,0.0,0.0,0.0,0.0,0.0,0.0,0.0,0.0,0.0,0.0,0.0,0.0,0.0,0.0,0.0,0.0,0.0,0.0,0.0,0.0,0.0,0.0,0.0,0.0,0.0,0.0,285.9821075374309,285.9821075374309,285.9821075374309,0.0,0.0,0.0,-26.649139388515234,-26.649139388515234,-26.649139388515234,-59.28245221716952,-59.28245221716952,-59.28245221716952,371.91369914311576,371.91369914311576,371.91369914311576,0.0,0.0,0.0,1039.25078369348
2021-03-02,759.2516808523786,762.7050028179614,1091.0295355257367,759.2516808523786,759.2516808523786,0.0,0.0,0.0,0.0,0.0,0.0,0.0,0.0,0.0,0.0,0.0,0.0,0.0,0.0,0.0,0.0,0.0,0.0,0.0,0.0,0.0,0.0,0.0,0.0,0.0,0.0,0.0,0.0,0.0,0.0,0.0,0.0,0.0,0.0,0.0,0.0,0.0,0.0,0.0,0.0,0.0,0.0,0.0,0.0,0.0,0.0,0.0,0.0,169.50216601548883,169.50216601548883,169.50216601548883,0.0,0.0,0.0,0.7227808428633067,0.7227808428633067,0.7227808428633067,-202.87489051699865,-202.87489051699865,-202.87489051699865,371.65427568962406,371.65427568962406,371.65427568962406,0.0,0.0,0.0,928.7538468678674
2021-03-03,765.2346855487084,819.8538916742125,1144.1120806763317,765.2346855487084,765.2346855487084,0.0,0.0,0.0,0.0,0.0,0.0,0.0,0.0,0.0,0.0,0.0,0.0,0.0,0.0,0.0,0.0,0.0,0.0,0.0,0.0,0.0,0.0,0.0,0.0,0.0,0.0,0.0,0.0,0.0,0.0,0.0,0.0,0.0,0.0,0.0,0.0,0.0,0.0,0.0,0.0,0.0,0.0,0.0,0.0,0.0,0.0,0.0,0.0,217.96933907154695,217.96933907154695,217.96933907154695,0.0,0.0,0.0,28.423852341722196,28.423852341722196,28.423852341722196,-181.71447593035947,-181.71447593035947,-181.71447593035947,371.2599626601842,371.2599626601842,371.2599626601842,0.0,0.0,0.0,983.2040246202554
2021-03-04,771.2176902450382,1021.5057008541155,1342.0879782279771,771.2176902450382,771.2176902450382,0.0,0.0,0.0,0.0,0.0,0.0,0.0,0.0,0.0,0.0,0.0,0.0,0.0,0.0,0.0,0.0,0.0,0.0,0.0,0.0,0.0,0.0,0.0,0.0,0.0,0.0,0.0,0.0,0.0,0.0,0.0,0.0,0.0,0.0,0.0,0.0,0.0,0.0,0.0,0.0,0.0,0.0,0.0,0.0,0.0,0.0,0.0,0.0,409.2310082998068,409.2310082998068,409.2310082998068,0.0,0.0,0.0,55.42722546229432,55.42722546229432,55.42722546229432,-16.877812964154884,-16.877812964154884,-16.877812964154884,370.68159580166736,370.68159580166736,370.68159580166736,0.0,0.0,0.0,1180.448698544845
2021-03-05,777.2006949413679,1219.2388068641387,1536.8374938012348,777.2006949413679,777.2006949413679,0.0,0.0,0.0,0.0,0.0,0.0,0.0,0.0,0.0,0.0,0.0,0.0,0.0,0.0,0.0,0.0,0.0,0.0,0.0,0.0,0.0,0.0,0.0,0.0,0.0,0.0,0.0,0.0,0.0,0.0,0.0,0.0,0.0,0.0,0.0,0.0,0.0,0.0,0.0,0.0,0.0,0.0,0.0,0.0,0.0,0.0,0.0,0.0,601.2576259154959,601.2576259154959,601.2576259154959,0.0,0.0,0.0,80.27544829875704,80.27544829875704,80.27544829875704,151.10859487121095,151.10859487121095,151.10859487121095,369.8735827455278,369.8735827455278,369.8735827455278,0.0,0.0,0.0,1378.4583208568638
2021-03-06,783.1836996376977,1308.0398013041656,1638.7144950461502,783.1836996376977,783.1836996376977,0.0,0.0,0.0,0.0,0.0,0.0,0.0,0.0,0.0,0.0,0.0,0.0,0.0,0.0,0.0,0.0,0.0,0.0,0.0,0.0,0.0,0.0,0.0,0.0,0.0,0.0,0.0,0.0,0.0,0.0,0.0,0.0,0.0,0.0,0.0,0.0,0.0,0.0,0.0,0.0,0.0,0.0,0.0,0.0,0.0,0.0,0.0,0.0,680.9712486978036,680.9712486978036,680.9712486978036,0.0,0.0,0.0,102.07377307511159,102.07377307511159,102.07377307511159,210.10138936415652,210.10138936415652,210.10138936415652,368.79608625853564,368.79608625853564,368.79608625853564,0.0,0.0,0.0,1464.1549483355013
2021-03-07,789.1667043340273,1214.0402591578224,1543.7315169884278,789.1667043340273,789.1667043340273,0.0,0.0,0.0,0.0,0.0,0.0,0.0,0.0,0.0,0.0,0.0,0.0,0.0,0.0,0.0,0.0,0.0,0.0,0.0,0.0,0.0,0.0,0.0,0.0,0.0,0.0,0.0,0.0,0.0,0.0,0.0,0.0,0.0,0.0,0.0,0.0,0.0,0.0,0.0,0.0,0.0,0.0,0.0,0.0,0.0,0.0,0.0,0.0,587.6535188558471,587.6535188558471,587.6535188558471,0.0,0.0,0.0,120.69686994447828,120.69686994447828,120.69686994447828,99.53964739351798,99.53964739351798,99.53964739351798,367.4170015178508,367.4170015178508,367.4170015178508,0.0,0.0,0.0,1376.8202231898745
2021-03-08,795.1497090303569,1072.2060365314824,1396.3240775240824,795.1497090303569,795.1497090303569,0.0,0.0,0.0,0.0,0.0,0.0,0.0,0.0,0.0,0.0,0.0,0.0,0.0,0.0,0.0,0.0,0.0,0.0,0.0,0.0,0.0,0.0,0.0,0.0,0.0,0.0,0.0,0.0,0.0,0.0,0.0,0.0,0.0,0.0,0.0,0.0,0.0,0.0,0.0,0.0,0.0,0.0,0.0,0.0,0.0,0.0,0.0,0.0,442.1109924834122,442.1109924834122,442.1109924834122,0.0,0.0,0.0,135.67978452798508,135.67978452798508,135.67978452798508,-59.28245221730291,-59.28245221730291,-59.28245221730291,365.7136601727301,365.7136601727301,365.7136601727301,0.0,0.0,0.0,1237.2607015137692
2021-03-09,801.1327137266867,945.8688127217364,1288.5385473094282,801.1327137266867,801.1327137266867,0.0,0.0,0.0,0.0,0.0,0.0,0.0,0.0,0.0,0.0,0.0,0.0,0.0,0.0,0.0,0.0,0.0,0.0,0.0,0.0,0.0,0.0,0.0,0.0,0.0,0.0,0.0,0.0,0.0,0.0,0.0,0.0,0.0,0.0,0.0,0.0,0.0,0.0,0.0,0.0,0.0,0.0,0.0,0.0,0.0,0.0,0.0,0.0,305.8763065949166,305.8763065949166,305.8763065949166,0.0,0.0,0.0,145.07699419525954,145.07699419525954,145.07699419525954,-202.87489051708303,-202.87489051708303,-202.87489051708303,363.6742029167402,363.6742029167402,363.6742029167402,0.0,0.0,0.0,1107.0090203216032
2021-03-10,807.1157184230165,956.3646106025774,1290.153393295503,807.1157184230165,807.1157184230165,0.0,0.0,0.0,0.0,0.0,0.0,0.0,0.0,0.0,0.0,0.0,0.0,0.0,0.0,0.0,0.0,0.0,0.0,0.0,0.0,0.0,0.0,0.0,0.0,0.0,0.0,0.0,0.0,0.0,0.0,0.0,0.0,0.0,0.0,0.0,0.0,0.0,0.0,0.0,0.0,0.0,0.0,0.0,0.0,0.0,0.0,0.0,0.0,325.6180378753932,325.6180378753932,325.6180378753932,0.0,0.0,0.0,146.03394075445598,146.03394075445598,146.03394075445598,-181.71447593029424,-181.71447593029424,-181.71447593029424,361.2985730512315,361.2985730512315,361.2985730512315,0.0,0.0,0.0,1132.7337562984096
2021-03-11,813.0987231193462,1134.5270125144636,1466.280633977331,813.0987231193462,813.0987231193462,0.0,0.0,0.0,0.0,0.0,0.0,0.0,0.0,0.0,0.0,0.0,0.0,0.0,0.0,0.0,0.0,0.0,0.0,0.0,0.0,0.0,0.0,0.0,0.0,0.0,0.0,0.0,0.0,0.0,0.0,0.0,0.0,0.0,0.0,0.0,0.0,0.0,0.0,0.0,0.0,0.0,0.0,0.0,0.0,0.0,0.0,0.0,0.0,478.87194511726204,478.87194511726204,478.87194511726204,0.0,0.0,0.0,137.1506623429306,137.1506623429306,137.1506623429306,-16.8778129639485,-16.8778129639485,-16.8778129639485,358.59909573828,358.59909573828,358.59909573828,0.0,0.0,0.0,1291.9706682366082
2021-03-12,819.081727815676,1279.0196142974346,1589.088156842969,819.081727815676,819.081727815676,0.0,0.0,0.0,0.0,0.0,0.0,0.0,0.0,0.0,0.0,0.0,0.0,0.0,0.0,0.0,0.0,0.0,0.0,0.0,0.0,0.0,0.0,0.0,0.0,0.0,0.0,0.0,0.0,0.0,0.0,0.0,0.0,0.0,0.0,0.0,0.0,0.0,0.0,0.0,0.0,0.0,0.0,0.0,0.0,0.0,0.0,0.0,0.0,627.2242723011074,627.2242723011074,627.2242723011074,0.0,0.0,0.0,120.51505649176566,120.51505649176566,120.51505649176566,151.10859487129423,151.10859487129423,151.10859487129423,355.6006209380474,355.6006209380474,355.6006209380474,0.0,0.0,0.0,1446.3060001167833
2021-03-13,825.0647325120058,1330.753417406109,1658.3242393260462,825.0647325120058,825.0647325120058,0.0,0.0,0.0,0.0,0.0,0.0,0.0,0.0,0.0,0.0,0.0,0.0,0.0,0.0,0.0,0.0,0.0,0.0,0.0,0.0,0.0,0.0,0.0,0.0,0.0,0.0,0.0,0.0,0.0,0.0,0.0,0.0,0.0,0.0,0.0,0.0,0.0,0.0,0.0,0.0,0.0,0.0,0.0,0.0,0.0,0.0,0.0,0.0,663.4209193461301,663.4209193461301,663.4209193461301,0.0,0.0,0.0,100.97930799021464,100.97930799021464,100.97930799021464,210.1013893641587,210.1013893641587,210.1013893641587,352.34022199175666,352.34022199175666,352.34022199175666,0.0,0.0,0.0,1488.485651858136
2021-03-14,831.0477372083354,1202.3208718170324,1527.253147569828,831.0477372083354,831.0477372083354,0.0,0.0,0.0,0.0,0.0,0.0,0.0,0.0,0.0,0.0,0.0,0.0,0.0,0.0,0.0,0.0,0.0,0.0,0.0,0.0,0.0,0.0,0.0,0.0,0.0,0.0,0.0,0.0,0.0,0.0,0.0,0.0,0.0,0.0,0.0,0.0,0.0,0.0,0.0,0.0,0.0,0.0,0.0,0.0,0.0,0.0,0.0,0.0,530.9784588067442,530.9784588067442,530.9784588067442,0.0,0.0,0.0,82.57235539681253,82.57235539681253,82.57235539681253,99.53964739340574,99.53964739340574,99.53964739340574,348.86645601652594,348.86645601652594,348.86645601652594,0.0,0.0,0.0,1362.0261960150797
2021-03-15,837.0307419046651,1019.8908918267774,1356.1631718925855,837.0307419046651,837.0307419046651,0.0,0.0,0.0,0.0,0.0,0.0,0.0,0.0,0.0,0.0,0.0,0.0,0.0,0.0,0.0,0.0,0.0,0.0,0.0,0.0,0.0,0.0,0.0,0.0,0.0,0.0,0.0,0.0,0.0,0.0,0.0,0.0,0.0,0.0,0.0,0.0,0.0,0.0,0.0,0.0,0.0,0.0,0.0,0.0,0.0,0.0,0.0,0.0,350.8604918859817,350.8604918859817,350.8604918859817,0.0,0.0,0.0,64.90473781829184,64.90473781829184,64.90473781829184,-59.2824522174127,-59.2824522174127,-59.2824522174127,345.23820628510254,345.23820628510254,345.23820628510254,0.0,0.0,0.0,1187.8912337906468
2021-03-16,843.0137466009948,869.8959391851487,1187.523851627351,843.0137466009948,843.0137466009948,0.0,0.0,0.0,0.0,0.0,0.0,0.0,0.0,0.0,0.0,0.0,0.0,0.0,0.0,0.0,0.0,0.0,0.0,0.0,0.0,0.0,0.0,0.0,0.0,0.0,0.0,0.0,0.0,0.0,0.0,0.0,0.0,0.0,0.0,0.0,0.0,0.0,0.0,0.0,0.0,0.0,0.0,0.0,0.0,0.0,0.0,0.0,0.0,181.7203735008303,181.7203735008303,181.7203735008303,0.0,0.0,0.0,43.072123874249634,43.072123874249634,43.072123874249634,-202.87489051712666,-202.87489051712666,-202.87489051712666,341.5231401437073,341.5231401437073,341.5231401437073,0.0,0.0,0.0,1024.734120101825
2021-03-17,848.9967512973245,864.4357472347023,1171.7134381367482,848.9967512973245,848.9967512973245,0.0,0.0,0.0,0.0,0.0,0.0,0.0,0.0,0.0,0.0,0.0,0.0,0.0,0.0,0.0,0.0,0.0,0.0,0.0,0.0,0.0,0.0,0.0,0.0,0.0,0.0,0.0,0.0,0.0,0.0,0.0,0.0,0.0,0.0,0.0,0.0,0.0,0.0,0.0,0.0,0.0,0.0,0.0,0.0,0.0,0.0,0.0,0.0,167.94986577736336,167.94986577736336,167.94986577736336,0.0,0.0,0.0,11.868513343183237,11.868513343183237,11.868513343183237,-181.71447593060083,-181.71447593060083,-181.71447593060083,337.79582836478096,337.79582836478096,337.79582836478096,0.0,0.0,0.0,1016.9466170746879
2021-03-18,854.9797559936543,974.3283097325833,1298.0010346037834,854.9797559936543,854.9797559936543,0.0,0.0,0.0,0.0,0.0,0.0,0.0,0.0,0.0,0.0,0.0,0.0,0.0,0.0,0.0,0.0,0.0,0.0,0.0,0.0,0.0,0.0,0.0,0.0,0.0,0.0,0.0,0.0,0.0,0.0,0.0,0.0,0.0,0.0,0.0,0.0,0.0,0.0,0.0,0.0,0.0,0.0,0.0,0.0,0.0,0.0,0.0,0.0,288.48104218955206,288.48104218955206,288.48104218955206,0.0,0.0,0.0,-28.77672760796131,-28.77672760796131,-28.77672760796131,-16.877812963840366,-16.877812963840366,-16.877812963840366,334.1355827613538,334.1355827613538,334.1355827613538,0.0,0.0,0.0,1143.4607981832064
2021-03-19,860.9627606899841,1105.4841183036294,1421.3178073911786,860.9627606899841,860.9627606899841,0.0,0.0,0.0,0.0,0.0,0.0,0.0,0.0,0.0,0.0,0.0,0.0,0.0,0.0,0.0,0.0,0.0,0.0,0.0,0.0,0.0,0.0,0.0,0.0,0.0,0.0,0.0,0.0,0.0,0.0,0.0,0.0,0.0,0.0,0.0,0.0,0.0,0.0,0.0,0.0,0.0,0.0,0.0,0.0,0.0,0.0,0.0,0.0,409.95659169916416,409.95659169916416,409.95659169916416,0.0,0.0,0.0,-71.77608124490332,-71.77608124490332,-71.77608124490332,151.1085948713775,151.1085948713775,151.1085948713775,330.6240780726901,330.6240780726901,330.6240780726901,0.0,0.0,0.0,1270.9193523891481
2021-03-20,866.9457653863138,1134.9691492516952,1468.669676054211,866.9457653863138,866.9457653863138,0.0,0.0,0.0,0.0,0.0,0.0,0.0,0.0,0.0,0.0,0.0,0.0,0.0,0.0,0.0,0.0,0.0,0.0,0.0,0.0,0.0,0.0,0.0,0.0,0.0,0.0,0.0,0.0,0.0,0.0,0.0,0.0,0.0,0.0,0.0,0.0,0.0,0.0,0.0,0.0,0.0,0.0,0.0,0.0,0.0,0.0,0.0,0.0,430.99809622726576,430.99809622726576,430.99809622726576,0.0,0.0,0.0,-106.44612442304161,-106.44612442304161,-106.44612442304161,210.10138936411994,210.10138936411994,210.10138936411994,327.3428312861874,327.3428312861874,327.3428312861874,0.0,0.0,0.0,1297.9438616135797
2021-03-21,872.9287700826435,1000.2356598879888,1332.4609552195568,872.9287700826435,872.9287700826435,0.0,0.0,0.0,0.0,0.0,0.0,0.0,0.0,0.0,0.0,0.0,0.0,0.0,0.0,0.0,0.0,0.0,0.0,0.0,0.0,0.0,0.0,0.0,0.0,0.0,0.0,0.0,0.0,0.0,0.0,0.0,0.0,0.0,0.0,0.0,0.0,0.0,0.0,0.0,0.0,0.0,0.0,0.0,0.0,0.0,0.0,0.0,0.0,298.6647467007447,298.6647467007447,298.6647467007447,0.0,0.0,0.0,-125.24551716432397,-125.24551716432397,-125.24551716432397,99.53964739329524,99.53964739329524,99.53964739329524,324.3706164717734,324.3706164717734,324.3706164717734,0.0,0.0,0.0,1171.5935167833882
2021-03-22,878.9117747789732,843.3449311469959,1176.6555312005446,878.9117747789732,878.9117747789732,0.0,0.0,0.0,0.0,0.0,0.0,0.0,0.0,0.0,0.0,0.0,0.0,0.0,0.0,0.0,0.0,0.0,0.0,0.0,0.0,0.0,0.0,0.0,0.0,0.0,0.0,0.0,0.0,0.0,0.0,0.0,0.0,0.0,0.0,0.0,0.0,0.0,0.0,0.0,0.0,0.0,0.0,0.0,0.0,0.0,0.0,0.0,0.0,133.9818384896654,133.9818384896654,133.9818384896654,0.0,0.0,0.0,-128.51660501293478,-128.51660501293478,-128.51660501293478,-59.282452216864634,-59.282452216864634,-59.282452216864634,321.78089571946475,321.78089571946475,321.78089571946475,0.0,0.0,0.0,1012.8936132686385
2021-03-23,884.8947794753029,719.5183500246682,1056.7591523717058,884.8947794753029,884.8947794753029,0.0,0.0,0.0,0.0,0.0,0.0,0.0,0.0,0.0,0.0,0.0,0.0,0.0,0.0,0.0,0.0,0.0,0.0,0.0,0.0,0.0,0.0,0.0,0.0,0.0,0.0,0.0,0.0,0.0,0.0,0.0,0.0,0.0,0.0,0.0,0.0,0.0,0.0,0.0,0.0,0.0,0.0,0.0,0.0,0.0,0.0,0.0,0.0,-6.807083053962272,-6.807083053962272,-6.807083053962272,0.0,0.0,0.0,-123.57153935195379,-123.57153935195379,-123.57153935195379,-202.87489051717026,-202.87489051717026,-202.87489051717026,319.63934681516173,319.63934681516173,319.63934681516173,0.0,0.0,0.0,878.0876964213406
2021-03-24,890.8777841716326,749.420051090067,1069.0454730188524,890.8777841716326,890.8777841716326,0.0,0.0,0.0,0.0,0.0,0.0,0.0,0.0,0.0,0.0,0.0,0.0,0.0,0.0,0.0,0.0,0.0,0.0,0.0,0.0,0.0,0.0,0.0,0.0,0.0,0.0,0.0,0.0,0.0,0.0,0.0,0.0,0.0,0.0,0.0,0.0,0.0,0.0,0.0,0.0,0.0,0.0,0.0,0.0,0.0,0.0,0.0,0.0,17.2868636684587,17.2868636684587,17.2868636684587,0.0,0.0,0.0,-119.00022625871601,-119.00022625871601,-119.00022625871601,-181.7144759305855,-181.7144759305855,-181.7144759305855,318.00156585776017,318.00156585776017,318.00156585776017,0.0,0.0,0.0,908.1646478400913
2021-03-25,896.8607888679624,927.4161813294143,1232.1653438822668,896.8607888679624,896.8607888679624,0.0,0.0,0.0,0.0,0.0,0.0,0.0,0.0,0.0,0.0,0.0,0.0,0.0,0.0,0.0,0.0,0.0,0.0,0.0,0.0,0.0,0.0,0.0,0.0,0.0,0.0,0.0,0.0,0.0,0.0,0.0,0.0,0.0,0.0,0.0,0.0,0.0,0.0,0.0,0.0,0.0,0.0,0.0,0.0,0.0,0.0,0.0,0.0,181.2656311234369,181.2656311234369,181.2656311234369,0.0,0.0,0.0,-118.76757410150795,-118.76757410150795,-118.76757410150795,-16.877812963732236,-16.877812963732236,-16.877812963732236,316.91101818867696,316.91101818867696,316.91101818867696,0.0,0.0,0.0,1078.1264199913992
2021-03-26,902.8437935642921,1091.416115028654,1403.4321215908817,902.8437935642921,902.8437935642921,0.0,0.0,0.0,0.0,0.0,0.0,0.0,0.0,0.0,0.0,0.0,0.0,0.0,0.0,0.0,0.0,0.0,0.0,0.0,0.0,0.0,0.0,0.0,0.0,0.0,0.0,0.0,0.0,0.0,0.0,0.0,0.0,0.0,0.0,0.0,0.0,0.0,0.0,0.0,0.0,0.0,0.0,0.0,0.0,0.0,0.0,0.0,0.0,347.04288596592943,347.04288596592943,347.04288596592943,0.0,0.0,0.0,-120.46301282181565,-120.46301282181565,-120.46301282181565,151.10859487149943,151.10859487149943,151.10859487149943,316.3973039162456,316.3973039162456,316.3973039162456,0.0,0.0,0.0,1249.8866795302215
2021-03-27,908.8267982606219,1165.1842952726065,1473.4032144803473,908.8267982606219,908.8267982606219,0.0,0.0,0.0,0.0,0.0,0.0,0.0,0.0,0.0,0.0,0.0,0.0,0.0,0.0,0.0,0.0,0.0,0.0,0.0,0.0,0.0,0.0,0.0,0.0,0.0,0.0,0.0,0.0,0.0,0.0,0.0,0.0,0.0,0.0,0.0,0.0,0.0,0.0,0.0,0.0,0.0,0.0,0.0,0.0,0.0,0.0,0.0,0.0,408.19667565375664,408.19667565375664,408.19667565375664,0.0,0.0,0.0,-118.37950889545039,-118.37950889545039,-118.37950889545039,210.10138936410172,210.10138936410172,210.10138936410172,316.4747951851053,316.4747951851053,316.4747951851053,0.0,0.0,0.0,1317.0234739143784
2021-03-28,914.8098029569514,1066.5938917538176,1375.6581870974774,914.8098029569514,914.8098029569514,0.0,0.0,0.0,0.0,0.0,0.0,0.0,0.0,0.0,0.0,0.0,0.0,0.0,0.0,0.0,0.0,0.0,0.0,0.0,0.0,0.0,0.0,0.0,0.0,0.0,0.0,0.0,0.0,0.0,0.0,0.0,0.0,0.0,0.0,0.0,0.0,0.0,0.0,0.0,0.0,0.0,0.0,0.0,0.0,0.0,0.0,0.0,0.0,308.39813651675234,308.39813651675234,308.39813651675234,0.0,0.0,0.0,-108.28320231885743,-108.28320231885743,-108.28320231885743,99.53964739379377,99.53964739379377,99.53964739379377,317.14169144181614,317.14169144181614,317.14169144181614,0.0,0.0,0.0,1223.2079394737038
2021-03-29,920.7928070278617,927.0093445505311,1246.1536951108249,920.7928070278617,920.7928070278617,0.0,0.0,0.0,0.0,0.0,0.0,0.0,0.0,0.0,0.0,0.0,0.0,0.0,0.0,0.0,0.0,0.0,0.0,0.0,0.0,0.0,0.0,0.0,0.0,0.0,0.0,0.0,0.0,0.0,0.0,0.0,0.0,0.0,0.0,0.0,0.0,0.0,0.0,0.0,0.0,0.0,0.0,0.0,0.0,0.0,0.0,0.0,0.0,169.12696510029883,169.12696510029883,169.12696510029883,0.0,0.0,0.0,-89.970109291245,-89.970109291245,-89.970109291245,-59.282452216974455,-59.282452216974455,-59.282452216974455,318.3795266085183,318.3795266085183,318.3795266085183,0.0,0.0,0.0,1089.9197721281605
2021-03-30,926.775811098772,820.6269419482129,1138.8252115866974,926.775811098772,926.775811098772,0.0,0.0,0.0,0.0,0.0,0.0,0.0,0.0,0.0,0.0,0.0,0.0,0.0,0.0,0.0,0.0,0.0,0.0,0.0,0.0,0.0,0.0,0.0,0.0,0.0,0.0,0.0,0.0,0.0,0.0,0.0,0.0,0.0,0.0,0.0,0.0,0.0,0.0,0.0,0.0,0.0,0.0,0.0,0.0,0.0,0.0,0.0,0.0,51.03994022631011,51.03994022631011,51.03994022631011,0.0,0.0,0.0,-66.23831792580464,-66.23831792580464,-66.23831792580464,-202.87489051721386,-202.87489051721386,-202.87489051721386,320.1531486693286,320.1531486693286,320.1531486693286,0.0,0.0,0.0,977.8157513250821
2021-03-31,932.7588151696821,871.1299144209515,1199.6465844401373,932.7588151696821,932.7588151696821,0.0,0.0,0.0,0.0,0.0,0.0,0.0,0.0,0.0,0.0,0.0,0.0,0.0,0.0,0.0,0.0,0.0,0.0,0.0,0.0,0.0,0.0,0.0,0.0,0.0,0.0,0.0,0.0,0.0,0.0,0.0,0.0,0.0,0.0,0.0,0.0,0.0,0.0,0.0,0.0,0.0,0.0,0.0,0.0,0.0,0.0,0.0,0.0,100.59813551661163,100.59813551661163,100.59813551661163,0.0,0.0,0.0,-40.098566655657415,-40.098566655657415,-40.098566655657415,-181.7144759304704,-181.7144759304704,-181.7144759304704,322.4111781027394,322.4111781027394,322.4111781027394,0.0,0.0,0.0,1033.3569506862937
2021-04-01,938.7418192405921,1063.2806650955022,1386.6352547319177,938.7418192405921,938.7418192405921,0.0,0.0,0.0,0.0,0.0,0.0,0.0,0.0,0.0,0.0,0.0,0.0,0.0,0.0,0.0,0.0,0.0,0.0,0.0,0.0,0.0,0.0,0.0,0.0,0.0,0.0,0.0,0.0,0.0,0.0,0.0,0.0,0.0,0.0,0.0,0.0,0.0,0.0,0.0,0.0,0.0,0.0,0.0,0.0,0.0,0.0,0.0,0.0,295.17443493127,295.17443493127,295.17443493127,0.0,0.0,0.0,-13.03468938622818,-13.03468938622818,-13.03468938622818,-16.87781296357498,-16.87781296357498,-16.87781296357498,325.0869372810732,325.0869372810732,325.0869372810732,0.0,0.0,0.0,1233.9162541718622
2021-04-02,944.7248233115023,1262.4997677108797,1602.4378946791076,944.7248233115023,944.7248233115023,0.0,0.0,0.0,0.0,0.0,0.0,0.0,0.0,0.0,0.0,0.0,0.0,0.0,0.0,0.0,0.0,0.0,0.0,0.0,0.0,0.0,0.0,0.0,0.0,0.0,0.0,0.0,0.0,0.0,0.0,0.0,0.0,0.0,0.0,0.0,0.0,0.0,0.0,0.0,0.0,0.0,0.0,0.0,0.0,0.0,0.0,0.0,0.0,493.7847564258238,493.7847564258238,493.7847564258238,0.0,0.0,0.0,14.576332718362663,14.576332718362663,14.576332718362663,151.10859487107555,151.10859487107555,151.10859487107555,328.0998288363856,328.0998288363856,328.0998288363856,0.0,0.0,0.0,1438.509579737326
2021-04-03,950.7078273824126,1367.6766489905388,1698.897142279229,950.7078273824126,950.7078273824126,0.0,0.0,0.0,0.0,0.0,0.0,0.0,0.0,0.0,0.0,0.0,0.0,0.0,0.0,0.0,0.0,0.0,0.0,0.0,0.0,0.0,0.0,0.0,0.0,0.0,0.0,0.0,0.0,0.0,0.0,0.0,0.0,0.0,0.0,0.0,0.0,0.0,0.0,0.0,0.0,0.0,0.0,0.0,0.0,0.0,0.0,0.0,0.0,583.5640291534653,583.5640291534653,583.5640291534653,0.0,0.0,0.0,42.105512304390444,42.105512304390444,42.105512304390444,210.10138936408345,210.10138936408345,210.10138936408345,331.3571274849914,331.3571274849914,331.3571274849914,0.0,0.0,0.0,1534.2718565358778
2021-04-04,956.6908314533229,1298.4658073326098,1629.6108753058795,956.6908314533229,956.6908314533229,0.0,0.0,0.0,0.0,0.0,0.0,0.0,0.0,0.0,0.0,0.0,0.0,0.0,0.0,0.0,0.0,0.0,0.0,0.0,0.0,0.0,0.0,0.0,0.0,0.0,0.0,0.0,0.0,0.0,0.0,0.0,0.0,0.0,0.0,0.0,0.0,0.0,0.0,0.0,0.0,0.0,0.0,0.0,0.0,0.0,0.0,0.0,0.0,502.495220315477,502.495220315477,502.495220315477,0.0,0.0,0.0,68.1994356033746,68.1994356033746,68.1994356033746,99.53964739368499,99.53964739368499,99.53964739368499,334.7561373184174,334.7561373184174,334.7561373184174,0.0,0.0,0.0,1459.1860517687999
2021-04-05,962.6738355242329,1162.5099577913734,1486.192022365108,962.6738355242329,962.6738355242329,0.0,0.0,0.0,0.0,0.0,0.0,0.0,0.0,0.0,0.0,0.0,0.0,0.0,0.0,0.0,0.0,0.0,0.0,0.0,0.0,0.0,0.0,0.0,0.0,0.0,0.0,0.0,0.0,0.0,0.0,0.0,0.0,0.0,0.0,0.0,0.0,0.0,0.0,0.0,0.0,0.0,0.0,0.0,0.0,0.0,0.0,0.0,0.0,370.47789949548024,370.47789949548024,370.47789949548024,0.0,0.0,0.0,91.57369623130336,91.57369623130336,91.57369623130336,-59.28245221713142,-59.28245221713142,-59.28245221713142,338.18665548130826,338.18665548130826,338.18665548130826,0.0,0.0,0.0,1333.1517350197132
2021-04-06,968.6568395951431,1052.7394288156056,1378.3425128152899,968.6568395951431,968.6568395951431,0.0,0.0,0.0,0.0,0.0,0.0,0.0,0.0,0.0,0.0,0.0,0.0,0.0,0.0,0.0,0.0,0.0,0.0,0.0,0.0,0.0,0.0,0.0,0.0,0.0,0.0,0.0,0.0,0.0,0.0,0.0,0.0,0.0,0.0,0.0,0.0,0.0,0.0,0.0,0.0,0.0,0.0,0.0,0.0,0.0,0.0,0.0,0.0,250.44387618239662,250.44387618239662,250.44387618239662,0.0,0.0,0.0,111.78509289799803,111.78509289799803,111.78509289799803,-202.87489051729827,-202.87489051729827,-202.87489051729827,341.5336738016969,341.5336738016969,341.5336738016969,0.0,0.0,0.0,1219.1007157775398
2021-04-07,974.6398436660531,1107.2433120419923,1419.5333943372232,974.6398436660531,974.6398436660531,0.0,0.0,0.0,0.0,0.0,0.0,0.0,0.0,0.0,0.0,0.0,0.0,0.0,0.0,0.0,0.0,0.0,0.0,0.0,0.0,0.0,0.0,0.0,0.0,0.0,0.0,0.0,0.0,0.0,0.0,0.0,0.0,0.0,0.0,0.0,0.0,0.0,0.0,0.0,0.0,0.0,0.0,0.0,0.0,0.0,0.0,0.0,0.0,291.6914581876928,291.6914581876928,291.6914581876928,0.0,0.0,0.0,128.72569152099427,128.72569152099427,128.72569152099427,-181.7144759304052,-181.7144759304052,-181.7144759304052,344.68024259710364,344.68024259710364,344.68024259710364,0.0,0.0,0.0,1266.331301853746
2021-04-08,980.6228477369634,1300.603431438224,1614.8390075612692,980.6228477369634,980.6228477369634,0.0,0.0,0.0,0.0,0.0,0.0,0.0,0.0,0.0,0.0,0.0,0.0,0.0,0.0,0.0,0.0,0.0,0.0,0.0,0.0,0.0,0.0,0.0,0.0,0.0,0.0,0.0,0.0,0.0,0.0,0.0,0.0,0.0,0.0,0.0,0.0,0.0,0.0,0.0,0.0,0.0,0.0,0.0,0.0,0.0,0.0,0.0,0.0,471.88859213817614,471.88859213817614,471.88859213817614,0.0,0.0,0.0,141.2559893278659,141.2559893278659,141.2559893278659,-16.87781296422222,-16.87781296422222,-16.87781296422222,347.51041577453253,347.51041577453253,347.51041577453253,0.0,0.0,0.0,1452.5114398751396
2021-04-09,986.6058518078735,1478.0725112546495,1801.8957019162763,986.6058518078735,986.6058518078735,0.0,0.0,0.0,0.0,0.0,0.0,0.0,0.0,0.0,0.0,0.0,0.0,0.0,0.0,0.0,0.0,0.0,0.0,0.0,0.0,0.0,0.0,0.0,0.0,0.0,0.0,0.0,0.0,0.0,0.0,0.0,0.0,0.0,0.0,0.0,0.0,0.0,0.0,0.0,0.0,0.0,0.0,0.0,0.0,0.0,0.0,0.0,0.0,647.785492836607,647.785492836607,647.785492836607,0.0,0.0,0.0,146.76470433914665,146.76470433914665,146.76470433914665,151.10859487119748,151.10859487119748,151.10859487119748,349.9121936262628,349.9121936262628,349.9121936262628,0.0,0.0,0.0,1634.3913446444803
2021-04-10,992.5888558787838,1545.4631196415078,1860.9351408499604,992.5888558787838,992.5888558787838,0.0,0.0,0.0,0.0,0.0,0.0,0.0,0.0,0.0,0.0,0.0,0.0,0.0,0.0,0.0,0.0,0.0,0.0,0.0,0.0,0.0,0.0,0.0,0.0,0.0,0.0,0.0,0.0,0.0,0.0,0.0,0.0,0.0,0.0,0.0,0.0,0.0,0.0,0.0,0.0,0.0,0.0,0.0,0.0,0.0,0.0,0.0,0.0,704.6641730011339,704.6641730011339,704.6641730011339,0.0,0.0,0.0,142.78240415669455,142.78240415669455,142.78240415669455,210.10138936406514,210.10138936406514,210.10138936406514,351.7803794803742,351.7803794803742,351.7803794803742,0.0,0.0,0.0,1697.2530288799176
2021-04-11,998.5718599496939,1424.9807156361478,1743.3364953990476,998.5718599496939,998.5718599496939,0.0,0.0,0.0,0.0,0.0,0.0,0.0,0.0,0.0,0.0,0.0,0.0,0.0,0.0,0.0,0.0,0.0,0.0,0.0,0.0,0.0,0.0,0.0,0.0,0.0,0.0,0.0,0.0,0.0,0.0,0.0,0.0,0.0,0.0,0.0,0.0,0.0,0.0,0.0,0.0,0.0,0.0,0.0,0.0,0.0,0.0,0.0,0.0,582.0898706357996,582.0898706357996,582.0898706357996,0.0,0.0,0.0,129.53095463636058,129.53095463636058,129.53095463636058,99.53964739357276,99.53964739357276,99.53964739357276,353.01926860586633,353.01926860586633,353.01926860586633,0.0,0.0,0.0,1580.6617305854934
2021-04-12,1004.554864020604,1244.8062422361752,1573.4262006104025,1004.554864020604,1004.554864020604,0.0,0.0,0.0,0.0,0.0,0.0,0.0,0.0,0.0,0.0,0.0,0.0,0.0,0.0,0.0,0.0,0.0,0.0,0.0,0.0,0.0,0.0,0.0,0.0,0.0,0.0,0.0,0.0,0.0,0.0,0.0,0.0,0.0,0.0,0.0,0.0,0.0,0.0,0.0,0.0,0.0,0.0,0.0,0.0,0.0,0.0,0.0,0.0,405.04934185500684,405.04934185500684,405.04934185500684,0.0,0.0,0.0,110.7867016432224,110.7867016432224,110.7867016432224,-59.28245221724122,-59.28245221724122,-59.28245221724122,353.5450924290256,353.5450924290256,353.5450924290256,0.0,0.0,0.0,1409.604205875611
2021-04-13,1010.5378680915143,1094.7120949320254,1411.1896256641492,1010.5378680915143,1010.5378680915143,0.0,0.0,0.0,0.0,0.0,0.0,0.0,0.0,0.0,0.0,0.0,0.0,0.0,0.0,0.0,0.0,0.0,0.0,0.0,0.0,0.0,0.0,0.0,0.0,0.0,0.0,0.0,0.0,0.0,0.0,0.0,0.0,0.0,0.0,0.0,0.0,0.0,0.0,0.0,0.0,0.0,0.0,0.0,0.0,0.0,0.0,0.0,0.0,241.94420015791334,241.94420015791334,241.94420015791334,0.0,0.0,0.0,91.53094261921824,91.53094261921824,91.53094261921824,-202.87489051705057,-202.87489051705057,-202.87489051705057,353.2881480557457,353.2881480557457,353.2881480557457,0.0,0.0,0.0,1252.4820682494276
2021-04-14,1016.5208721624243,1093.290344100458,1413.049219909275,1016.5208721624243,1016.5208721624243,0.0,0.0,0.0,0.0,0.0,0.0,0.0,0.0,0.0,0.0,0.0,0.0,0.0,0.0,0.0,0.0,0.0,0.0,0.0,0.0,0.0,0.0,0.0,0.0,0.0,0.0,0.0,0.0,0.0,0.0,0.0,0.0,0.0,0.0,0.0,0.0,0.0,0.0,0.0,0.0,0.0,0.0,0.0,0.0,0.0,0.0,0.0,0.0,244.35905913692085,244.35905913692085,244.35905913692085,0.0,0.0,0.0,73.87898296082197,73.87898296082197,73.87898296082197,-181.71447593034003,-181.71447593034003,-181.71447593034003,352.19455210643883,352.19455210643883,352.19455210643883,0.0,0.0,0.0,1260.8799312993451
2021-04-15,1022.5038762333345,1260.3637992883616,1577.9858921979596,1022.5038762333345,1022.5038762333345,0.0,0.0,0.0,0.0,0.0,0.0,0.0,0.0,0.0,0.0,0.0,0.0,0.0,0.0,0.0,0.0,0.0,0.0,0.0,0.0,0.0,0.0,0.0,0.0,0.0,0.0,0.0,0.0,0.0,0.0,0.0,0.0,0.0,0.0,0.0,0.0,0.0,0.0,0.0,0.0,0.0,0.0,0.0,0.0,0.0,0.0,0.0,0.0,388.2466876772698,388.2466876772698,388.2466876772698,0.0,0.0,0.0,54.89693195078963,54.89693195078963,54.89693195078963,-16.877812964015835,-16.877812964015835,-16.877812964015835,350.22756869049607,350.22756869049607,350.22756869049607,0.0,0.0,0.0,1410.7505639106043
2021-04-16,1028.4868803042448,1394.1243818099392,1703.1910642904022,1028.4868803042448,1028.4868803042448,0.0,0.0,0.0,0.0,0.0,0.0,0.0,0.0,0.0,0.0,0.0,0.0,0.0,0.0,0.0,0.0,0.0,0.0,0.0,0.0,0.0,0.0,0.0,0.0,0.0,0.0,0.0,0.0,0.0,0.0,0.0,0.0,0.0,0.0,0.0,0.0,0.0,0.0,0.0,0.0,0.0,0.0,0.0,0.0,0.0,0.0,0.0,0.0,527.2938530120849,527.2938530120849,527.2938530120849,0.0,0.0,0.0,28.816784487848494,28.816784487848494,28.816784487848494,151.10859487124213,151.10859487124213,151.10859487124213,347.36847365299417,347.36847365299417,347.36847365299417,0.0,0.0,0.0,1555.7807333163296
2021-04-17,1034.4698843751548,1415.432160904051,1730.796281583277,1034.4698843751548,1034.4698843751548,0.0,0.0,0.0,0.0,0.0,0.0,0.0,0.0,0.0,0.0,0.0,0.0,0.0,0.0,0.0,0.0,0.0,0.0,0.0,0.0,0.0,0.0,0.0,0.0,0.0,0.0,0.0,0.0,0.0,0.0,0.0,0.0,0.0,0.0,0.0,0.0,0.0,0.0,0.0,0.0,0.0,0.0,0.0,0.0,0.0,0.0,0.0,0.0,546.1537498686166,546.1537498686166,546.1537498686166,0.0,0.0,0.0,-7.564570148716979,-7.564570148716979,-7.564570148716979,210.10138936402643,210.10138936402643,210.10138936402643,343.6169306533072,343.6169306533072,343.6169306533072,0.0,0.0,0.0,1580.6236342437714
2021-04-18,1040.4528884460651,1266.907507171884,1583.628642244542,1040.4528884460651,1040.4528884460651,0.0,0.0,0.0,0.0,0.0,0.0,0.0,0.0,0.0,0.0,0.0,0.0,0.0,0.0,0.0,0.0,0.0,0.0,0.0,0.0,0.0,0.0,0.0,0.0,0.0,0.0,0.0,0.0,0.0,0.0,0.0,0.0,0.0,0.0,0.0,0.0,0.0,0.0,0.0,0.0,0.0,0.0,0.0,0.0,0.0,0.0,0.0,0.0,387.88971234427817,387.88971234427817,387.88971234427817,0.0,0.0,0.0,-50.64080383387451,-50.64080383387451,-50.64080383387451,99.53964739407473,99.53964739407473,99.53964739407473,338.990868784078,338.990868784078,338.990868784078,0.0,0.0,0.0,1428.3426007903433
2021-04-19,1046.4358925169752,1075.3887185649085,1387.9106079194726,1046.4358925169752,1046.4358925169752,0.0,0.0,0.0,0.0,0.0,0.0,0.0,0.0,0.0,0.0,0.0,0.0,0.0,0.0,0.0,0.0,0.0,0.0,0.0,0.0,0.0,0.0,0.0,0.0,0.0,0.0,0.0,0.0,0.0,0.0,0.0,0.0,0.0,0.0,0.0,0.0,0.0,0.0,0.0,0.0,0.0,0.0,0.0,0.0,0.0,0.0,0.0,0.0,183.46791886173145,183.46791886173145,183.46791886173145,0.0,0.0,0.0,-90.77549481101065,-90.77549481101065,-90.77549481101065,-59.282452217351015,-59.282452217351015,-59.282452217351015,333.5258658900931,333.5258658900931,333.5258658900931,0.0,0.0,0.0,1229.9038113787067
2021-04-20,1052.4188965878852,888.9463430192649,1218.0295948494222,1052.4188965878852,1052.4188965878852,0.0,0.0,0.0,0.0,0.0,0.0,0.0,0.0,0.0,0.0,0.0,0.0,0.0,0.0,0.0,0.0,0.0,0.0,0.0,0.0,0.0,0.0,0.0,0.0,0.0,0.0,0.0,0.0,0.0,0.0,0.0,0.0,0.0,0.0,0.0,0.0,0.0,0.0,0.0,0.0,0.0,0.0,0.0,0.0,0.0,0.0,0.0,0.0,6.385935706945042,6.385935706945042,6.385935706945042,0.0,0.0,0.0,-118.01322984616749,-118.01322984616749,-118.01322984616749,-202.87489051713496,-202.87489051713496,-202.87489051713496,327.2740560702475,327.2740560702475,327.2740560702475,0.0,0.0,0.0,1058.8048322948302
2021-04-21,1058.4019006587955,918.5149450097289,1234.350932570073,1058.4019006587955,1058.4019006587955,0.0,0.0,0.0,0.0,0.0,0.0,0.0,0.0,0.0,0.0,0.0,0.0,0.0,0.0,0.0,0.0,0.0,0.0,0.0,0.0,0.0,0.0,0.0,0.0,0.0,0.0,0.0,0.0,0.0,0.0,0.0,0.0,0.0,0.0,0.0,0.0,0.0,0.0,0.0,0.0,0.0,0.0,0.0,0.0,0.0,0.0,0.0,0.0,10.111946140217379,10.111946140217379,10.111946140217379,0.0,0.0,0.0,-128.47617154773505,-128.47617154773505,-128.47617154773505,-181.71447593027477,-181.71447593027477,-181.71447593027477,320.30259361822726,320.30259361822726,320.30259361822726,0.0,0.0,0.0,1068.513846799013
2021-04-22,1064.3849047297058,1074.1155678208354,1400.2009526294762,1064.3849047297058,1064.3849047297058,0.0,0.0,0.0,0.0,0.0,0.0,0.0,0.0,0.0,0.0,0.0,0.0,0.0,0.0,0.0,0.0,0.0,0.0,0.0,0.0,0.0,0.0,0.0,0.0,0.0,0.0,0.0,0.0,0.0,0.0,0.0,0.0,0.0,0.0,0.0,0.0,0.0,0.0,0.0,0.0,0.0,0.0,0.0,0.0,0.0,0.0,0.0,0.0,169.33119065584518,169.33119065584518,169.33119065584518,0.0,0.0,0.0,-126.48271484953906,-126.48271484953906,-126.48271484953906,-16.8778129639077,-16.8778129639077,-16.8778129639077,312.6917184692918,312.6917184692918,312.6917184692918,0.0,0.0,0.0,1233.716095385551
2021-04-23,1070.3679088006159,1243.695832210703,1567.4876769645248,1070.3679088006159,1070.3679088006159,0.0,0.0,0.0,0.0,0.0,0.0,0.0,0.0,0.0,0.0,0.0,0.0,0.0,0.0,0.0,0.0,0.0,0.0,0.0,0.0,0.0,0.0,0.0,0.0,0.0,0.0,0.0,0.0,0.0,0.0,0.0,0.0,0.0,0.0,0.0,0.0,0.0,0.0,0.0,0.0,0.0,0.0,0.0,0.0,0.0,0.0,0.0,0.0,334.80555507290086,334.80555507290086,334.80555507290086,0.0,0.0,0.0,-120.83551949207822,-120.83551949207822,-120.83551949207822,151.10859487136406,151.10859487136406,151.10859487136406,304.53247969361485,304.53247969361485,304.53247969361485,0.0,0.0,0.0,1405.1734638735168
2021-04-24,1076.3509128715261,1307.5972079771034,1606.4103398235172,1076.3509128715261,1076.3509128715261,0.0,0.0,0.0,0.0,0.0,0.0,0.0,0.0,0.0,0.0,0.0,0.0,0.0,0.0,0.0,0.0,0.0,0.0,0.0,0.0,0.0,0.0,0.0,0.0,0.0,0.0,0.0,0.0,0.0,0.0,0.0,0.0,0.0,0.0,0.0,0.0,0.0,0.0,0.0,0.0,0.0,0.0,0.0,0.0,0.0,0.0,0.0,0.0,387.6655567763368,387.6655567763368,387.6655567763368,0.0,0.0,0.0,-118.36001595909353,-118.36001595909353,-118.36001595909353,210.10138936413443,210.10138936413443,210.10138936413443,295.92418337129595,295.92418337129595,295.92418337129595,0.0,0.0,0.0,1464.016469647863
2021-04-25,1082.3339169424362,1188.2940906271638,1521.285573001821,1082.3339169424362,1082.3339169424362,0.0,0.0,0.0,0.0,0.0,0.0,0.0,0.0,0.0,0.0,0.0,0.0,0.0,0.0,0.0,0.0,0.0,0.0,0.0,0.0,0.0,0.0,0.0,0.0,0.0,0.0,0.0,0.0,0.0,0.0,0.0,0.0,0.0,0.0,0.0,0.0,0.0,0.0,0.0,0.0,0.0,0.0,0.0,0.0,0.0,0.0,0.0,0.0,266.7990769596019,266.7990769596019,266.7990769596019,0.0,0.0,0.0,-119.71220944512862,-119.71220944512862,-119.71220944512862,99.5396473939625,99.5396473939625,99.5396473939625,286.97163901076806,286.97163901076806,286.97163901076806,0.0,0.0,0.0,1349.1329939020382
2021-04-26,1088.3169210133462,1028.5019666729672,1349.4576759220795,1088.3169210133462,1088.3169210133462,0.0,0.0,0.0,0.0,0.0,0.0,0.0,0.0,0.0,0.0,0.0,0.0,0.0,0.0,0.0,0.0,0.0,0.0,0.0,0.0,0.0,0.0,0.0,0.0,0.0,0.0,0.0,0.0,0.0,0.0,0.0,0.0,0.0,0.0,0.0,0.0,0.0,0.0,0.0,0.0,0.0,0.0,0.0,0.0,0.0,0.0,0.0,0.0,98.25903832507493,98.25903832507493,98.25903832507493,0.0,0.0,0.0,-120.24079376052957,-120.24079376052957,-120.24079376052957,-59.28245221750799,-59.28245221750799,-59.28245221750799,277.7822843031126,277.7822843031126,277.7822843031126,0.0,0.0,0.0,1186.5759593384212
2021-04-27,1094.2999250842565,876.8183813659444,1199.8890118756897,1094.2999250842565,1094.2999250842565,0.0,0.0,0.0,0.0,0.0,0.0,0.0,0.0,0.0,0.0,0.0,0.0,0.0,0.0,0.0,0.0,0.0,0.0,0.0,0.0,0.0,0.0,0.0,0.0,0.0,0.0,0.0,0.0,0.0,0.0,0.0,0.0,0.0,0.0,0.0,0.0,0.0,0.0,0.0,0.0,0.0,0.0,0.0,0.0,0.0,0.0,0.0,0.0,-48.855514615428056,-48.855514615428056,-48.855514615428056,0.0,0.0,0.0,-114.44389537143967,-114.44389537143967,-114.44389537143967,-202.87489051713777,-202.87489051713777,-202.87489051713777,268.4632712731494,268.4632712731494,268.4632712731494,0.0,0.0,0.0,1045.4444104688284
2021-04-28,1100.2829291551666,901.2867715596594,1235.2492542411019,1100.2829291551666,1100.2829291551666,0.0,0.0,0.0,0.0,0.0,0.0,0.0,0.0,0.0,0.0,0.0,0.0,0.0,0.0,0.0,0.0,0.0,0.0,0.0,0.0,0.0,0.0,0.0,0.0,0.0,0.0,0.0,0.0,0.0,0.0,0.0,0.0,0.0,0.0,0.0,0.0,0.0,0.0,0.0,0.0,0.0,0.0,0.0,0.0,0.0,0.0,0.0,0.0,-22.61351383224732,-22.61351383224732,-22.61351383224732,0.0,0.0,0.0,-100.01763560360205,-100.01763560360205,-100.01763560360205,-181.71447593015967,-181.71447593015967,-181.71447593015967,259.1185977015144,259.1185977015144,259.1185977015144,0.0,0.0,0.0,1077.6694153229193
2021-04-29,1106.2659332260769,1089.5218071419142,1409.884625626267,1106.2659332260769,1106.2659332260769,0.0,0.0,0.0,0.0,0.0,0.0,0.0,0.0,0.0,0.0,0.0,0.0,0.0,0.0,0.0,0.0,0.0,0.0,0.0,0.0,0.0,0.0,0.0,0.0,0.0,0.0,0.0,0.0,0.0,0.0,0.0,0.0,0.0,0.0,0.0,0.0,0.0,0.0,0.0,0.0,0.0,0.0,0.0,0.0,0.0,0.0,0.0,0.0,154.4012590175228,154.4012590175228,154.4012590175228,0.0,0.0,0.0,-78.56729404793799,-78.56729404793799,-78.56729404793799,-16.87781296455494,-16.87781296455494,-16.87781296455494,249.84636603001567,249.84636603001567,249.84636603001567,0.0,0.0,0.0,1260.6671922435996
2021-04-30,1112.2489372969872,1287.072104533253,1610.9295867694932,1112.2489372969872,1112.2489372969872,0.0,0.0,0.0,0.0,0.0,0.0,0.0,0.0,0.0,0.0,0.0,0.0,0.0,0.0,0.0,0.0,0.0,0.0,0.0,0.0,0.0,0.0,0.0,0.0,0.0,0.0,0.0,0.0,0.0,0.0,0.0,0.0,0.0,0.0,0.0,0.0,0.0,0.0,0.0,0.0,0.0,0.0,0.0,0.0,0.0,0.0,0.0,0.0,338.5085492157998,338.5085492157998,338.5085492157998,0.0,0.0,0.0,-53.336293533050835,-53.336293533050835,-53.336293533050835,151.108594871486,151.108594871486,151.108594871486,240.7362478773646,240.7362478773646,240.7362478773646,0.0,0.0,0.0,1450.757486512787
2021-05-01,1118.2319413678972,1360.5989103374652,1703.1614414492406,1118.2319413678972,1118.2319413678972,0.0,0.0,0.0,0.0,0.0,0.0,0.0,0.0,0.0,0.0,0.0,0.0,0.0,0.0,0.0,0.0,0.0,0.0,0.0,0.0,0.0,0.0,0.0,0.0,0.0,0.0,0.0,0.0,0.0,0.0,0.0,0.0,0.0,0.0,0.0,0.0,0.0,0.0,0.0,0.0,0.0,0.0,0.0,0.0,0.0,0.0,0.0,0.0,415.31947588740513,415.31947588740513,415.31947588740513,0.0,0.0,0.0,-26.64913938852831,-26.64913938852831,-26.64913938852831,210.1013893640957,210.1013893640957,210.1013893640957,231.86722591183778,231.86722591183778,231.86722591183778,0.0,0.0,0.0,1533.5514172553023
2021-05-02,1124.2149454388075,1281.7724385295353,1607.0646250084303,1124.2149454388075,1124.2149454388075,0.0,0.0,0.0,0.0,0.0,0.0,0.0,0.0,0.0,0.0,0.0,0.0,0.0,0.0,0.0,0.0,0.0,0.0,0.0,0.0,0.0,0.0,0.0,0.0,0.0,0.0,0.0,0.0,0.0,0.0,0.0,0.0,0.0,0.0,0.0,0.0,0.0,0.0,0.0,0.0,0.0,0.0,0.0,0.0,0.0,0.0,0.0,0.0,323.56810457814805,323.56810457814805,323.56810457814805,0.0,0.0,0.0,0.7227808429114954,0.7227808429114954,0.7227808429114954,99.53964739385202,99.53964739385202,99.53964739385202,223.30567634138458,223.30567634138458,223.30567634138458,0.0,0.0,0.0,1447.7830500169555
2021-05-03,1130.1979495097175,1150.654585071306,1478.0896781826357,1130.1979495097175,1130.1979495097175,0.0,0.0,0.0,0.0,0.0,0.0,0.0,0.0,0.0,0.0,0.0,0.0,0.0,0.0,0.0,0.0,0.0,0.0,0.0,0.0,0.0,0.0,0.0,0.0,0.0,0.0,0.0,0.0,0.0,0.0,0.0,0.0,0.0,0.0,0.0,0.0,0.0,0.0,0.0,0.0,0.0,0.0,0.0,0.0,0.0,0.0,0.0,0.0,184.24524507535483,184.24524507535483,184.24524507535483,0.0,0.0,0.0,28.423852341718376,28.423852341718376,28.423852341718376,-59.28245221761779,-59.28245221761779,-59.28245221761779,215.1038449512542,215.1038449512542,215.1038449512542,0.0,0.0,0.0,1314.4431945850724
2021-05-04,1136.1809535806278,1034.214486936066,1357.5331374524794,1136.1809535806278,1136.1809535806278,0.0,0.0,0.0,0.0,0.0,0.0,0.0,0.0,0.0,0.0,0.0,0.0,0.0,0.0,0.0,0.0,0.0,0.0,0.0,0.0,0.0,0.0,0.0,0.0,0.0,0.0,0.0,0.0,0.0,0.0,0.0,0.0,0.0,0.0,0.0,0.0,0.0,0.0,0.0,0.0,0.0,0.0,0.0,0.0,0.0,0.0,0.0,0.0,59.85109269627462,59.85109269627462,59.85109269627462,0.0,0.0,0.0,55.427225462289854,55.427225462289854,55.427225462289854,-202.8748905172222,-202.8748905172222,-202.8748905172222,207.29875775120692,207.29875775120692,207.29875775120692,0.0,0.0,0.0,1196.0320462769025
2021-05-05,1142.1639576515379,1084.5255071274187,1412.2749200949759,1142.1639576515379,1142.1639576515379,0.0,0.0,0.0,0.0,0.0,0.0,0.0,0.0,0.0,0.0,0.0,0.0,0.0,0.0,0.0,0.0,0.0,0.0,0.0,0.0,0.0,0.0,0.0,0.0,0.0,0.0,0.0,0.0,0.0,0.0,0.0,0.0,0.0,0.0,0.0,0.0,0.0,0.0,0.0,0.0,0.0,0.0,0.0,0.0,0.0,0.0,0.0,0.0,98.47256661572055,98.47256661572055,98.47256661572055,0.0,0.0,0.0,80.27544829875266,80.27544829875266,80.27544829875266,-181.71447593056607,-181.71447593056607,-181.71447593056607,199.91159424753388,199.91159424753388,199.91159424753388,0.0,0.0,0.0,1240.6365242672584
2021-05-06,1148.146961722448,1262.1492319035096,1585.8237876328653,1148.146961722448,1148.146961722448,0.0,0.0,0.0,0.0,0.0,0.0,0.0,0.0,0.0,0.0,0.0,0.0,0.0,0.0,0.0,0.0,0.0,0.0,0.0,0.0,0.0,0.0,0.0,0.0,0.0,0.0,0.0,0.0,0.0,0.0,0.0,0.0,0.0,0.0,0.0,0.0,0.0,0.0,0.0,0.0,0.0,0.0,0.0,0.0,0.0,0.0,0.0,0.0,278.14349763028076,278.14349763028076,278.14349763028076,0.0,0.0,0.0,102.07377307510711,102.07377307510711,102.07377307510711,-16.877812964446807,-16.877812964446807,-16.877812964446807,192.9475375196205,192.9475375196205,192.9475375196205,0.0,0.0,0.0,1426.2904593527287
2021-05-07,1154.1299657933582,1440.87217177968,1776.0696734758446,1154.1299657933582,1154.1299657933582,0.0,0.0,0.0,0.0,0.0,0.0,0.0,0.0,0.0,0.0,0.0,0.0,0.0,0.0,0.0,0.0,0.0,0.0,0.0,0.0,0.0,0.0,0.0,0.0,0.0,0.0,0.0,0.0,0.0,0.0,0.0,0.0,0.0,0.0,0.0,0.0,0.0,0.0,0.0,0.0,0.0,0.0,0.0,0.0,0.0,0.0,0.0,0.0,458.20156588786705,458.20156588786705,458.20156588786705,0.0,0.0,0.0,120.69686994447306,120.69686994447306,120.69686994447306,151.1085948715307,151.1085948715307,151.1085948715307,186.39610107186328,186.39610107186328,186.39610107186328,0.0,0.0,0.0,1612.3315316812252
2021-05-08,1160.1129698642683,1525.2966464595233,1847.3761262611454,1160.1129698642683,1160.1129698642683,0.0,0.0,0.0,0.0,0.0,0.0,0.0,0.0,0.0,0.0,0.0,0.0,0.0,0.0,0.0,0.0,0.0,0.0,0.0,0.0,0.0,0.0,0.0,0.0,0.0,0.0,0.0,0.0,0.0,0.0,0.0,0.0,0.0,0.0,0.0,0.0,0.0,0.0,0.0,0.0,0.0,0.0,0.0,0.0,0.0,0.0,0.0,0.0,526.0130921635591,526.0130921635591,526.0130921635591,0.0,0.0,0.0,135.67978452803115,135.67978452803115,135.67978452803115,210.10138936409786,210.10138936409786,210.10138936409786,180.23191827143,180.23191827143,180.23191827143,0.0,0.0,0.0,1686.1260620278274
2021-05-09,1166.0959739351786,1407.858840006315,1759.9853071632801,1166.0959739351786,1166.0959739351786,0.0,0.0,0.0,0.0,0.0,0.0,0.0,0.0,0.0,0.0,0.0,0.0,0.0,0.0,0.0,0.0,0.0,0.0,0.0,0.0,0.0,0.0,0.0,0.0,0.0,0.0,0.0,0.0,0.0,0.0,0.0,0.0,0.0,0.0,0.0,0.0,0.0,0.0,0.0,0.0,0.0,0.0,0.0,0.0,0.0,0.0,0.0,0.0,419.0326080864474,419.0326080864474,419.0326080864474,0.0,0.0,0.0,145.0769941952753,145.0769941952753,145.0769941952753,99.53964739374152,99.53964739374152,99.53964739374152,174.41596649743062,174.41596649743062,174.41596649743062,0.0,0.0,0.0,1585.128582021626
2021-05-10,1170.1507907759385,1266.350912356695,1586.258379552113,1170.1507907759385,1170.1507907759385,0.0,0.0,0.0,0.0,0.0,0.0,0.0,0.0,0.0,0.0,0.0,0.0,0.0,0.0,0.0,0.0,0.0,0.0,0.0,0.0,0.0,0.0,0.0,0.0,0.0,0.0,0.0,0.0,0.0,0.0,0.0,0.0,0.0,0.0,0.0,0.0,0.0,0.0,0.0,0.0,0.0,0.0,0.0,0.0,0.0,0.0,0.0,0.0,255.64867385765058,255.64867385765058,255.64867385765058,0.0,0.0,0.0,146.0339407544688,146.0339407544688,146.0339407544688,-59.282452217046135,-59.282452217046135,-59.282452217046135,168.89718532022792,168.89718532022792,168.89718532022792,0.0,0.0,0.0,1425.7994646335892
2021-05-11,1174.2056076166987,1107.341715602071,1441.3333747706656,1174.2056076166987,1174.2056076166987,0.0,0.0,0.0,0.0,0.0,0.0,0.0,0.0,0.0,0.0,0.0,0.0,0.0,0.0,0.0,0.0,0.0,0.0,0.0,0.0,0.0,0.0,0.0,0.0,0.0,0.0,0.0,0.0,0.0,0.0,0.0,0.0,0.0,0.0,0.0,0.0,0.0,0.0,0.0,0.0,0.0,0.0,0.0,0.0,0.0,0.0,0.0,0.0,97.89020831209055,97.89020831209055,97.89020831209055,0.0,0.0,0.0,137.1506623429415,137.1506623429415,137.1506623429415,-202.87489051730654,-202.87489051730654,-202.87489051730654,163.6144364864556,163.6144364864556,163.6144364864556,0.0,0.0,0.0,1272.0958159287893
2021-05-12,1178.2604244574588,1106.5945196232838,1434.2560195040057,1178.2604244574588,1178.2604244574588,0.0,0.0,0.0,0.0,0.0,0.0,0.0,0.0,0.0,0.0,0.0,0.0,0.0,0.0,0.0,0.0,0.0,0.0,0.0,0.0,0.0,0.0,0.0,0.0,0.0,0.0,0.0,0.0,0.0,0.0,0.0,0.0,0.0,0.0,0.0,0.0,0.0,0.0,0.0,0.0,0.0,0.0,0.0,0.0,0.0,0.0,0.0,0.0,97.29932410562336,97.29932410562336,97.29932410562336,0.0,0.0,0.0,120.51505649178598,120.51505649178598,120.51505649178598,-181.71447593045096,-181.71447593045096,-181.71447593045096,158.4987435442883,158.4987435442883,158.4987435442883,0.0,0.0,0.0,1275.5597485630822
2021-05-13,1182.315241298219,1245.9222003172906,1570.2585852576606,1182.315241298219,1182.315241298219,0.0,0.0,0.0,0.0,0.0,0.0,0.0,0.0,0.0,0.0,0.0,0.0,0.0,0.0,0.0,0.0,0.0,0.0,0.0,0.0,0.0,0.0,0.0,0.0,0.0,0.0,0.0,0.0,0.0,0.0,0.0,0.0,0.0,0.0,0.0,0.0,0.0,0.0,0.0,0.0,0.0,0.0,0.0,0.0,0.0,0.0,0.0,0.0,237.577235927529,237.577235927529,237.577235927529,0.0,0.0,0.0,100.97930799023739,100.97930799023739,100.97930799023739,-16.87781296428955,-16.87781296428955,-16.87781296428955,153.47574090158116,153.47574090158116,153.47574090158116,0.0,0.0,0.0,1419.892477225748
2021-05-14,1186.3700581389794,1403.2756130868995,1729.5396551518988,1186.3700581389794,1186.3700581389794,0.0,0.0,0.0,0.0,0.0,0.0,0.0,0.0,0.0,0.0,0.0,0.0,0.0,0.0,0.0,0.0,0.0,0.0,0.0,0.0,0.0,0.0,0.0,0.0,0.0,0.0,0.0,0.0,0.0,0.0,0.0,0.0,0.0,0.0,0.0,0.0,0.0,0.0,0.0,0.0,0.0,0.0,0.0,0.0,0.0,0.0,0.0,0.0,382.14920646995034,382.14920646995034,382.14920646995034,0.0,0.0,0.0,82.57235539677356,82.57235539677356,82.57235539677356,151.1085948716526,151.1085948716526,151.1085948716526,148.4682562015241,148.4682562015241,148.4682562015241,0.0,0.0,0.0,1568.5192646089297
2021-05-15,1190.4248749797396,1450.6255788274711,1766.4637631195849,1190.4248749797396,1190.4248749797396,0.0,0.0,0.0,0.0,0.0,0.0,0.0,0.0,0.0,0.0,0.0,0.0,0.0,0.0,0.0,0.0,0.0,0.0,0.0,0.0,0.0,0.0,0.0,0.0,0.0,0.0,0.0,0.0,0.0,0.0,0.0,0.0,0.0,0.0,0.0,0.0,0.0,0.0,0.0,0.0,0.0,0.0,0.0,0.0,0.0,0.0,0.0,0.0,418.4050734810595,418.4050734810595,418.4050734810595,0.0,0.0,0.0,64.90473781828528,64.90473781828528,64.90473781828528,210.10138936405914,210.10138936405914,210.10138936405914,143.39894629871503,143.39894629871503,143.39894629871503,0.0,0.0,0.0,1608.8299484607992
2021-05-16,1194.4796918204993,1314.056202591978,1629.4276156931953,1194.4796918204993,1194.4796918204993,0.0,0.0,0.0,0.0,0.0,0.0,0.0,0.0,0.0,0.0,0.0,0.0,0.0,0.0,0.0,0.0,0.0,0.0,0.0,0.0,0.0,0.0,0.0,0.0,0.0,0.0,0.0,0.0,0.0,0.0,0.0,0.0,0.0,0.0,0.0,0.0,0.0,0.0,0.0,0.0,0.0,0.0,0.0,0.0,0.0,0.0,0.0,0.0,280.80467719575216,280.80467719575216,280.80467719575216,0.0,0.0,0.0,43.072123874245385,43.072123874245385,43.072123874245385,99.53964739363101,99.53964739363101,99.53964739363101,138.19290592787573,138.19290592787573,138.19290592787573,0.0,0.0,0.0,1475.2843690162515
2021-05-17,1198.5345086612595,1129.3533384919099,1445.7684743438654,1198.5345086612595,1198.5345086612595,0.0,0.0,0.0,0.0,0.0,0.0,0.0,0.0,0.0,0.0,0.0,0.0,0.0,0.0,0.0,0.0,0.0,0.0,0.0,0.0,0.0,0.0,0.0,0.0,0.0,0.0,0.0,0.0,0.0,0.0,0.0,0.0,0.0,0.0,0.0,0.0,0.0,0.0,0.0,0.0,0.0,0.0,0.0,0.0,0.0,0.0,0.0,0.0,85.36623053130555,85.36623053130555,85.36623053130555,0.0,0.0,0.0,11.868513343199316,11.868513343199316,11.868513343199316,-59.28245221715594,-59.28245221715594,-59.28245221715594,132.78016940526223,132.78016940526223,132.78016940526223,0.0,0.0,0.0,1283.900739192565
2021-05-18,1202.5893255020196,944.2149527769594,1265.4926946627559,1202.5893255020196,1202.5893255020196,0.0,0.0,0.0,0.0,0.0,0.0,0.0,0.0,0.0,0.0,0.0,0.0,0.0,0.0,0.0,0.0,0.0,0.0,0.0,0.0,0.0,0.0,0.0,0.0,0.0,0.0,0.0,0.0,0.0,0.0,0.0,0.0,0.0,0.0,0.0,0.0,0.0,0.0,0.0,0.0,0.0,0.0,0.0,0.0,0.0,0.0,0.0,0.0,-104.55358877602276,-104.55358877602276,-104.55358877602276,0.0,0.0,0.0,-28.776727607950225,-28.776727607950225,-28.776727607950225,-202.87489051730938,-202.87489051730938,-202.87489051730938,127.09802934923685,127.09802934923685,127.09802934923685,0.0,0.0,0.0,1098.035736725997
2021-05-19,1206.64414234278,915.9807840426499,1228.6574164431763,1206.64414234278,1206.64414234278,0.0,0.0,0.0,0.0,0.0,0.0,0.0,0.0,0.0,0.0,0.0,0.0,0.0,0.0,0.0,0.0,0.0,0.0,0.0,0.0,0.0,0.0,0.0,0.0,0.0,0.0,0.0,0.0,0.0,0.0,0.0,0.0,0.0,0.0,0.0,0.0,0.0,0.0,0.0,0.0,0.0,0.0,0.0,0.0,0.0,0.0,0.0,0.0,-132.39745484062072,-132.39745484062072,-132.39745484062072,0.0,0.0,0.0,-71.77608124490826,-71.77608124490826,-71.77608124490826,-181.71447593043564,-181.71447593043564,-181.71447593043564,121.09310233472318,121.09310233472318,121.09310233472318,0.0,0.0,0.0,1074.2466875021594
2021-05-20,1210.6989591835402,1045.2123034329375,1369.3108771531247,1210.6989591835402,1210.6989591835402,0.0,0.0,0.0,0.0,0.0,0.0,0.0,0.0,0.0,0.0,0.0,0.0,0.0,0.0,0.0,0.0,0.0,0.0,0.0,0.0,0.0,0.0,0.0,0.0,0.0,0.0,0.0,0.0,0.0,0.0,0.0,0.0,0.0,0.0,0.0,0.0,0.0,0.0,0.0,0.0,0.0,0.0,0.0,0.0,0.0,0.0,0.0,0.0,-8.600857962988282,-8.600857962988282,-8.600857962988282,0.0,0.0,0.0,-106.44612442309216,-106.44612442309216,-106.44612442309216,-16.87781296413229,-16.87781296413229,-16.87781296413229,114.72307942423616,114.72307942423616,114.72307942423616,0.0,0.0,0.0,1202.0981012205518
2021-05-21,1214.7537760243004,1182.1085903099067,1504.3454009836084,1214.7537760243004,1214.7537760243004,0.0,0.0,0.0,0.0,0.0,0.0,0.0,0.0,0.0,0.0,0.0,0.0,0.0,0.0,0.0,0.0,0.0,0.0,0.0,0.0,0.0,0.0,0.0,0.0,0.0,0.0,0.0,0.0,0.0,0.0,0.0,0.0,0.0,0.0,0.0,0.0,0.0,0.0,0.0,0.0,0.0,0.0,0.0,0.0,0.0,0.0,0.0,0.0,133.82118710669732,133.82118710669732,133.82118710669732,0.0,0.0,0.0,-125.24551716432187,-125.24551716432187,-125.24551716432187,151.10859487122872,151.10859487122872,151.10859487122872,107.95810939979047,107.95810939979047,107.95810939979047,0.0,0.0,0.0,1348.5749631309977
2021-05-22,1218.8085928650603,1232.2817557896058,1566.673703920561,1218.8085928650603,1218.8085928650603,0.0,0.0,0.0,0.0,0.0,0.0,0.0,0.0,0.0,0.0,0.0,0.0,0.0,0.0,0.0,0.0,0.0,0.0,0.0,0.0,0.0,0.0,0.0,0.0,0.0,0.0,0.0,0.0,0.0,0.0,0.0,0.0,0.0,0.0,0.0,0.0,0.0,0.0,0.0,0.0,0.0,0.0,0.0,0.0,0.0,0.0,0.0,0.0,182.36655830415773,182.36655830415773,182.36655830415773,0.0,0.0,0.0,-128.51660501293404,-128.51660501293404,-128.51660501293404,210.1013893641877,210.1013893641877,210.1013893641877,100.78177395290413,100.78177395290413,100.78177395290413,0.0,0.0,0.0,1401.175151169218
2021-05-23,1222.8634097058205,1138.4033599817676,1451.495234430428,1222.8634097058205,1222.8634097058205,0.0,0.0,0.0,0.0,0.0,0.0,0.0,0.0,0.0,0.0,0.0,0.0,0.0,0.0,0.0,0.0,0.0,0.0,0.0,0.0,0.0,0.0,0.0,0.0,0.0,0.0,0.0,0.0,0.0,0.0,0.0,0.0,0.0,0.0,0.0,0.0,0.0,0.0,0.0,0.0,0.0,0.0,0.0,0.0,0.0,0.0,0.0,0.0,69.15973476974868,69.15973476974868,69.15973476974868,0.0,0.0,0.0,-123.57153935193818,-123.57153935193818,-123.57153935193818,99.53964739351878,99.53964739351878,99.53964739351878,93.19162672816807,93.19162672816807,93.19162672816807,0.0,0.0,0.0,1292.023144475569
2021-05-24,1226.9182265465806,979.0734572021529,1290.8942402971388,1226.9182265465806,1226.9182265465806,0.0,0.0,0.0,0.0,0.0,0.0,0.0,0.0,0.0,0.0,0.0,0.0,0.0,0.0,0.0,0.0,0.0,0.0,0.0,0.0,0.0,0.0,0.0,0.0,0.0,0.0,0.0,0.0,0.0,0.0,0.0,0.0,0.0,0.0,0.0,0.0,0.0,0.0,0.0,0.0,0.0,0.0,0.0,0.0,0.0,0.0,0.0,0.0,-93.0833969021124,-93.0833969021124,-93.0833969021124,0.0,0.0,0.0,-119.00022625871262,-119.00022625871262,-119.00022625871262,-59.28245221728931,-59.28245221728931,-59.28245221728931,85.19928157388951,85.19928157388951,85.19928157388951,0.0,0.0,0.0,1133.8348296444683
2021-05-25,1230.9730433873408,824.2491529407154,1133.1684540650522,1230.9730433873408,1230.9730433873408,0.0,0.0,0.0,0.0,0.0,0.0,0.0,0.0,0.0,0.0,0.0,0.0,0.0,0.0,0.0,0.0,0.0,0.0,0.0,0.0,0.0,0.0,0.0,0.0,0.0,0.0,0.0,0.0,0.0,0.0,0.0,0.0,0.0,0.0,0.0,0.0,0.0,0.0,0.0,0.0,0.0,0.0,0.0,0.0,0.0,0.0,0.0,0.0,-244.8124153943216,-244.8124153943216,-244.8124153943216,0.0,0.0,0.0,-118.76757410150955,-118.76757410150955,-118.76757410150955,-202.8748905173938,-202.8748905173938,-202.8748905173938,76.8300492245817,76.8300492245817,76.8300492245817,0.0,0.0,0.0,986.1606279930193
2021-05-26,1235.027860228101,826.3233646110886,1168.5932153390731,1235.027860228101,1235.027860228101,0.0,0.0,0.0,0.0,0.0,0.0,0.0,0.0,0.0,0.0,0.0,0.0,0.0,0.0,0.0,0.0,0.0,0.0,0.0,0.0,0.0,0.0,0.0,0.0,0.0,0.0,0.0,0.0,0.0,0.0,0.0,0.0,0.0,0.0,0.0,0.0,0.0,0.0,0.0,0.0,0.0,0.0,0.0,0.0,0.0,0.0,0.0,0.0,-234.05535324806974,-234.05535324806974,-234.05535324806974,0.0,0.0,0.0,-120.46301282180835,-120.46301282180835,-120.46301282180835,-181.71447593074222,-181.71447593074222,-181.71447593074222,68.12213550448084,68.12213550448084,68.12213550448084,0.0,0.0,0.0,1000.9725069800312
2021-05-27,1239.082677068861,1002.1098853396569,1325.4566456545206,1239.082677068861,1239.082677068861,0.0,0.0,0.0,0.0,0.0,0.0,0.0,0.0,0.0,0.0,0.0,0.0,0.0,0.0,0.0,0.0,0.0,0.0,0.0,0.0,0.0,0.0,0.0,0.0,0.0,0.0,0.0,0.0,0.0,0.0,0.0,0.0,0.0,0.0,0.0,0.0,0.0,0.0,0.0,0.0,0.0,0.0,0.0,0.0,0.0,0.0,0.0,0.0,-76.13189428105306,-76.13189428105306,-76.13189428105306,0.0,0.0,0.0,-118.37950889545533,-118.37950889545533,-118.37950889545533,-16.877812963975032,-16.877812963975032,-16.877812963975032,59.12542757837727,59.12542757837727,59.12542757837727,0.0,0.0,0.0,1162.9507827878078
2021-05-28,1243.137493909621,1174.6910244769247,1500.2372486157797,1243.137493909621,1243.137493909621,0.0,0.0,0.0,0.0,0.0,0.0,0.0,0.0,0.0,0.0,0.0,0.0,0.0,0.0,0.0,0.0,0.0,0.0,0.0,0.0,0.0,0.0,0.0,0.0,0.0,0.0,0.0,0.0,0.0,0.0,0.0,0.0,0.0,0.0,0.0,0.0,0.0,0.0,0.0,0.0,0.0,0.0,0.0,0.0,0.0,0.0,0.0,0.0,92.72529993519764,92.72529993519764,92.72529993519764,0.0,0.0,0.0,-108.28320231885282,-108.28320231885282,-108.28320231885282,151.10859487135065,151.10859487135065,151.10859487135065,49.8999073826998,49.8999073826998,49.8999073826998,0.0,0.0,0.0,1335.8627938448187
2021-05-29,1247.1923107503812,1251.9639980721756,1579.0231138395375,1247.1923107503812,1247.1923107503812,0.0,0.0,0.0,0.0,0.0,0.0,0.0,0.0,0.0,0.0,0.0,0.0,0.0,0.0,0.0,0.0,0.0,0.0,0.0,0.0,0.0,0.0,0.0,0.0,0.0,0.0,0.0,0.0,0.0,0.0,0.0,0.0,0.0,0.0,0.0,0.0,0.0,0.0,0.0,0.0,0.0,0.0,0.0,0.0,0.0,0.0,0.0,0.0,160.64502283329932,160.64502283329932,160.64502283329932,0.0,0.0,0.0,-89.97010929124818,-89.97010929124818,-89.97010929124818,210.1013893641489,210.1013893641489,210.1013893641489,40.513742760398586,40.513742760398586,40.513742760398586,0.0,0.0,0.0,1407.8373335836804
2021-05-30,1251.2471275911414,1155.560321308937,1463.938261418013,1251.2471275911414,1251.2471275911414,0.0,0.0,0.0,0.0,0.0,0.0,0.0,0.0,0.0,0.0,0.0,0.0,0.0,0.0,0.0,0.0,0.0,0.0,0.0,0.0,0.0,0.0,0.0,0.0,0.0,0.0,0.0,0.0,0.0,0.0,0.0,0.0,0.0,0.0,0.0,0.0,0.0,0.0,0.0,0.0,0.0,0.0,0.0,0.0,0.0,0.0,0.0,0.0,64.34244612789699,64.34244612789699,64.34244612789699,0.0,0.0,0.0,-66.23831792581797,-66.23831792581797,-66.23831792581797,99.53964739341,99.53964739341,99.53964739341,31.041116660304997,31.041116660304997,31.041116660304997,0.0,0.0,0.0,1315.5895737190383
2021-05-31,1255.3019444319016,971.0670785167476,1293.2507328487725,1255.3019444319016,1255.3019444319016,0.0,0.0,0.0,0.0,0.0,0.0,0.0,0.0,0.0,0.0,0.0,0.0,0.0,0.0,0.0,0.0,0.0,0.0,0.0,0.0,0.0,0.0,0.0,0.0,0.0,0.0,0.0,-55.612599545519764,-55.612599545519764,-55.612599545519764,0.0,0.0,0.0,0.0,0.0,0.0,0.0,0.0,0.0,0.0,0.0,0.0,0.0,0.0,0.0,0.0,0.0,0.0,-133.43375567591397,-133.43375567591397,-133.43375567591397,-55.612599545519764,-55.612599545519764,-55.612599545519764,-40.098566655660655,-40.098566655660655,-40.098566655660655,-59.2824522174227,-59.2824522174227,-59.2824522174227,21.559862742689177,21.559862742689177,21.559862742689177,0.0,0.0,0.0,1121.8681887559876
2021-06-01,1259.3567612726617,898.1506815786513,1219.2799787856416,1259.3567612726617,1259.3567612726617,0.0,0.0,0.0,0.0,0.0,0.0,0.0,0.0,0.0,0.0,0.0,0.0,0.0,0.0,0.0,0.0,0.0,0.0,0.0,0.0,0.0,0.0,0.0,0.0,0.0,0.0,0.0,0.0,0.0,0.0,0.0,0.0,0.0,0.0,0.0,0.0,0.0,0.0,0.0,0.0,0.0,0.0,0.0,0.0,0.0,0.0,0.0,0.0,-203.7605982820658,-203.7605982820658,-203.7605982820658,0.0,0.0,0.0,-13.03468938624584,-13.03468938624584,-13.03468938624584,-202.8748905171053,-202.8748905171053,-202.8748905171053,12.148981621285309,12.148981621285309,12.148981621285309,0.0,0.0,0.0,1055.596162990596
2021-06-02,1263.4115781134217,938.4596534593398,1263.4728995962114,1263.4115781134217,1263.4115781134217,0.0,0.0,0.0,0.0,0.0,0.0,0.0,0.0,0.0,0.0,0.0,0.0,0.0,0.0,0.0,0.0,0.0,0.0,0.0,0.0,0.0,0.0,0.0,0.0,0.0,0.0,0.0,0.0,0.0,0.0,0.0,0.0,0.0,0.0,0.0,0.0,0.0,0.0,0.0,0.0,0.0,0.0,0.0,0.0,0.0,0.0,0.0,0.0,-164.25202762313563,-164.25202762313563,-164.25202762313563,0.0,0.0,0.0,14.576332718345641,14.576332718345641,14.576332718345641,-181.714475930677,-181.714475930677,-181.714475930677,2.8861155891957595,2.8861155891957595,2.8861155891957595,0.0,0.0,0.0,1099.1595504902862
2021-06-03,1267.4663949541819,1115.035037007546,1441.5362477967617,1267.4663949541819,1267.4663949541819,0.0,0.0,0.0,0.0,0.0,0.0,0.0,0.0,0.0,0.0,0.0,0.0,0.0,0.0,0.0,0.0,0.0,0.0,0.0,0.0,0.0,0.0,0.0,0.0,0.0,0.0,0.0,0.0,0.0,0.0,0.0,0.0,0.0,0.0,0.0,0.0,0.0,0.0,0.0,0.0,0.0,0.0,0.0,0.0,0.0,0.0,0.0,0.0,19.07276025460291,19.07276025460291,19.07276025460291,0.0,0.0,0.0,42.10551230438621,42.10551230438621,42.10551230438621,-16.8778129638669,-16.8778129638669,-16.8778129638669,-6.154939085916382,-6.154939085916382,-6.154939085916382,0.0,0.0,0.0,1286.5391552087847
2021-06-04,1271.521211794942,1302.5203439330971,1638.9902432430324,1271.521211794942,1271.521211794942,0.0,0.0,0.0,0.0,0.0,0.0,0.0,0.0,0.0,0.0,0.0,0.0,0.0,0.0,0.0,0.0,0.0,0.0,0.0,0.0,0.0,0.0,0.0,0.0,0.0,0.0,0.0,0.0,0.0,0.0,0.0,0.0,0.0,0.0,0.0,0.0,0.0,0.0,0.0,0.0,0.0,0.0,0.0,0.0,0.0,0.0,0.0,0.0,204.40142608355526,204.40142608355526,204.40142608355526,0.0,0.0,0.0,68.19943560337605,68.19943560337605,68.19943560337605,151.10859487143395,151.10859487143395,151.10859487143395,-14.906604391254733,-14.906604391254733,-14.906604391254733,0.0,0.0,0.0,1475.9226378784972
2021-06-05,1275.5760286357024,1393.1533618489354,1717.5141598245734,1275.5760286357024,1275.5760286357024,0.0,0.0,0.0,0.0,0.0,0.0,0.0,0.0,0.0,0.0,0.0,0.0,0.0,0.0,0.0,0.0,0.0,0.0,0.0,0.0,0.0,0.0,0.0,0.0,0.0,0.0,0.0,0.0,0.0,0.0,0.0,0.0,0.0,0.0,0.0,0.0,0.0,0.0,0.0,0.0,0.0,0.0,0.0,0.0,0.0,0.0,0.0,0.0,278.36538262114584,278.36538262114584,278.36538262114584,0.0,0.0,0.0,91.57369623129664,91.57369623129664,91.57369623129664,210.10138936411016,210.10138936411016,210.10138936411016,-23.30970297426093,-23.30970297426093,-23.30970297426093,0.0,0.0,0.0,1553.9414112568484
2021-06-06,1279.6308454764626,1304.8896557579071,1622.2848786397215,1279.6308454764626,1279.6308454764626,0.0,0.0,0.0,0.0,0.0,0.0,0.0,0.0,0.0,0.0,0.0,0.0,0.0,0.0,0.0,0.0,0.0,0.0,0.0,0.0,0.0,0.0,0.0,0.0,0.0,0.0,0.0,0.0,0.0,0.0,0.0,0.0,0.0,0.0,0.0,0.0,0.0,0.0,0.0,0.0,0.0,0.0,0.0,0.0,0.0,0.0,0.0,0.0,180.0093580872027,180.0093580872027,180.0093580872027,0.0,0.0,0.0,111.78509289799327,111.78509289799327,111.78509289799327,99.53964739390852,99.53964739390852,99.53964739390852,-31.31538220469909,-31.31538220469909,-31.31538220469909,0.0,0.0,0.0,1459.6402035636652
2021-06-07,1283.6856623172228,1159.8572871072968,1485.9621578200208,1283.6856623172228,1283.6856623172228,0.0,0.0,0.0,0.0,0.0,0.0,0.0,0.0,0.0,0.0,0.0,0.0,0.0,0.0,0.0,0.0,0.0,0.0,0.0,0.0,0.0,0.0,0.0,0.0,0.0,0.0,0.0,0.0,0.0,0.0,0.0,0.0,0.0,0.0,0.0,0.0,0.0,0.0,0.0,0.0,0.0,0.0,0.0,0.0,0.0,0.0,0.0,0.0,30.556520004675594,30.556520004675594,30.556520004675594,0.0,0.0,0.0,128.7256915210362,128.7256915210362,128.7256915210362,-59.282452217556084,-59.282452217556084,-59.282452217556084,-38.886719298804486,-38.886719298804486,-38.886719298804486,0.0,0.0,0.0,1314.2421823218983
2021-06-08,1287.7404791579825,1022.9514267428223,1341.944357059295,1287.7404791579825,1287.7404791579825,0.0,0.0,0.0,0.0,0.0,0.0,0.0,0.0,0.0,0.0,0.0,0.0,0.0,0.0,0.0,0.0,0.0,0.0,0.0,0.0,0.0,0.0,0.0,0.0,0.0,0.0,0.0,0.0,0.0,0.0,0.0,0.0,0.0,0.0,0.0,0.0,0.0,0.0,0.0,0.0,0.0,0.0,0.0,0.0,0.0,0.0,0.0,0.0,-107.61885787755536,-107.61885787755536,-107.61885787755536,0.0,0.0,0.0,141.25598932786005,141.25598932786005,141.25598932786005,-202.8748905171897,-202.8748905171897,-202.8748905171897,-45.999956688225694,-45.999956688225694,-45.999956688225694,0.0,0.0,0.0,1180.121621280427
2021-06-09,1291.7952959987426,1042.1825239445027,1370.9673310818225,1291.7952959987426,1291.7952959987426,0.0,0.0,0.0,0.0,0.0,0.0,0.0,0.0,0.0,0.0,0.0,0.0,0.0,0.0,0.0,0.0,0.0,0.0,0.0,0.0,0.0,0.0,0.0,0.0,0.0,0.0,0.0,0.0,0.0,0.0,0.0,0.0,0.0,0.0,0.0,0.0,0.0,0.0,0.0,0.0,0.0,0.0,0.0,0.0,0.0,0.0,0.0,0.0,-87.59509974376606,-87.59509974376606,-87.59509974376606,0.0,0.0,0.0,146.7647043391626,146.7647043391626,146.7647043391626,-181.7144759305619,-181.7144759305619,-181.7144759305619,-52.6453281523667,-52.6453281523667,-52.6453281523667,0.0,0.0,0.0,1204.2001962549766
2021-06-10,1295.8501128395028,1210.9944355323908,1518.2118303617995,1295.8501128395028,1295.8501128395028,0.0,0.0,0.0,0.0,0.0,0.0,0.0,0.0,0.0,0.0,0.0,0.0,0.0,0.0,0.0,0.0,0.0,0.0,0.0,0.0,0.0,0.0,0.0,0.0,0.0,0.0,0.0,0.0,0.0,0.0,0.0,0.0,0.0,0.0,0.0,0.0,0.0,0.0,0.0,0.0,0.0,0.0,0.0,0.0,0.0,0.0,0.0,0.0,67.07714241081626,67.07714241081626,67.07714241081626,0.0,0.0,0.0,142.78240415669424,142.78240415669424,142.78240415669424,-16.877812963660514,-16.877812963660514,-16.877812963660514,-58.827448782217445,-58.827448782217445,-58.827448782217445,0.0,0.0,0.0,1362.9272552503191
2021-06-11,1299.9049296802632,1360.749214111954,1679.8499083512384,1299.9049296802632,1299.9049296802632,0.0,0.0,0.0,0.0,0.0,0.0,0.0,0.0,0.0,0.0,0.0,0.0,0.0,0.0,0.0,0.0,0.0,0.0,0.0,0.0,0.0,0.0,0.0,0.0,0.0,0.0,0.0,0.0,0.0,0.0,0.0,0.0,0.0,0.0,0.0,0.0,0.0,0.0,0.0,0.0,0.0,0.0,0.0,0.0,0.0,0.0,0.0,0.0,216.07429428021845,216.07429428021845,216.07429428021845,0.0,0.0,0.0,129.53095463636322,129.53095463636322,129.53095463636322,151.10859487151723,151.10859487151723,151.10859487151723,-64.565255227662,-64.565255227662,-64.565255227662,0.0,0.0,0.0,1515.9792239604817
2021-06-12,1303.9597465210234,1397.1555015473025,1715.4642040722736,1303.9597465210234,1303.9597465210234,0.0,0.0,0.0,0.0,0.0,0.0,0.0,0.0,0.0,0.0,0.0,0.0,0.0,0.0,0.0,0.0,0.0,0.0,0.0,0.0,0.0,0.0,0.0,0.0,0.0,0.0,0.0,0.0,0.0,0.0,0.0,0.0,0.0,0.0,0.0,0.0,0.0,0.0,0.0,0.0,0.0,0.0,0.0,0.0,0.0,0.0,0.0,0.0,250.99659451656123,250.99659451656123,250.99659451656123,0.0,0.0,0.0,110.78670164324423,110.78670164324423,110.78670164324423,210.10138936411238,210.10138936411238,210.10138936411238,-69.89149649079536,-69.89149649079536,-69.89149649079536,0.0,0.0,0.0,1554.9563410375845
2021-06-13,1308.0145633617835,1263.2268134388903,1583.2337789890737,1308.0145633617835,1308.0145633617835,0.0,0.0,0.0,0.0,0.0,0.0,0.0,0.0,0.0,0.0,0.0,0.0,0.0,0.0,0.0,0.0,0.0,0.0,0.0,0.0,0.0,0.0,0.0,0.0,0.0,0.0,0.0,0.0,0.0,0.0,0.0,0.0,0.0,0.0,0.0,0.0,0.0,0.0,0.0,0.0,0.0,0.0,0.0,0.0,0.0,0.0,0.0,0.0,116.2188006648749,116.2188006648749,116.2188006648749,0.0,0.0,0.0,91.53094261918093,91.53094261918093,91.53094261918093,99.53964739379802,99.53964739379802,99.53964739379802,-74.85178934810405,-74.85178934810405,-74.85178934810405,0.0,0.0,0.0,1424.2333640266584
2021-06-14,1312.0693802025435,1087.3227294460614,1406.4766870854257,1312.0693802025435,1312.0693802025435,0.0,0.0,0.0,0.0,0.0,0.0,0.0,0.0,0.0,0.0,0.0,0.0,0.0,0.0,0.0,0.0,0.0,0.0,0.0,0.0,0.0,0.0,0.0,0.0,0.0,0.0,0.0,0.0,0.0,0.0,0.0,0.0,0.0,0.0,0.0,0.0,0.0,0.0,0.0,0.0,0.0,0.0,0.0,0.0,0.0,0.0,0.0,0.0,-64.90673515047096,-64.90673515047096,-64.90673515047096,0.0,0.0,0.0,73.87898296083401,73.87898296083401,73.87898296083401,-59.282452217665885,-59.282452217665885,-59.282452217665885,-79.50326589363908,-79.50326589363908,-79.50326589363908,0.0,0.0,0.0,1247.1626450520725
2021-06-15,1316.1241970433036,929.2682594390419,1245.1512118958492,1316.1241970433036,1316.1241970433036,0.0,0.0,0.0,0.0,0.0,0.0,0.0,0.0,0.0,0.0,0.0,0.0,0.0,0.0,0.0,0.0,0.0,0.0,0.0,0.0,0.0,0.0,0.0,0.0,0.0,0.0,0.0,0.0,0.0,0.0,0.0,0.0,0.0,0.0,0.0,0.0,0.0,0.0,0.0,0.0,0.0,0.0,0.0,0.0,0.0,0.0,0.0,0.0,-231.89081185255495,-231.89081185255495,-231.89081185255495,0.0,0.0,0.0,54.896931950791355,54.896931950791355,54.896931950791355,-202.87489051723333,-202.87489051723333,-202.87489051723333,-83.91285328611296,-83.91285328611296,-83.91285328611296,0.0,0.0,0.0,1084.2333851907488
2021-06-16,1320.1790138840638,919.8999545559949,1239.4838637302623,1320.1790138840638,1320.1790138840638,0.0,0.0,0.0,0.0,0.0,0.0,0.0,0.0,0.0,0.0,0.0,0.0,0.0,0.0,0.0,0.0,0.0,0.0,0.0,0.0,0.0,0.0,0.0,0.0,0.0,0.0,0.0,0.0,0.0,0.0,0.0,0.0,0.0,0.0,0.0,0.0,0.0,0.0,0.0,0.0,0.0,0.0,0.0,0.0,0.0,0.0,0.0,0.0,-241.05292861562813,-241.05292861562813,-241.05292861562813,0.0,0.0,0.0,28.816784487851244,28.816784487851244,28.816784487851244,-181.71447593044684,-181.71447593044684,-181.71447593044684,-88.15523717303255,-88.15523717303255,-88.15523717303255,0.0,0.0,0.0,1079.1260852684356
2021-06-17,1324.233830724824,1042.3679736310073,1363.3372286180215,1324.233830724824,1324.233830724824,0.0,0.0,0.0,0.0,0.0,0.0,0.0,0.0,0.0,0.0,0.0,0.0,0.0,0.0,0.0,0.0,0.0,0.0,0.0,0.0,0.0,0.0,0.0,0.0,0.0,0.0,0.0,0.0,0.0,0.0,0.0,0.0,0.0,0.0,0.0,0.0,0.0,0.0,0.0,0.0,0.0,0.0,0.0,0.0,0.0,0.0,0.0,0.0,-116.75295321879182,-116.75295321879182,-116.75295321879182,0.0,0.0,0.0,-7.564570148702035,-7.564570148702035,-7.564570148702035,-16.87781296435688,-16.87781296435688,-16.87781296435688,-92.31057010573292,-92.31057010573292,-92.31057010573292,0.0,0.0,0.0,1207.4808775060321
2021-06-18,1328.2886475655841,1155.76408274967,1502.7319987609567,1328.2886475655841,1328.2886475655841,0.0,0.0,0.0,0.0,0.0,0.0,0.0,0.0,0.0,0.0,0.0,0.0,0.0,0.0,0.0,0.0,0.0,0.0,-3.7287644988310897,-3.7287644988310897,-3.7287644988310897,0.0,0.0,0.0,0.0,0.0,0.0,0.0,0.0,0.0,0.0,0.0,0.0,0.0,0.0,0.0,0.0,0.0,0.0,0.0,0.0,0.0,0.0,0.0,0.0,0.0,0.0,0.0,0.27703228574162553,0.27703228574162553,0.27703228574162553,-3.7287644988310897,-3.7287644988310897,-3.7287644988310897,-50.640803833866656,-50.640803833866656,-50.640803833866656,151.10859487105475,151.10859487105475,151.10859487105475,-96.46199425261536,-96.46199425261536,-96.46199425261536,0.0,0.0,0.0,1328.5656798513257
2021-06-19,1332.3434644063443,1080.742869020038,1400.6445515374746,1332.3434644063443,1332.3434644063443,0.0,0.0,0.0,0.0,0.0,0.0,0.0,0.0,0.0,0.0,0.0,0.0,0.0,0.0,0.0,-117.09663452419738,-117.09663452419738,-117.09663452419738,0.0,0.0,0.0,0.0,0.0,0.0,0.0,0.0,0.0,0.0,0.0,0.0,0.0,0.0,0.0,0.0,0.0,0.0,0.0,0.0,0.0,0.0,0.0,0.0,0.0,0.0,0.0,0.0,0.0,0.0,-98.46379358594322,-98.46379358594322,-98.46379358594322,-117.09663452419738,-117.09663452419738,-117.09663452419738,-90.77549481106234,-90.77549481106234,-90.77549481106234,210.10138936407358,210.10138936407358,210.10138936407358,-100.69305361475709,-100.69305361475709,-100.69305361475709,0.0,0.0,0.0,1233.879670820401
2021-06-20,1336.3982812471043,1062.600292147669,1381.0620012440095,1336.3982812471043,1336.3982812471043,0.0,0.0,0.0,0.0,0.0,0.0,0.0,0.0,0.0,0.0,0.0,0.0,0.0,0.0,0.0,0.0,0.0,0.0,0.0,0.0,0.0,0.0,0.0,0.0,0.0,0.0,0.0,0.0,0.0,0.0,0.0,0.0,0.0,0.0,0.0,0.0,0.0,0.0,0.0,0.0,0.0,0.0,0.0,0.0,0.0,0.0,0.0,0.0,-123.55865702404918,-123.55865702404918,-123.55865702404918,0.0,0.0,0.0,-118.01322984616394,-118.01322984616394,-118.01322984616394,99.5396473936858,99.5396473936858,99.5396473936858,-105.08507457157101,-105.08507457157101,-105.08507457157101,0.0,0.0,0.0,1212.8396242230551
2021-06-21,1340.4530980878644,882.1638409341083,1222.348205092359,1340.4530980878644,1340.4530980878644,0.0,0.0,0.0,0.0,0.0,0.0,0.0,0.0,0.0,0.0,0.0,0.0,0.0,0.0,0.0,0.0,0.0,0.0,0.0,0.0,0.0,0.0,0.0,0.0,0.0,0.0,0.0,0.0,0.0,0.0,0.0,0.0,0.0,0.0,0.0,0.0,0.0,0.0,0.0,0.0,0.0,0.0,0.0,0.0,0.0,0.0,0.0,0.0,-297.4732185803696,-297.4732185803696,-297.4732185803696,0.0,0.0,0.0,-128.47617154773394,-128.47617154773394,-128.47617154773394,-59.28245221782288,-59.28245221782288,-59.28245221782288,-109.71459481481271,-109.71459481481271,-109.71459481481271,0.0,0.0,0.0,1042.9798795074948
2021-06-22,1342.0049474951877,720.5303640368678,1069.6007188440044,1342.0049474951877,1342.0049474951877,0.0,0.0,0.0,0.0,0.0,0.0,0.0,0.0,0.0,0.0,0.0,0.0,0.0,0.0,0.0,0.0,0.0,0.0,0.0,0.0,0.0,0.0,0.0,0.0,0.0,0.0,0.0,0.0,0.0,0.0,0.0,0.0,0.0,0.0,0.0,0.0,0.0,0.0,0.0,0.0,0.0,0.0,0.0,0.0,0.0,0.0,0.0,0.0,-444.0085248983433,-444.0085248983433,-444.0085248983433,0.0,0.0,0.0,-126.48271484953806,-126.48271484953806,-126.48271484953806,-202.8748905169856,-202.8748905169856,-202.8748905169856,-114.65091953181965,-114.65091953181965,-114.65091953181965,0.0,0.0,0.0,897.9964225968445
2021-06-23,1343.556796902511,749.9178799454394,1084.7158021929151,1343.556796902511,1343.556796902511,0.0,0.0,0.0,0.0,0.0,0.0,0.0,0.0,0.0,0.0,0.0,0.0,0.0,0.0,0.0,0.0,0.0,0.0,0.0,0.0,0.0,0.0,0.0,0.0,0.0,0.0,0.0,0.0,0.0,0.0,0.0,0.0,0.0,0.0,0.0,0.0,0.0,0.0,0.0,0.0,0.0,0.0,0.0,0.0,0.0,0.0,0.0,0.0,-422.50387552152176,-422.50387552152176,-422.50387552152176,0.0,0.0,0.0,-120.83551949207552,-120.83551949207552,-120.83551949207552,-181.7144759304315,-181.7144759304315,-181.7144759304315,-119.95388009901478,-119.95388009901478,-119.95388009901478,0.0,0.0,0.0,921.0529213809892
2021-06-24,1345.1086463098343,922.9669627865879,1255.4595123615004,1345.1086463098343,1345.1086463098343,0.0,0.0,0.0,0.0,0.0,0.0,0.0,0.0,0.0,0.0,0.0,0.0,0.0,0.0,0.0,0.0,0.0,0.0,0.0,0.0,0.0,0.0,0.0,0.0,0.0,0.0,0.0,0.0,0.0,0.0,0.0,0.0,0.0,0.0,0.0,0.0,0.0,0.0,0.0,0.0,0.0,0.0,0.0,0.0,0.0,0.0,0.0,0.0,-260.9096935772561,-260.9096935772561,-260.9096935772561,0.0,0.0,0.0,-118.3600159590899,-118.3600159590899,-118.3600159590899,-16.87781296419962,-16.87781296419962,-16.87781296419962,-125.67186465396665,-125.67186465396665,-125.67186465396665,0.0,0.0,0.0,1084.1989527325782
2021-06-25,1346.6604957171576,1090.746071856049,1405.4298130544666,1346.6604957171576,1346.6604957171576,0.0,0.0,0.0,0.0,0.0,0.0,0.0,0.0,0.0,0.0,0.0,0.0,0.0,0.0,0.0,0.0,0.0,0.0,0.0,0.0,0.0,0.0,0.0,0.0,0.0,0.0,0.0,0.0,0.0,0.0,0.0,0.0,0.0,0.0,0.0,0.0,0.0,0.0,0.0,0.0,0.0,0.0,0.0,0.0,0.0,0.0,0.0,0.0,-100.44379647410274,-100.44379647410274,-100.44379647410274,0.0,0.0,0.0,-119.71220944512594,-119.71220944512594,-119.71220944512594,151.10859487117668,151.10859487117668,151.10859487117668,-131.84018190015342,-131.84018190015342,-131.84018190015342,0.0,0.0,0.0,1246.2166992430548
2021-06-26,1348.2123451244809,1136.5201105558976,1457.3103017894307,1348.2123451244809,1348.2123451244809,0.0,0.0,0.0,0.0,0.0,0.0,0.0,0.0,0.0,0.0,0.0,0.0,0.0,0.0,0.0,0.0,0.0,0.0,0.0,0.0,0.0,0.0,0.0,0.0,0.0,0.0,0.0,0.0,0.0,0.0,0.0,0.0,0.0,0.0,0.0,0.0,0.0,0.0,0.0,0.0,0.0,0.0,0.0,0.0,0.0,0.0,0.0,0.0,-48.61921399699484,-48.61921399699484,-48.61921399699484,0.0,0.0,0.0,-120.24079376052993,-120.24079376052993,-120.24079376052993,210.10138936405534,210.10138936405534,210.10138936405534,-138.47980960052018,-138.47980960052018,-138.47980960052018,0.0,0.0,0.0,1299.593131127486
2021-06-27,1349.7641945318042,1019.9515851906701,1357.8883138782935,1349.7641945318042,1349.7641945318042,0.0,0.0,0.0,0.0,0.0,0.0,0.0,0.0,0.0,0.0,0.0,0.0,0.0,0.0,0.0,0.0,0.0,0.0,0.0,0.0,0.0,0.0,0.0,0.0,0.0,0.0,0.0,0.0,0.0,0.0,0.0,0.0,0.0,0.0,0.0,0.0,0.0,0.0,0.0,0.0,0.0,0.0,0.0,0.0,0.0,0.0,0.0,0.0,-160.50081570989917,-160.50081570989917,-160.50081570989917,0.0,0.0,0.0,-114.44389537143454,-114.44389537143454,-114.44389537143454,99.53964739357357,99.53964739357357,99.53964739357357,-145.59656773203818,-145.59656773203818,-145.59656773203818,0.0,0.0,0.0,1189.263378821905
2021-06-28,1351.3160439391274,880.9270148915499,1209.2081197768498,1351.3160439391274,1351.3160439391274,0.0,0.0,0.0,0.0,0.0,0.0,0.0,0.0,0.0,0.0,0.0,0.0,0.0,0.0,0.0,0.0,0.0,0.0,0.0,0.0,0.0,0.0,0.0,0.0,0.0,0.0,0.0,0.0,0.0,0.0,0.0,0.0,0.0,0.0,0.0,0.0,0.0,0.0,0.0,0.0,0.0,0.0,0.0,0.0,0.0,0.0,0.0,0.0,-312.4808313660266,-312.4808313660266,-312.4808313660266,0.0,0.0,0.0,-100.01763560360045,-100.01763560360045,-100.01763560360045,-59.282452217227615,-59.282452217227615,-59.282452217227615,-153.18074354519848,-153.18074354519848,-153.18074354519848,0.0,0.0,0.0,1038.8352125731008
2021-06-29,1352.8678933464507,752.3206003006277,1071.078980062914,1352.8678933464507,1352.8678933464507,0.0,0.0,0.0,0.0,0.0,0.0,0.0,0.0,0.0,0.0,0.0,0.0,0.0,0.0,0.0,0.0,0.0,0.0,0.0,0.0,0.0,0.0,0.0,0.0,0.0,0.0,0.0,0.0,0.0,0.0,0.0,0.0,0.0,0.0,0.0,0.0,0.0,0.0,0.0,0.0,0.0,0.0,0.0,0.0,0.0,0.0,0.0,0.0,-442.6493667481246,-442.6493667481246,-442.6493667481246,0.0,0.0,0.0,-78.56729404794501,-78.56729404794501,-78.56729404794501,-202.87489051702923,-202.87489051702923,-202.87489051702923,-161.2071821831504,-161.2071821831504,-161.2071821831504,0.0,0.0,0.0,910.2185265983262
2021-06-30,1354.419742753774,792.6748355879763,1116.0934947235733,1354.419742753774,1354.419742753774,0.0,0.0,0.0,0.0,0.0,0.0,0.0,0.0,0.0,0.0,0.0,0.0,0.0,0.0,0.0,0.0,0.0,0.0,0.0,0.0,0.0,0.0,0.0,0.0,0.0,0.0,0.0,0.0,0.0,0.0,0.0,0.0,0.0,0.0,0.0,0.0,0.0,0.0,0.0,0.0,0.0,0.0,0.0,0.0,0.0,0.0,0.0,0.0,-404.6866119366638,-404.6866119366638,-404.6866119366638,0.0,0.0,0.0,-53.3362935330434,-53.3362935330434,-53.3362935330434,-181.71447593031638,-181.71447593031638,-181.71447593031638,-169.63584247330408,-169.63584247330408,-169.63584247330408,0.0,0.0,0.0,949.7331308171102
2021-07-01,1355.9715921610973,968.8630648449025,1292.6271599636816,1355.9715921610973,1355.9715921610973,0.0,0.0,0.0,0.0,0.0,0.0,0.0,0.0,0.0,0.0,0.0,0.0,0.0,0.0,0.0,0.0,0.0,0.0,0.0,0.0,0.0,0.0,0.0,0.0,0.0,0.0,0.0,0.0,0.0,0.0,0.0,0.0,0.0,0.0,0.0,0.0,0.0,0.0,0.0,0.0,0.0,0.0,0.0,0.0,0.0,0.0,0.0,0.0,-221.93975578548822,-221.93975578548822,-221.93975578548822,0.0,0.0,0.0,-26.64913938846988,-26.64913938846988,-26.64913938846988,-16.87781296409149,-16.87781296409149,-16.87781296409149,-178.41280343292686,-178.41280343292686,-178.41280343292686,0.0,0.0,0.0,1134.0318363756091
2021-07-02,1357.5234415684206,1164.9338752392277,1476.8549647570396,1357.5234415684206,1357.5234415684206,0.0,0.0,0.0,0.0,0.0,0.0,0.0,0.0,0.0,0.0,0.0,0.0,0.0,0.0,0.0,0.0,0.0,0.0,0.0,0.0,0.0,0.0,0.0,0.0,0.0,0.0,0.0,0.0,0.0,0.0,0.0,0.0,0.0,0.0,0.0,0.0,0.0,0.0,0.0,0.0,0.0,0.0,0.0,0.0,0.0,0.0,0.0,0.0,-35.6403176409428,-35.6403176409428,-35.6403176409428,0.0,0.0,0.0,0.7227808429087574,0.7227808429087574,0.7227808429087574,151.10859487125995,151.10859487125995,151.10859487125995,-187.4716933551115,-187.4716933551115,-187.4716933551115,0.0,0.0,0.0,1321.8831239274778
2021-07-03,1359.0752909757439,1238.794529439075,1560.3464202608343,1359.0752909757439,1359.0752909757439,0.0,0.0,0.0,0.0,0.0,0.0,0.0,0.0,0.0,0.0,0.0,0.0,0.0,0.0,0.0,0.0,0.0,0.0,0.0,0.0,0.0,0.0,0.0,0.0,0.0,0.0,0.0,0.0,0.0,0.0,0.0,0.0,0.0,0.0,0.0,0.0,0.0,0.0,0.0,0.0,0.0,0.0,0.0,0.0,0.0,0.0,0.0,0.0,41.7897412304021,41.7897412304021,41.7897412304021,0.0,0.0,0.0,28.423852341701,28.423852341701,28.423852341701,210.10138936416337,210.10138936416337,210.10138936416337,-196.7355004754623,-196.7355004754623,-196.7355004754623,0.0,0.0,0.0,1400.865032206146
2021-07-04,1360.627140383067,1134.6123128179393,1460.0200621567717,1360.627140383067,1360.627140383067,0.0,0.0,0.0,0.0,0.0,0.0,0.0,0.0,0.0,-14.09509711147287,-14.09509711147287,-14.09509711147287,0.0,0.0,0.0,0.0,0.0,0.0,0.0,0.0,0.0,0.0,0.0,0.0,0.0,0.0,0.0,0.0,0.0,0.0,0.0,0.0,0.0,0.0,0.0,0.0,0.0,0.0,0.0,0.0,0.0,0.0,0.0,0.0,0.0,0.0,0.0,0.0,-65.24693680872645,-65.24693680872645,-65.24693680872645,-14.09509711147287,-14.09509711147287,-14.09509711147287,55.42722546226508,55.42722546226508,55.42722546226508,99.53964739346478,99.53964739346478,99.53964739346478,-206.11871255298342,-206.11871255298342,-206.11871255298342,0.0,0.0,0.0,1295.3802035743406
2021-07-05,1362.1789897903905,1060.3481779160002,1367.787962299779,1362.1789897903905,1362.1789897903905,0.0,0.0,0.0,0.0,0.0,0.0,0.0,0.0,0.0,0.0,0.0,0.0,42.45571742156469,42.45571742156469,42.45571742156469,0.0,0.0,0.0,0.0,0.0,0.0,0.0,0.0,0.0,0.0,0.0,0.0,0.0,0.0,0.0,0.0,0.0,0.0,0.0,0.0,0.0,0.0,0.0,0.0,0.0,0.0,0.0,0.0,0.0,0.0,0.0,0.0,0.0,-152.08100908613065,-152.08100908613065,-152.08100908613065,42.45571742156469,42.45571742156469,42.45571742156469,80.27544829874667,80.27544829874667,80.27544829874667,-59.28245221738459,-59.28245221738459,-59.28245221738459,-215.52972258905743,-215.52972258905743,-215.52972258905743,0.0,0.0,0.0,1210.0979807042597
2021-07-06,1363.7308391977137,869.3053863415156,1197.1282665550307,1363.7308391977137,1363.7308391977137,0.0,0.0,0.0,0.0,0.0,0.0,0.0,0.0,0.0,0.0,0.0,0.0,0.0,0.0,0.0,0.0,0.0,0.0,0.0,0.0,0.0,0.0,0.0,0.0,0.0,0.0,0.0,0.0,0.0,0.0,0.0,0.0,0.0,0.0,0.0,0.0,0.0,0.0,0.0,0.0,0.0,0.0,0.0,0.0,0.0,0.0,0.0,0.0,-325.67454710218783,-325.67454710218783,-325.67454710218783,0.0,0.0,0.0,102.07377307509152,102.07377307509152,102.07377307509152,-202.87489051711358,-202.87489051711358,-202.87489051711358,-224.87342966016578,-224.87342966016578,-224.87342966016578,0.0,0.0,0.0,1038.0562920955258
2021-07-07,1365.2826886050368,916.3940752621661,1233.2029115349048,1365.2826886050368,1365.2826886050368,0.0,0.0,0.0,0.0,0.0,0.0,0.0,0.0,0.0,0.0,0.0,0.0,0.0,0.0,0.0,0.0,0.0,0.0,0.0,0.0,0.0,0.0,0.0,0.0,0.0,0.0,0.0,0.0,0.0,0.0,0.0,0.0,0.0,0.0,0.0,0.0,0.0,0.0,0.0,0.0,0.0,0.0,0.0,0.0,0.0,0.0,0.0,0.0,-295.07156369609856,-295.07156369609856,-295.07156369609856,0.0,0.0,0.0,120.69686994449803,120.69686994449803,120.69686994449803,-181.71447593025115,-181.71447593025115,-181.71447593025115,-234.05395771034543,-234.05395771034543,-234.05395771034543,0.0,0.0,0.0,1070.2111249089382
2021-07-08,1366.83453801236,1078.743008434568,1396.8020540415948,1366.83453801236,1366.83453801236,0.0,0.0,0.0,0.0,0.0,0.0,0.0,0.0,0.0,0.0,0.0,0.0,0.0,0.0,0.0,0.0,0.0,0.0,0.0,0.0,0.0,0.0,0.0,0.0,0.0,0.0,0.0,0.0,0.0,0.0,0.0,0.0,0.0,0.0,0.0,0.0,0.0,0.0,0.0,0.0,0.0,0.0,0.0,0.0,0.0,0.0,0.0,0.0,-124.17543976428162,-124.17543976428162,-124.17543976428162,0.0,0.0,0.0,135.67978452801106,135.67978452801106,135.67978452801106,-16.87781296398336,-16.87781296398336,-16.87781296398336,-242.9774113283093,-242.9774113283093,-242.9774113283093,0.0,0.0,0.0,1242.6590982480784
2021-07-09,1368.3863874196834,1256.3786023347873,1574.5754259529913,1368.3863874196834,1368.3863874196834,0.0,0.0,0.0,0.0,0.0,0.0,0.0,0.0,0.0,0.0,0.0,0.0,0.0,0.0,0.0,0.0,0.0,0.0,0.0,0.0,0.0,0.0,0.0,0.0,0.0,0.0,0.0,0.0,0.0,0.0,0.0,0.0,0.0,0.0,0.0,0.0,0.0,0.0,0.0,0.0,0.0,0.0,0.0,0.0,0.0,0.0,0.0,0.0,44.6310029266072,44.6310029266072,44.6310029266072,0.0,0.0,0.0,145.07699419526028,145.07699419526028,145.07699419526028,151.10859487138188,151.10859487138188,151.10859487138188,-251.55458614003493,-251.55458614003493,-251.55458614003493,0.0,0.0,0.0,1413.0173903462905
2021-07-10,1369.9382368270067,1314.9118403922473,1622.5563041030262,1369.9382368270067,1369.9382368270067,0.0,0.0,0.0,0.0,0.0,0.0,0.0,0.0,0.0,0.0,0.0,0.0,0.0,0.0,0.0,0.0,0.0,0.0,0.0,0.0,0.0,0.0,0.0,0.0,0.0,0.0,0.0,0.0,0.0,0.0,0.0,0.0,0.0,0.0,0.0,0.0,0.0,0.0,0.0,0.0,0.0,0.0,0.0,0.0,0.0,0.0,0.0,0.0,96.43177758542863,96.43177758542863,96.43177758542863,0.0,0.0,0.0,146.03394075446752,146.03394075446752,146.03394075446752,210.10138936414512,210.10138936414512,210.10138936414512,-259.703552533184,-259.703552533184,-259.703552533184,0.0,0.0,0.0,1466.3700144124352
2021-07-11,1371.49008623433,1177.830846623324,1500.3499765339582,1371.49008623433,1371.49008623433,0.0,0.0,0.0,0.0,0.0,0.0,0.0,0.0,0.0,0.0,0.0,0.0,0.0,0.0,0.0,0.0,0.0,0.0,0.0,0.0,0.0,0.0,0.0,0.0,0.0,0.0,0.0,0.0,0.0,0.0,0.0,0.0,0.0,0.0,0.0,0.0,0.0,0.0,0.0,0.0,0.0,0.0,0.0,0.0,0.0,0.0,0.0,0.0,-30.661725227965825,-30.661725227965825,-30.661725227965825,0.0,0.0,0.0,137.15066234293985,137.15066234293985,137.15066234293985,99.53964739335257,99.53964739335257,99.53964739335257,-267.35203496425817,-267.35203496425817,-267.35203496425817,0.0,0.0,0.0,1340.828361006364
2021-07-12,1373.0419356416533,997.2125704304991,1318.3435474827304,1373.0419356416533,1373.0419356416533,0.0,0.0,0.0,0.0,0.0,0.0,0.0,0.0,0.0,0.0,0.0,0.0,0.0,0.0,0.0,0.0,0.0,0.0,0.0,0.0,0.0,0.0,0.0,0.0,0.0,0.0,0.0,0.0,0.0,0.0,0.0,0.0,0.0,0.0,0.0,0.0,0.0,0.0,0.0,0.0,0.0,0.0,0.0,0.0,0.0,0.0,0.0,0.0,-213.20691071370302,-213.20691071370302,-213.20691071370302,0.0,0.0,0.0,120.51505649178223,120.51505649178223,120.51505649178223,-59.28245221749439,-59.28245221749439,-59.28245221749439,-274.43951498799095,-274.43951498799095,-274.43951498799095,0.0,0.0,0.0,1159.8350249279501
2021-07-13,1374.5937850489765,824.2072460683794,1143.211070186806,1374.5937850489765,1374.5937850489765,0.0,0.0,0.0,0.0,0.0,0.0,0.0,0.0,0.0,0.0,0.0,0.0,0.0,0.0,0.0,0.0,0.0,0.0,0.0,0.0,0.0,0.0,0.0,0.0,0.0,0.0,0.0,0.0,0.0,0.0,0.0,0.0,0.0,0.0,0.0,0.0,0.0,0.0,0.0,0.0,0.0,0.0,0.0,0.0,0.0,0.0,0.0,0.0,-382.81457674215966,-382.81457674215966,-382.81457674215966,0.0,0.0,0.0,100.97930799018687,100.97930799018687,100.97930799018687,-202.8748905171572,-202.8748905171572,-202.8748905171572,-280.91899421518934,-280.91899421518934,-280.91899421518934,0.0,0.0,0.0,991.7792083068168
2021-07-14,1376.1456344562998,835.937848138292,1145.0738433370789,1376.1456344562998,1376.1456344562998,0.0,0.0,0.0,0.0,0.0,0.0,0.0,0.0,0.0,0.0,0.0,0.0,0.0,0.0,0.0,0.0,0.0,0.0,0.0,0.0,0.0,0.0,0.0,0.0,0.0,0.0,0.0,0.0,0.0,0.0,0.0,0.0,0.0,0.0,0.0,0.0,0.0,0.0,0.0,0.0,0.0,0.0,0.0,0.0,0.0,0.0,0.0,0.0,-385.90048395066,-385.90048395066,-385.90048395066,0.0,0.0,0.0,82.57235539676962,82.57235539676962,82.57235539676962,-181.71447593060765,-181.71447593060765,-181.71447593060765,-286.7583634168219,-286.7583634168219,-286.7583634168219,0.0,0.0,0.0,990.2451505056399
2021-07-15,1377.6974838636231,971.638606620609,1296.6706537302794,1377.6974838636231,1377.6974838636231,0.0,0.0,0.0,0.0,0.0,0.0,0.0,0.0,0.0,0.0,0.0,0.0,0.0,0.0,0.0,0.0,0.0,0.0,0.0,0.0,0.0,0.0,0.0,0.0,0.0,0.0,0.0,0.0,0.0,0.0,0.0,0.0,0.0,0.0,0.0,0.0,0.0,0.0,0.0,0.0,0.0,0.0,0.0,0.0,0.0,0.0,0.0,0.0,-243.91441079760216,-243.91441079760216,-243.91441079760216,0.0,0.0,0.0,64.90473781834554,64.90473781834554,64.90473781834554,-16.87781296453235,-16.87781296453235,-16.87781296453235,-291.94133565141533,-291.94133565141533,-291.94133565141533,0.0,0.0,0.0,1133.783073066021
2021-07-16,1379.2493332709464,1127.87225714494,1439.2074816274055,1379.2493332709464,1379.2493332709464,0.0,0.0,0.0,0.0,0.0,0.0,0.0,0.0,0.0,0.0,0.0,0.0,0.0,0.0,0.0,0.0,0.0,0.0,0.0,0.0,0.0,0.0,0.0,0.0,0.0,0.0,0.0,0.0,0.0,0.0,0.0,0.0,0.0,0.0,0.0,0.0,0.0,0.0,0.0,0.0,0.0,0.0,0.0,0.0,0.0,0.0,0.0,0.0,-102.28719550733258,-102.28719550733258,-102.28719550733258,0.0,0.0,0.0,43.07212387426006,43.07212387426006,43.07212387426006,151.10859487142656,151.10859487142656,151.10859487142656,-296.4679142530192,-296.4679142530192,-296.4679142530192,0.0,0.0,0.0,1276.9621377636138
2021-07-17,1380.8011826782697,1134.0099147200804,1468.826298553431,1380.8011826782697,1380.8011826782697,0.0,0.0,0.0,0.0,0.0,0.0,0.0,0.0,0.0,0.0,0.0,0.0,0.0,0.0,0.0,0.0,0.0,0.0,0.0,0.0,0.0,0.0,0.0,0.0,0.0,0.0,0.0,0.0,0.0,0.0,0.0,0.0,0.0,0.0,0.0,0.0,0.0,0.0,0.0,0.0,0.0,0.0,0.0,0.0,0.0,0.0,0.0,0.0,-78.38447768398198,-78.38447768398198,-78.38447768398198,0.0,0.0,0.0,11.868513343206105,11.868513343206105,11.868513343206105,210.10138936410635,210.10138936410635,210.10138936410635,-300.35438039129446,-300.35438039129446,-300.35438039129446,0.0,0.0,0.0,1302.4167049942878
2021-07-18,1382.353032085593,995.0886248360289,1308.3726219860189,1382.353032085593,1382.353032085593,0.0,0.0,0.0,0.0,0.0,0.0,0.0,0.0,0.0,0.0,0.0,0.0,0.0,0.0,0.0,0.0,0.0,0.0,0.0,0.0,0.0,0.0,0.0,0.0,0.0,0.0,0.0,0.0,0.0,0.0,0.0,0.0,0.0,0.0,0.0,0.0,0.0,0.0,0.0,0.0,0.0,0.0,0.0,0.0,0.0,0.0,0.0,0.0,-232.86987950662396,-232.86987950662396,-232.86987950662396,0.0,0.0,0.0,-28.776727607957206,-28.776727607957206,-28.776727607957206,99.53964739324206,99.53964739324206,99.53964739324206,-303.6327992919088,-303.6327992919088,-303.6327992919088,0.0,0.0,0.0,1149.483152578969
2021-07-19,1383.9048814929163,790.9502927510996,1106.326069084094,1383.9048814929163,1383.9048814929163,0.0,0.0,0.0,0.0,0.0,0.0,0.0,0.0,0.0,0.0,0.0,0.0,0.0,0.0,0.0,0.0,0.0,0.0,0.0,0.0,0.0,0.0,0.0,0.0,0.0,0.0,0.0,0.0,0.0,0.0,0.0,0.0,0.0,0.0,0.0,0.0,0.0,0.0,0.0,0.0,0.0,0.0,0.0,0.0,0.0,0.0,0.0,0.0,-437.4085921101159,-437.4085921101159,-437.4085921101159,0.0,0.0,0.0,-71.77608124490096,-71.77608124490096,-71.77608124490096,-59.28245221692273,-59.28245221692273,-59.28245221692273,-306.35005864829213,-306.35005864829213,-306.35005864829213,0.0,0.0,0.0,946.4962893828003
2021-07-20,1385.4567309002396,597.9844954368015,934.9842102712631,1385.4567309002396,1385.4567309002396,0.0,0.0,0.0,0.0,0.0,0.0,0.0,0.0,0.0,0.0,0.0,0.0,0.0,0.0,0.0,0.0,0.0,0.0,0.0,0.0,0.0,0.0,0.0,0.0,0.0,0.0,0.0,0.0,0.0,0.0,0.0,0.0,0.0,0.0,0.0,0.0,0.0,0.0,0.0,0.0,0.0,0.0,0.0,0.0,0.0,0.0,0.0,0.0,-617.8874817759347,-617.8874817759347,-617.8874817759347,0.0,0.0,0.0,-106.44612442308704,-106.44612442308704,-106.44612442308704,-202.87489051724162,-202.87489051724162,-202.87489051724162,-308.56646683560604,-308.56646683560604,-308.56646683560604,0.0,0.0,0.0,767.5692491243049
2021-07-21,1387.0085803075629,608.362414246926,932.5080902793762,1387.0085803075629,1387.0085803075629,0.0,0.0,0.0,0.0,0.0,0.0,0.0,0.0,0.0,0.0,0.0,0.0,0.0,0.0,0.0,0.0,0.0,0.0,0.0,0.0,0.0,0.0,0.0,0.0,0.0,0.0,0.0,0.0,0.0,0.0,0.0,0.0,0.0,0.0,0.0,0.0,0.0,0.0,0.0,0.0,0.0,0.0,0.0,0.0,0.0,0.0,0.0,0.0,-617.3139449212455,-617.3139449212455,-617.3139449212455,0.0,0.0,0.0,-125.2455171643242,-125.2455171643242,-125.2455171643242,-181.71447593054245,-181.71447593054245,-181.71447593054245,-310.35395182637876,-310.35395182637876,-310.35395182637876,0.0,0.0,0.0,769.6946353863174
2021-07-22,1388.5604297148861,767.6170051500568,1089.3632004172707,1388.5604297148861,1388.5604297148861,0.0,0.0,0.0,0.0,0.0,0.0,0.0,0.0,0.0,0.0,0.0,0.0,0.0,0.0,0.0,0.0,0.0,0.0,0.0,0.0,0.0,0.0,0.0,0.0,0.0,0.0,0.0,0.0,0.0,0.0,0.0,0.0,0.0,0.0,0.0,0.0,0.0,0.0,0.0,0.0,0.0,0.0,0.0,0.0,0.0,0.0,0.0,0.0,-457.18833178250156,-457.18833178250156,-457.18833178250156,0.0,0.0,0.0,-128.51660501294452,-128.51660501294452,-128.51660501294452,-16.877812964375092,-16.877812964375092,-16.877812964375092,-311.793913805182,-311.793913805182,-311.793913805182,0.0,0.0,0.0,931.3720979323846
2021-07-23,1390.1122791222094,941.5280557858413,1259.9765461163865,1390.1122791222094,1390.1122791222094,0.0,0.0,0.0,0.0,0.0,0.0,0.0,0.0,0.0,0.0,0.0,0.0,0.0,0.0,0.0,0.0,0.0,0.0,0.0,0.0,0.0,0.0,0.0,0.0,0.0,0.0,0.0,0.0,0.0,0.0,0.0,0.0,0.0,0.0,0.0,0.0,0.0,0.0,0.0,0.0,0.0,0.0,0.0,0.0,0.0,0.0,0.0,0.0,-285.437739498632,-285.437739498632,-285.437739498632,0.0,0.0,0.0,-123.57153935194003,-123.57153935194003,-123.57153935194003,151.10859487154846,151.10859487154846,151.10859487154846,-312.9747950182405,-312.9747950182405,-312.9747950182405,0.0,0.0,0.0,1104.6745396235774
2021-07-24,1391.6641285295327,1010.8892285705905,1328.4073070535753,1391.6641285295327,1391.6641285295327,0.0,0.0,0.0,0.0,0.0,0.0,0.0,0.0,0.0,0.0,0.0,0.0,0.0,0.0,0.0,0.0,0.0,0.0,0.0,0.0,0.0,0.0,0.0,0.0,0.0,0.0,0.0,0.0,0.0,0.0,0.0,0.0,0.0,0.0,0.0,0.0,0.0,0.0,0.0,0.0,0.0,0.0,0.0,0.0,0.0,0.0,0.0,0.0,-222.88827594606173,-222.88827594606173,-222.88827594606173,0.0,0.0,0.0,-119.00022625870922,-119.00022625870922,-119.00022625870922,210.10138936408808,210.10138936408808,210.10138936408808,-313.9894390514406,-313.9894390514406,-313.9894390514406,0.0,0.0,0.0,1168.775852583471
2021-07-25,1393.215977936856,902.4011680659537,1220.8524998540183,1393.215977936856,1393.215977936856,0.0,0.0,0.0,0.0,0.0,0.0,0.0,0.0,0.0,0.0,0.0,0.0,0.0,0.0,0.0,0.0,0.0,0.0,0.0,0.0,0.0,0.0,0.0,0.0,0.0,0.0,0.0,0.0,0.0,0.0,0.0,0.0,0.0,0.0,0.0,0.0,0.0,0.0,0.0,0.0,0.0,0.0,0.0,0.0,0.0,0.0,0.0,0.0,-334.16024495070485,-334.16024495070485,-334.16024495070485,0.0,0.0,0.0,-118.76757410151815,-118.76757410151815,-118.76757410151815,99.5396473937423,99.5396473937423,99.5396473937423,-314.93231824292894,-314.93231824292894,-314.93231824292894,0.0,0.0,0.0,1059.0557329861513
2021-07-26,1394.767827344179,732.7223086295746,1050.4445585505694,1394.767827344179,1394.767827344179,0.0,0.0,0.0,0.0,0.0,0.0,0.0,0.0,0.0,0.0,0.0,0.0,0.0,0.0,0.0,0.0,0.0,0.0,0.0,0.0,0.0,0.0,0.0,0.0,0.0,0.0,0.0,0.0,0.0,0.0,0.0,0.0,0.0,0.0,0.0,0.0,0.0,0.0,0.0,0.0,0.0,0.0,0.0,0.0,0.0,0.0,0.0,0.0,-495.642177137694,-495.642177137694,-495.642177137694,0.0,0.0,0.0,-120.46301282181285,-120.46301282181285,-120.46301282181285,-59.282452217056125,-59.282452217056125,-59.282452217056125,-315.89671209882493,-315.89671209882493,-315.89671209882493,0.0,0.0,0.0,899.125650206485
2021-07-27,1396.3196767515024,600.7987387844482,917.043968071067,1396.3196767515024,1396.3196767515024,0.0,0.0,0.0,0.0,0.0,0.0,0.0,0.0,0.0,0.0,0.0,0.0,0.0,0.0,0.0,0.0,0.0,0.0,0.0,0.0,0.0,0.0,0.0,0.0,0.0,0.0,0.0,0.0,0.0,0.0,0.0,0.0,0.0,0.0,0.0,0.0,0.0,0.0,0.0,0.0,0.0,0.0,0.0,0.0,0.0,0.0,0.0,0.0,-638.2263206764762,-638.2263206764762,-638.2263206764762,0.0,0.0,0.0,-118.37950889544945,-118.37950889544945,-118.37950889544945,-202.87489051724444,-202.87489051724444,-202.87489051724444,-316.9719212637823,-316.9719212637823,-316.9719212637823,0.0,0.0,0.0,758.0933560750261
2021-07-28,1397.8715261588256,639.0940727237795,951.6127156856552,1397.8715261588256,1397.8715261588256,0.0,0.0,0.0,0.0,0.0,0.0,0.0,0.0,0.0,0.0,0.0,0.0,0.0,0.0,0.0,0.0,0.0,0.0,0.0,0.0,0.0,0.0,0.0,0.0,0.0,0.0,0.0,0.0,0.0,0.0,0.0,0.0,0.0,0.0,0.0,0.0,0.0,0.0,0.0,0.0,0.0,0.0,0.0,0.0,0.0,0.0,0.0,0.0,-608.2382789899068,-608.2382789899068,-608.2382789899068,0.0,0.0,0.0,-108.28320231884709,-108.28320231884709,-108.28320231884709,-181.71447593042737,-181.71447593042737,-181.71447593042737,-318.2406007406323,-318.2406007406323,-318.2406007406323,0.0,0.0,0.0,789.6332471689188
2021-07-29,1399.423375566149,809.1075981270586,1131.2005009859017,1399.423375566149,1399.423375566149,0.0,0.0,0.0,0.0,0.0,0.0,0.0,0.0,0.0,0.0,0.0,0.0,0.0,0.0,0.0,0.0,0.0,0.0,0.0,0.0,0.0,0.0,0.0,0.0,0.0,0.0,0.0,0.0,0.0,0.0,0.0,0.0,0.0,0.0,0.0,0.0,0.0,0.0,0.0,0.0,0.0,0.0,0.0,0.0,0.0,0.0,0.0,0.0,-426.62421493226356,-426.62421493226356,-426.62421493226356,0.0,0.0,0.0,-89.97010929124453,-89.97010929124453,-89.97010929124453,-16.877812964266955,-16.877812964266955,-16.877812964266955,-319.7762926767521,-319.7762926767521,-319.7762926767521,0.0,0.0,0.0,972.7991606338853
2021-07-30,1400.9752249734722,989.6515448006893,1331.7248317461035,1400.9752249734722,1400.9752249734722,0.0,0.0,0.0,0.0,0.0,0.0,0.0,0.0,0.0,0.0,0.0,0.0,0.0,0.0,0.0,0.0,0.0,0.0,0.0,0.0,0.0,0.0,0.0,0.0,0.0,0.0,0.0,0.0,0.0,0.0,0.0,0.0,0.0,0.0,0.0,0.0,0.0,0.0,0.0,0.0,0.0,0.0,0.0,0.0,0.0,0.0,0.0,0.0,-236.77095628298437,-236.77095628298437,-236.77095628298437,0.0,0.0,0.0,-66.23831792582892,-66.23831792582892,-66.23831792582892,151.10859487112458,151.10859487112458,151.10859487112458,-321.6412332282801,-321.6412332282801,-321.6412332282801,0.0,0.0,0.0,1164.2042686904879
2021-07-31,1402.5270743807955,1085.9977294215105,1408.9922269123076,1402.5270743807955,1402.5270743807955,0.0,0.0,0.0,0.0,0.0,0.0,0.0,0.0,0.0,0.0,0.0,0.0,0.0,0.0,0.0,0.0,0.0,0.0,0.0,0.0,0.0,0.0,0.0,0.0,0.0,0.0,0.0,0.0,0.0,0.0,0.0,0.0,0.0,0.0,0.0,0.0,0.0,0.0,0.0,0.0,0.0,0.0,0.0,0.0,0.0,0.0,0.0,0.0,-153.88167723993504,-153.88167723993504,-153.88167723993504,0.0,0.0,0.0,-40.098566655596144,-40.098566655596144,-40.098566655596144,210.1013893640493,210.1013893640493,210.1013893640493,-323.8844999483882,-323.8844999483882,-323.8844999483882,0.0,0.0,0.0,1248.6453971408605
2021-08-01,1404.0789237881188,1001.5415632690394,1321.6034639080235,1404.0789237881188,1404.0789237881188,0.0,0.0,0.0,0.0,0.0,0.0,0.0,0.0,0.0,0.0,0.0,0.0,0.0,0.0,0.0,0.0,0.0,0.0,0.0,0.0,0.0,0.0,0.0,0.0,0.0,0.0,0.0,0.0,0.0,0.0,0.0,0.0,0.0,0.0,0.0,0.0,0.0,0.0,0.0,0.0,0.0,0.0,0.0,0.0,0.0,0.0,0.0,0.0,-240.0355980468202,-240.0355980468202,-240.0355980468202,0.0,0.0,0.0,-13.034689386237966,-13.034689386237966,-13.034689386237966,99.5396473936318,99.5396473936318,99.5396473936318,-326.54055605421405,-326.54055605421405,-326.54055605421405,0.0,0.0,0.0,1164.0433257412985
2021-08-02,1405.630773195442,877.5724353723464,1197.0740496958285,1405.630773195442,1405.630773195442,0.0,0.0,0.0,0.0,0.0,0.0,0.0,0.0,0.0,0.0,0.0,0.0,0.0,0.0,0.0,0.0,0.0,0.0,0.0,0.0,0.0,0.0,0.0,0.0,0.0,0.0,0.0,0.0,0.0,0.0,0.0,0.0,0.0,0.0,0.0,0.0,0.0,0.0,0.0,0.0,0.0,0.0,0.0,0.0,0.0,0.0,0.0,0.0,-374.3343556057544,-374.3343556057544,-374.3343556057544,0.0,0.0,0.0,14.576332718342385,14.576332718342385,14.576332718342385,-59.2824522171895,-59.2824522171895,-59.2824522171895,-329.62823610690737,-329.62823610690737,-329.62823610690737,0.0,0.0,0.0,1031.2964175896877
2021-08-03,1407.1826226027654,751.6062382589622,1074.736607422073,1407.1826226027654,1407.1826226027654,0.0,0.0,0.0,0.0,0.0,0.0,0.0,0.0,0.0,0.0,0.0,0.0,0.0,0.0,0.0,0.0,0.0,0.0,0.0,0.0,0.0,0.0,0.0,0.0,0.0,0.0,0.0,0.0,0.0,0.0,0.0,0.0,0.0,0.0,0.0,0.0,0.0,0.0,0.0,0.0,0.0,0.0,0.0,0.0,0.0,0.0,0.0,0.0,-493.9195826534248,-493.9195826534248,-493.9195826534248,0.0,0.0,0.0,42.10551230439478,42.10551230439478,42.10551230439478,-202.87489051732888,-202.87489051732888,-202.87489051732888,-333.15020444049077,-333.15020444049077,-333.15020444049077,0.0,0.0,0.0,913.2630399493405
2021-08-04,1407.8448654890153,792.1806178269406,1135.1781703431857,1407.8448654890153,1407.8448654890153,0.0,0.0,0.0,0.0,0.0,0.0,0.0,0.0,0.0,0.0,0.0,0.0,0.0,0.0,0.0,0.0,0.0,0.0,0.0,0.0,0.0,0.0,0.0,0.0,0.0,0.0,0.0,0.0,0.0,0.0,0.0,0.0,0.0,0.0,0.0,0.0,0.0,0.0,0.0,0.0,0.0,0.0,0.0,0.0,0.0,0.0,0.0,0.0,-450.60794381662674,-450.60794381662674,-450.60794381662674,0.0,0.0,0.0,68.1994356033717,68.1994356033717,68.1994356033717,-181.7144759303621,-181.7144759303621,-181.7144759303621,-337.0929034896363,-337.0929034896363,-337.0929034896363,0.0,0.0,0.0,957.2369216723886
2021-08-05,1408.5071083752653,992.1060821651533,1300.3432341075857,1408.5071083752653,1408.5071083752653,0.0,0.0,0.0,0.0,0.0,0.0,0.0,0.0,0.0,0.0,0.0,0.0,0.0,0.0,0.0,0.0,0.0,0.0,0.0,0.0,0.0,0.0,0.0,0.0,0.0,0.0,0.0,0.0,0.0,0.0,0.0,0.0,0.0,0.0,0.0,0.0,0.0,0.0,0.0,0.0,0.0,0.0,0.0,0.0,0.0,0.0,0.0,0.0,-266.73111114996954,-266.73111114996954,-266.73111114996954,0.0,0.0,0.0,91.5736962312881,91.5736962312881,91.5736962312881,-16.877812964158824,-16.877812964158824,-16.877812964158824,-341.42699441709885,-341.42699441709885,-341.42699441709885,0.0,0.0,0.0,1141.7759972252957
2021-08-06,1409.169351261515,1163.5981600606017,1481.7662834061532,1409.169351261515,1409.169351261515,0.0,0.0,0.0,0.0,0.0,0.0,0.0,0.0,0.0,0.0,0.0,0.0,0.0,0.0,0.0,0.0,0.0,0.0,0.0,0.0,0.0,0.0,0.0,0.0,0.0,0.0,0.0,0.0,0.0,0.0,0.0,0.0,0.0,0.0,0.0,0.0,0.0,0.0,0.0,0.0,0.0,0.0,0.0,0.0,0.0,0.0,0.0,0.0,-83.21458980083496,-83.21458980083496,-83.21458980083496,0.0,0.0,0.0,111.78509289798555,111.78509289798555,111.78509289798555,151.10859487120788,151.10859487120788,151.10859487120788,-346.10827757002846,-346.10827757002846,-346.10827757002846,0.0,0.0,0.0,1325.95476146068
2021-08-07,1409.831594147765,1244.2592175483899,1563.6468417885262,1409.831594147765,1409.831594147765,0.0,0.0,0.0,0.0,0.0,0.0,0.0,0.0,0.0,0.0,0.0,0.0,0.0,0.0,0.0,0.0,0.0,0.0,0.0,0.0,0.0,0.0,0.0,0.0,0.0,0.0,0.0,0.0,0.0,0.0,0.0,0.0,0.0,0.0,0.0,0.0,0.0,0.0,0.0,0.0,0.0,0.0,0.0,0.0,0.0,0.0,0.0,0.0,-12.251984863071705,-12.251984863071705,-12.251984863071705,0.0,0.0,0.0,128.7256915210441,128.7256915210441,128.7256915210441,210.10138936405153,210.10138936405153,210.10138936405153,-351.0790657481674,-351.0790657481674,-351.0790657481674,0.0,0.0,0.0,1397.579609284693
2021-08-08,1410.4938370340149,1148.8267770645825,1473.9525545350207,1410.4938370340149,1410.4938370340149,0.0,0.0,0.0,0.0,0.0,0.0,0.0,0.0,0.0,0.0,0.0,0.0,0.0,0.0,0.0,0.0,0.0,0.0,0.0,0.0,0.0,0.0,0.0,0.0,0.0,0.0,0.0,0.0,0.0,0.0,0.0,0.0,0.0,0.0,0.0,0.0,0.0,0.0,0.0,0.0,0.0,0.0,0.0,0.0,0.0,0.0,0.0,0.0,-115.47433276259294,-115.47433276259294,-115.47433276259294,0.0,0.0,0.0,141.2559893278542,141.2559893278542,141.2559893278542,99.53964739352128,99.53964739352128,99.53964739352128,-356.26996948396845,-356.26996948396845,-356.26996948396845,0.0,0.0,0.0,1295.019504271422
2021-08-09,1411.1560799202648,971.8451919466502,1298.3876172292335,1411.1560799202648,1411.1560799202648,0.0,0.0,0.0,0.0,0.0,0.0,0.0,0.0,0.0,0.0,0.0,0.0,0.0,0.0,0.0,0.0,0.0,0.0,0.0,0.0,0.0,0.0,0.0,0.0,0.0,0.0,0.0,0.0,0.0,0.0,0.0,0.0,0.0,0.0,0.0,0.0,0.0,0.0,0.0,0.0,0.0,0.0,0.0,0.0,0.0,0.0,0.0,0.0,-274.11978880952717,-274.11978880952717,-274.11978880952717,0.0,0.0,0.0,146.76470433915912,146.76470433915912,146.76470433915912,-59.2824522172993,-59.2824522172993,-59.2824522172993,-361.602040931387,-361.602040931387,-361.602040931387,0.0,0.0,0.0,1137.0362911107377
2021-08-10,1411.8183228065147,810.0565696805879,1153.939894647445,1411.8183228065147,1411.8183228065147,0.0,0.0,0.0,0.0,0.0,0.0,0.0,0.0,0.0,0.0,0.0,0.0,0.0,0.0,0.0,0.0,0.0,0.0,0.0,0.0,0.0,0.0,0.0,0.0,0.0,0.0,0.0,0.0,0.0,0.0,0.0,0.0,0.0,0.0,0.0,0.0,0.0,0.0,0.0,0.0,0.0,0.0,0.0,0.0,0.0,0.0,0.0,0.0,-427.0816982833198,-427.0816982833198,-427.0816982833198,0.0,0.0,0.0,142.78240415669734,142.78240415669734,142.78240415669734,-202.87489051708113,-202.87489051708113,-202.87489051708113,-366.9892119229361,-366.9892119229361,-366.9892119229361,0.0,0.0,0.0,984.7366245231949
2021-08-11,1412.4805656927647,831.8109550663522,1147.0914504720524,1412.4805656927647,1412.4805656927647,0.0,0.0,0.0,0.0,0.0,0.0,0.0,0.0,0.0,0.0,0.0,0.0,0.0,0.0,0.0,0.0,0.0,0.0,0.0,0.0,0.0,0.0,0.0,0.0,0.0,0.0,0.0,0.0,0.0,0.0,0.0,0.0,0.0,0.0,0.0,0.0,0.0,0.0,0.0,0.0,0.0,0.0,0.0,0.0,0.0,0.0,0.0,0.0,-424.52447391202367,-424.52447391202367,-424.52447391202367,0.0,0.0,0.0,129.53095463637905,129.53095463637905,129.53095463637905,-181.714475930247,-181.714475930247,-181.714475930247,-372.3409526181557,-372.3409526181557,-372.3409526181557,0.0,0.0,0.0,987.956091780741
2021-08-12,1413.1428085790146,966.6181477877253,1289.308206325596,1413.1428085790146,1413.1428085790146,0.0,0.0,0.0,0.0,0.0,0.0,0.0,0.0,0.0,0.0,0.0,0.0,0.0,0.0,0.0,0.0,0.0,0.0,0.0,0.0,0.0,0.0,0.0,0.0,0.0,0.0,0.0,0.0,0.0,0.0,0.0,0.0,0.0,0.0,0.0,0.0,0.0,0.0,0.0,0.0,0.0,0.0,0.0,0.0,0.0,0.0,0.0,0.0,-283.65618153611894,-283.65618153611894,-283.65618153611894,0.0,0.0,0.0,110.78670164325335,110.78670164325335,110.78670164325335,-16.877812964001564,-16.877812964001564,-16.877812964001564,-377.5650702153707,-377.5650702153707,-377.5650702153707,0.0,0.0,0.0,1129.4866270428956
2021-08-13,1413.8050514652646,1113.5213877326385,1434.2624949943872,1413.8050514652646,1413.8050514652646,0.0,0.0,0.0,0.0,0.0,0.0,0.0,0.0,0.0,0.0,0.0,0.0,0.0,0.0,0.0,0.0,0.0,0.0,0.0,0.0,0.0,0.0,0.0,0.0,0.0,0.0,0.0,0.0,0.0,0.0,0.0,0.0,0.0,0.0,0.0,0.0,0.0,0.0,0.0,0.0,0.0,0.0,0.0,0.0,0.0,0.0,0.0,0.0,-139.93102515927689,-139.93102515927689,-139.93102515927689,0.0,0.0,0.0,91.53094261916851,91.53094261916851,91.53094261916851,151.1085948712912,151.1085948712912,151.1085948712912,-382.5705626497366,-382.5705626497366,-382.5705626497366,0.0,0.0,0.0,1273.8740263059876
2021-08-14,1414.4672943515147,1147.0741645179087,1474.7394991969136,1414.4672943515147,1414.4672943515147,0.0,0.0,0.0,0.0,0.0,0.0,0.0,0.0,0.0,0.0,0.0,0.0,0.0,0.0,0.0,0.0,0.0,0.0,0.0,0.0,0.0,0.0,0.0,0.0,0.0,0.0,0.0,0.0,0.0,0.0,0.0,0.0,0.0,0.0,0.0,0.0,0.0,0.0,0.0,0.0,0.0,0.0,0.0,0.0,0.0,0.0,0.0,0.0,-103.2900678764024,-103.2900678764024,-103.2900678764024,0.0,0.0,0.0,73.87898296083168,73.87898296083168,73.87898296083168,210.10138936401282,210.10138936401282,210.10138936401282,-387.27044020124686,-387.27044020124686,-387.27044020124686,0.0,0.0,0.0,1311.1772264751123
2021-08-15,1415.1295372377647,1010.6284478081907,1331.4950567283254,1415.1295372377647,1415.1295372377647,0.0,0.0,0.0,0.0,0.0,0.0,0.0,0.0,0.0,0.0,0.0,0.0,0.0,0.0,0.0,0.0,0.0,0.0,0.0,0.0,0.0,0.0,0.0,0.0,0.0,0.0,0.0,0.0,0.0,0.0,0.0,0.0,0.0,0.0,0.0,0.0,0.0,0.0,0.0,0.0,0.0,0.0,0.0,0.0,0.0,0.0,0.0,0.0,-237.1478492124615,-237.1478492124615,-237.1478492124615,0.0,0.0,0.0,54.896931950795015,54.896931950795015,54.896931950795015,99.53964739402153,99.53964739402153,99.53964739402153,-391.58442855727804,-391.58442855727804,-391.58442855727804,0.0,0.0,0.0,1177.9816880253031
2021-08-16,1415.7917801240146,840.6214182850204,1154.8152413019147,1415.7917801240146,1415.7917801240146,0.0,0.0,0.0,0.0,0.0,0.0,0.0,0.0,0.0,0.0,0.0,0.0,0.0,0.0,0.0,0.0,0.0,0.0,0.0,0.0,0.0,0.0,0.0,0.0,0.0,0.0,0.0,0.0,0.0,0.0,0.0,0.0,0.0,0.0,0.0,0.0,0.0,0.0,0.0,0.0,0.0,0.0,0.0,0.0,0.0,0.0,0.0,0.0,-425.9071378371349,-425.9071378371349,-425.9071378371349,0.0,0.0,0.0,28.81678448785454,28.81678448785454,28.81678448785454,-59.282452217409094,-59.282452217409094,-59.282452217409094,-395.4414701075803,-395.4414701075803,-395.4414701075803,0.0,0.0,0.0,989.8846422868797
2021-08-17,1416.4540230102646,648.7753803201765,976.0443153023607,1416.4540230102646,1416.4540230102646,0.0,0.0,0.0,0.0,0.0,0.0,0.0,0.0,0.0,0.0,0.0,0.0,0.0,0.0,0.0,0.0,0.0,0.0,0.0,0.0,0.0,0.0,0.0,0.0,0.0,0.0,0.0,0.0,0.0,0.0,0.0,0.0,0.0,0.0,0.0,0.0,0.0,0.0,0.0,0.0,0.0,0.0,0.0,0.0,0.0,0.0,0.0,0.0,-609.2214066778387,-609.2214066778387,-609.2214066778387,0.0,0.0,0.0,-7.564570148696278,-7.564570148696278,-7.564570148696278,-202.87489051712473,-202.87489051712473,-202.87489051712473,-398.78194601201767,-398.78194601201767,-398.78194601201767,0.0,0.0,0.0,807.2326163324259
2021-08-18,1417.1162658965145,623.5297026017726,944.5341268994312,1417.1162658965145,1417.1162658965145,0.0,0.0,0.0,0.0,0.0,0.0,0.0,0.0,0.0,0.0,0.0,0.0,0.0,0.0,0.0,0.0,0.0,0.0,0.0,0.0,0.0,0.0,0.0,0.0,0.0,0.0,0.0,0.0,0.0,0.0,0.0,0.0,0.0,0.0,0.0,0.0,0.0,0.0,0.0,0.0,0.0,0.0,0.0,0.0,0.0,0.0,0.0,0.0,-633.9148294731039,-633.9148294731039,-633.9148294731039,0.0,0.0,0.0,-50.64080383385922,-50.64080383385922,-50.64080383385922,-181.7144759307033,-181.7144759307033,-181.7144759307033,-401.5595497085413,-401.5595497085413,-401.5595497085413,0.0,0.0,0.0,783.2014364234107
2021-08-19,1417.7785087827642,746.0731087339216,1061.351242178187,1417.7785087827642,1417.7785087827642,0.0,0.0,0.0,0.0,0.0,0.0,0.0,0.0,0.0,0.0,0.0,0.0,0.0,0.0,0.0,0.0,0.0,0.0,0.0,0.0,0.0,0.0,0.0,0.0,0.0,0.0,0.0,0.0,0.0,0.0,0.0,0.0,0.0,0.0,0.0,0.0,0.0,0.0,0.0,0.0,0.0,0.0,0.0,0.0,0.0,0.0,0.0,0.0,-511.3960605645614,-511.3960605645614,-511.3960605645614,0.0,0.0,0.0,-90.77549481104711,-90.77549481104711,-90.77549481104711,-16.877812963844306,-16.877812963844306,-16.877812963844306,-403.74275278966985,-403.74275278966985,-403.74275278966985,0.0,0.0,0.0,906.3824482182029
2021-08-20,1418.4407516690142,889.170170472182,1194.141676290414,1418.4407516690142,1418.4407516690142,0.0,0.0,0.0,0.0,0.0,0.0,0.0,0.0,0.0,0.0,0.0,0.0,0.0,0.0,0.0,0.0,0.0,0.0,0.0,0.0,0.0,0.0,0.0,0.0,0.0,0.0,0.0,0.0,0.0,0.0,0.0,0.0,0.0,0.0,0.0,0.0,0.0,0.0,0.0,0.0,0.0,0.0,0.0,0.0,0.0,0.0,0.0,0.0,-372.2204512462455,-372.2204512462455,-372.2204512462455,0.0,0.0,0.0,-118.01322984616068,-118.01322984616068,-118.01322984616068,151.10859487141312,151.10859487141312,151.10859487141312,-405.3158162714978,-405.3158162714978,-405.3158162714978,0.0,0.0,0.0,1046.2203004227686
2021-08-21,1419.102994555264,929.0573181780459,1264.507710731183,1419.102994555264,1419.102994555264,0.0,0.0,0.0,0.0,0.0,0.0,0.0,0.0,0.0,0.0,0.0,0.0,0.0,0.0,0.0,0.0,0.0,0.0,0.0,0.0,0.0,0.0,0.0,0.0,0.0,0.0,0.0,0.0,0.0,0.0,0.0,0.0,0.0,0.0,0.0,0.0,0.0,0.0,0.0,0.0,0.0,0.0,0.0,0.0,0.0,0.0,0.0,0.0,-324.65409603959995,-324.65409603959995,-324.65409603959995,0.0,0.0,0.0,-128.47617154773283,-128.47617154773283,-128.47617154773283,210.10138936412082,210.10138936412082,210.10138936412082,-406.2793138559881,-406.2793138559881,-406.2793138559881,0.0,0.0,0.0,1094.448898515664
2021-08-22,1419.765237441514,826.6415931231323,1141.9061486593223,1419.765237441514,1419.765237441514,0.0,0.0,0.0,0.0,0.0,0.0,0.0,0.0,0.0,0.0,0.0,0.0,0.0,0.0,0.0,0.0,0.0,0.0,0.0,0.0,0.0,0.0,0.0,0.0,0.0,0.0,0.0,0.0,0.0,0.0,0.0,0.0,0.0,0.0,0.0,0.0,0.0,0.0,0.0,0.0,0.0,0.0,0.0,0.0,0.0,0.0,0.0,0.0,-433.5932159002802,-433.5932159002802,-433.5932159002802,0.0,0.0,0.0,-126.48271484953702,-126.48271484953702,-126.48271484953702,99.5396473939093,99.5396473939093,99.5396473939093,-406.6501484446524,-406.6501484446524,-406.6501484446524,0.0,0.0,0.0,986.1720215412338
2021-08-23,1420.427480327764,668.3371158734295,995.087006361607,1420.427480327764,1420.427480327764,0.0,0.0,0.0,0.0,0.0,0.0,0.0,0.0,0.0,0.0,0.0,0.0,0.0,0.0,0.0,0.0,0.0,0.0,0.0,0.0,0.0,0.0,0.0,0.0,0.0,0.0,0.0,0.0,0.0,0.0,0.0,0.0,0.0,0.0,0.0,0.0,0.0,0.0,0.0,0.0,0.0,0.0,0.0,0.0,0.0,0.0,0.0,0.0,-586.5790301751465,-586.5790301751465,-586.5790301751465,0.0,0.0,0.0,-120.83551949206255,-120.83551949206255,-120.83551949206255,-59.28245221754249,-59.28245221754249,-59.28245221754249,-406.46105846554144,-406.46105846554144,-406.46105846554144,0.0,0.0,0.0,833.8484501526175
2021-08-24,1421.089723214014,528.9140892422049,854.5016393693944,1421.089723214014,1421.089723214014,0.0,0.0,0.0,0.0,0.0,0.0,0.0,0.0,0.0,0.0,0.0,0.0,0.0,0.0,0.0,0.0,0.0,0.0,0.0,0.0,0.0,0.0,0.0,0.0,0.0,0.0,0.0,0.0,0.0,0.0,0.0,0.0,0.0,0.0,0.0,0.0,0.0,0.0,0.0,0.0,0.0,0.0,0.0,0.0,0.0,0.0,0.0,0.0,-726.994532546342,-726.994532546342,-726.994532546342,0.0,0.0,0.0,-118.36001595909849,-118.36001595909849,-118.36001595909849,-202.87489051716835,-202.87489051716835,-202.87489051716835,-405.7596260700753,-405.7596260700753,-405.7596260700753,0.0,0.0,0.0,694.0951906676719
2021-08-25,1421.751966100264,557.9513802600112,873.0703266230101,1421.751966100264,1421.751966100264,0.0,0.0,0.0,0.0,0.0,0.0,0.0,0.0,0.0,0.0,0.0,0.0,0.0,0.0,0.0,0.0,0.0,0.0,0.0,0.0,0.0,0.0,0.0,0.0,0.0,0.0,0.0,0.0,0.0,0.0,0.0,0.0,0.0,0.0,0.0,0.0,0.0,0.0,0.0,0.0,0.0,0.0,0.0,0.0,0.0,0.0,0.0,0.0,-706.0334998539709,-706.0334998539709,-706.0334998539709,0.0,0.0,0.0,-119.71220944513387,-119.71220944513387,-119.71220944513387,-181.7144759305882,-181.7144759305882,-181.7144759305882,-404.60681447824885,-404.60681447824885,-404.60681447824885,0.0,0.0,0.0,715.7184662462932
2021-08-26,1422.414208986514,726.0161235545014,1040.6714065820918,1422.414208986514,1422.414208986514,0.0,0.0,0.0,0.0,0.0,0.0,0.0,0.0,0.0,0.0,0.0,0.0,0.0,0.0,0.0,0.0,0.0,0.0,0.0,0.0,0.0,0.0,0.0,0.0,0.0,0.0,0.0,0.0,0.0,0.0,0.0,0.0,0.0,0.0,0.0,0.0,0.0,0.0,0.0,0.0,0.0,0.0,0.0,0.0,0.0,0.0,0.0,0.0,-540.193682966729,-540.193682966729,-540.193682966729,0.0,0.0,0.0,-120.24079376053254,-120.24079376053254,-120.24079376053254,-16.877812964491547,-16.877812964491547,-16.877812964491547,-403.07507624170483,-403.07507624170483,-403.07507624170483,0.0,0.0,0.0,882.220526019785
2021-08-27,1423.076451872764,891.6471310636292,1202.3173950540158,1423.076451872764,1423.076451872764,0.0,0.0,0.0,0.0,0.0,0.0,0.0,0.0,0.0,0.0,0.0,0.0,0.0,0.0,0.0,0.0,0.0,0.0,0.0,0.0,0.0,0.0,0.0,0.0,0.0,0.0,0.0,0.0,0.0,0.0,0.0,0.0,0.0,0.0,0.0,0.0,0.0,0.0,0.0,0.0,0.0,0.0,0.0,0.0,0.0,0.0,0.0,0.0,-364.5813880170111,-364.5813880170111,-364.5813880170111,0.0,0.0,0.0,-114.44389537144137,-114.44389537144137,-114.44389537144137,151.10859487153502,151.10859487153502,151.10859487153502,-401.2460875171046,-401.2460875171046,-401.2460875171046,0.0,0.0,0.0,1058.495063855753
2021-08-28,1423.738694759014,968.6171632259835,1300.316195196397,1423.738694759014,1423.738694759014,0.0,0.0,0.0,0.0,0.0,0.0,0.0,0.0,0.0,0.0,0.0,0.0,0.0,0.0,0.0,0.0,0.0,0.0,0.0,0.0,0.0,0.0,0.0,0.0,0.0,0.0,0.0,0.0,0.0,0.0,0.0,0.0,0.0,0.0,0.0,0.0,0.0,0.0,0.0,0.0,0.0,0.0,0.0,0.0,0.0,0.0,0.0,0.0,-289.1244214295653,-289.1244214295653,-289.1244214295653,0.0,0.0,0.0,-100.01763560365006,-100.01763560365006,-100.01763560365006,210.10138936410254,210.10138936410254,210.10138936410254,-399.20817519001776,-399.20817519001776,-399.20817519001776,0.0,0.0,0.0,1134.6142733294487
2021-08-29,1424.4009376452639,888.0884429057135,1206.2542889483298,1424.4009376452639,1424.4009376452639,0.0,0.0,0.0,0.0,0.0,0.0,0.0,0.0,0.0,0.0,0.0,0.0,0.0,0.0,0.0,0.0,0.0,0.0,0.0,0.0,0.0,0.0,0.0,0.0,0.0,0.0,0.0,0.0,0.0,0.0,0.0,0.0,0.0,0.0,0.0,0.0,0.0,0.0,0.0,0.0,0.0,0.0,0.0,0.0,0.0,0.0,0.0,0.0,-376.08116015750437,-376.08116015750437,-376.08116015750437,0.0,0.0,0.0,-78.56729404794311,-78.56729404794311,-78.56729404794311,99.53964739380051,99.53964739380051,99.53964739380051,-397.0535135033617,-397.0535135033617,-397.0535135033617,0.0,0.0,0.0,1048.3197774877594
2021-08-30,1425.0631805315138,757.0226515288591,1084.549491196538,1425.0631805315138,1425.0631805315138,0.0,0.0,0.0,0.0,0.0,0.0,0.0,0.0,0.0,0.0,0.0,0.0,0.0,0.0,0.0,0.0,0.0,0.0,0.0,0.0,0.0,0.0,0.0,0.0,0.0,0.0,0.0,0.0,0.0,0.0,0.0,0.0,0.0,0.0,0.0,0.0,0.0,0.0,0.0,0.0,0.0,0.0,0.0,0.0,0.0,0.0,0.0,0.0,-507.49392016795355,-507.49392016795355,-507.49392016795355,0.0,0.0,0.0,-53.33629353304657,-53.33629353304657,-53.33629353304657,-59.282452217675875,-59.282452217675875,-59.282452217675875,-394.8751744172311,-394.8751744172311,-394.8751744172311,0.0,0.0,0.0,917.5692603635603
2021-08-31,1425.7254234177637,641.3915459481509,956.2563929318086,1425.7254234177637,1425.7254234177637,0.0,0.0,0.0,0.0,0.0,0.0,0.0,0.0,0.0,0.0,0.0,0.0,0.0,0.0,0.0,0.0,0.0,0.0,0.0,0.0,0.0,0.0,0.0,0.0,0.0,0.0,0.0,0.0,0.0,0.0,0.0,0.0,0.0,0.0,0.0,0.0,0.0,0.0,0.0,0.0,0.0,0.0,0.0,0.0,0.0,0.0,0.0,0.0,-622.2881509264819,-622.2881509264819,-622.2881509264819,0.0,0.0,0.0,-26.649139388479526,-26.649139388479526,-26.649139388479526,-202.87489051725274,-202.87489051725274,-202.87489051725274,-392.7641210207496,-392.7641210207496,-392.7641210207496,0.0,0.0,0.0,803.4372724912819
2021-09-01,1426.3876663040135,695.8707535964634,1017.1899162214414,1426.3876663040135,1426.3876663040135,0.0,0.0,0.0,0.0,0.0,0.0,0.0,0.0,0.0,0.0,0.0,0.0,0.0,0.0,0.0,0.0,0.0,0.0,0.0,0.0,0.0,0.0,0.0,0.0,0.0,0.0,0.0,0.0,0.0,0.0,0.0,0.0,0.0,0.0,0.0,0.0,0.0,0.0,0.0,0.0,0.0,0.0,0.0,0.0,0.0,0.0,0.0,0.0,-571.79793085143,-571.79793085143,-571.79793085143,0.0,0.0,0.0,0.7227808429060175,0.7227808429060175,0.7227808429060175,-181.714475930523,-181.714475930523,-181.714475930523,-390.8062357638131,-390.8062357638131,-390.8062357638131,0.0,0.0,0.0,854.5897354525835
2021-09-02,1427.0499091902634,899.2830112220149,1198.2221288500327,1427.0499091902634,1427.0499091902634,0.0,0.0,0.0,0.0,0.0,0.0,0.0,0.0,0.0,0.0,0.0,0.0,0.0,0.0,0.0,0.0,0.0,0.0,0.0,0.0,0.0,0.0,0.0,0.0,0.0,0.0,0.0,0.0,0.0,0.0,0.0,0.0,0.0,0.0,0.0,0.0,0.0,0.0,0.0,0.0,0.0,0.0,0.0,0.0,0.0,0.0,0.0,0.0,-377.5334356080615,-377.5334356080615,-377.5334356080615,0.0,0.0,0.0,28.423852341722203,28.423852341722203,28.423852341722203,-16.877812964383413,-16.877812964383413,-16.877812964383413,-389.0794749854003,-389.0794749854003,-389.0794749854003,0.0,0.0,0.0,1049.5164735822018
2021-09-03,1427.7121520765133,1091.640199987779,1413.1087142539523,1427.7121520765133,1427.7121520765133,0.0,0.0,0.0,0.0,0.0,0.0,0.0,0.0,0.0,0.0,0.0,0.0,0.0,0.0,0.0,0.0,0.0,0.0,0.0,0.0,0.0,0.0,0.0,0.0,0.0,0.0,0.0,0.0,0.0,0.0,0.0,0.0,0.0,0.0,0.0,0.0,0.0,0.0,0.0,0.0,0.0,0.0,0.0,0.0,0.0,0.0,0.0,0.0,-181.11541784826355,-181.11541784826355,-181.11541784826355,0.0,0.0,0.0,55.42722546228093,55.42722546228093,55.42722546228093,151.10859487161835,151.10859487161835,151.10859487161835,-387.65123818216284,-387.65123818216284,-387.65123818216284,0.0,0.0,0.0,1246.5967342282497
2021-09-04,1428.3743949627633,1175.211893458524,1488.57094761876,1428.3743949627633,1428.3743949627633,0.0,0.0,0.0,0.0,0.0,0.0,0.0,0.0,0.0,0.0,0.0,0.0,0.0,0.0,0.0,0.0,0.0,0.0,0.0,0.0,0.0,0.0,0.0,0.0,0.0,0.0,0.0,0.0,0.0,0.0,0.0,0.0,0.0,0.0,0.0,0.0,0.0,0.0,0.0,0.0,0.0,0.0,0.0,0.0,0.0,0.0,0.0,0.0,-96.19919708948784,-96.19919708948784,-96.19919708948784,0.0,0.0,0.0,80.27544829874387,80.27544829874387,80.27544829874387,210.1013893640843,210.1013893640843,210.1013893640843,-386.576034752316,-386.576034752316,-386.576034752316,0.0,0.0,0.0,1332.1751978732755
2021-09-05,1429.0366378490135,1074.1194899505451,1394.0762102394576,1429.0366378490135,1429.0366378490135,0.0,0.0,0.0,0.0,0.0,0.0,0.0,0.0,0.0,0.0,0.0,0.0,0.0,0.0,0.0,0.0,0.0,0.0,0.0,0.0,0.0,0.0,0.0,0.0,0.0,0.0,0.0,0.0,0.0,0.0,0.0,0.0,0.0,0.0,0.0,0.0,0.0,0.0,0.0,0.0,0.0,0.0,0.0,0.0,0.0,0.0,0.0,0.0,-184.28010225612667,-184.28010225612667,-184.28010225612667,0.0,0.0,0.0,102.07377307509353,102.07377307509353,102.07377307509353,99.5396473936883,99.5396473936883,99.5396473936883,-385.89352272490845,-385.89352272490845,-385.89352272490845,0.0,0.0,0.0,1244.7565355928868
2021-09-06,1429.6988807352634,978.5944319276367,1308.2841119103048,1429.6988807352634,1429.6988807352634,0.0,0.0,0.0,0.0,0.0,0.0,0.0,0.0,0.0,0.0,0.0,0.0,0.0,0.0,0.0,0.0,0.0,0.0,0.0,0.0,0.0,44.38666092395592,44.38666092395592,44.38666092395592,0.0,0.0,0.0,0.0,0.0,0.0,0.0,0.0,0.0,0.0,0.0,0.0,0.0,0.0,0.0,0.0,0.0,0.0,0.0,0.0,0.0,0.0,0.0,0.0,-279.82590481495197,-279.82590481495197,-279.82590481495197,44.38666092395592,44.38666092395592,44.38666092395592,120.69686994451632,120.69686994451632,120.69686994451632,-59.282452217104215,-59.282452217104215,-59.282452217104215,-385.6269834663199,-385.6269834663199,-385.6269834663199,0.0,0.0,0.0,1149.8729759203115
2021-09-07,1430.3611236215133,810.3195549667838,1134.5521250057284,1430.3611236215133,1430.3611236215133,0.0,0.0,0.0,0.0,0.0,0.0,0.0,0.0,0.0,0.0,0.0,0.0,0.0,0.0,0.0,0.0,0.0,0.0,0.0,0.0,0.0,0.0,0.0,0.0,0.0,0.0,0.0,0.0,0.0,0.0,0.0,0.0,0.0,0.0,0.0,0.0,0.0,0.0,0.0,0.0,0.0,0.0,0.0,0.0,0.0,0.0,0.0,0.0,-452.9773898343318,-452.9773898343318,-452.9773898343318,0.0,0.0,0.0,135.67978452801873,135.67978452801873,135.67978452801873,-202.87489051733715,-202.87489051733715,-202.87489051733715,-385.7822838450134,-385.7822838450134,-385.7822838450134,0.0,0.0,0.0,977.3837337871815
2021-09-08,1431.0233665077633,842.3222551430675,1163.6354012563424,1431.0233665077633,1431.0233665077633,0.0,0.0,0.0,0.0,0.0,0.0,0.0,0.0,0.0,0.0,0.0,0.0,0.0,0.0,0.0,0.0,0.0,0.0,0.0,0.0,0.0,0.0,0.0,0.0,0.0,0.0,0.0,0.0,0.0,0.0,0.0,0.0,0.0,0.0,0.0,0.0,0.0,0.0,0.0,0.0,0.0,0.0,0.0,0.0,0.0,0.0,0.0,0.0,-422.9848449243011,-422.9848449243011,-422.9848449243011,0.0,0.0,0.0,145.07699419526526,145.07699419526526,145.07699419526526,-181.7144759304079,-181.7144759304079,-181.7144759304079,-386.3473631891585,-386.3473631891585,-386.3473631891585,0.0,0.0,0.0,1008.0385215834622
2021-09-09,1431.6856093940132,1009.54333477238,1327.1936458223959,1431.6856093940132,1431.6856093940132,0.0,0.0,0.0,0.0,0.0,0.0,0.0,0.0,0.0,0.0,0.0,0.0,0.0,0.0,0.0,0.0,0.0,0.0,0.0,0.0,0.0,0.0,0.0,0.0,0.0,0.0,0.0,0.0,0.0,0.0,0.0,0.0,0.0,0.0,0.0,0.0,0.0,0.0,0.0,0.0,0.0,0.0,0.0,0.0,0.0,0.0,0.0,0.0,-258.13613920804414,-258.13613920804414,-258.13613920804414,0.0,0.0,0.0,146.0339407544663,146.0339407544663,146.0339407544663,-16.87781296417703,-16.87781296417703,-16.87781296417703,-387.2922669983335,-387.2922669983335,-387.2922669983335,0.0,0.0,0.0,1173.549470185969
2021-09-10,1432.3478522802632,1176.0914784203928,1492.956428577376,1432.3478522802632,1432.3478522802632,0.0,0.0,0.0,0.0,0.0,0.0,0.0,0.0,0.0,0.0,0.0,0.0,0.0,0.0,0.0,0.0,0.0,0.0,0.0,0.0,0.0,0.0,0.0,0.0,0.0,0.0,0.0,0.0,0.0,0.0,0.0,0.0,0.0,0.0,0.0,0.0,0.0,0.0,0.0,0.0,0.0,0.0,0.0,0.0,0.0,0.0,0.0,0.0,-100.31047600370182,-100.31047600370182,-100.31047600370182,0.0,0.0,0.0,137.15066234294295,137.15066234294295,137.15066234294295,151.10859487170163,151.10859487170163,151.10859487170163,-388.5697332183464,-388.5697332183464,-388.5697332183464,0.0,0.0,0.0,1332.0373762765614
2021-09-11,1433.010095166513,1210.07323513952,1534.9029511242945,1433.010095166513,1433.010095166513,0.0,0.0,0.0,0.0,0.0,0.0,0.0,0.0,0.0,0.0,0.0,0.0,0.0,0.0,0.0,0.0,0.0,0.0,0.0,0.0,0.0,0.0,0.0,0.0,0.0,0.0,0.0,0.0,0.0,0.0,0.0,0.0,0.0,0.0,0.0,0.0,0.0,0.0,0.0,0.0,0.0,0.0,0.0,0.0,0.0,0.0,0.0,0.0,-59.4998745730136,-59.4998745730136,-59.4998745730136,0.0,0.0,0.0,120.51505649179055,120.51505649179055,120.51505649179055,210.1013893641923,210.1013893641923,210.1013893641923,-390.11632042899646,-390.11632042899646,-390.11632042899646,0.0,0.0,0.0,1373.5102205934995
2021-09-12,1433.672338052763,1079.968557927837,1401.4869885042115,1433.672338052763,1433.672338052763,0.0,0.0,0.0,0.0,0.0,0.0,0.0,0.0,0.0,0.0,0.0,0.0,0.0,0.0,0.0,0.0,0.0,0.0,0.0,0.0,0.0,0.0,0.0,0.0,0.0,0.0,0.0,0.0,0.0,0.0,0.0,0.0,0.0,0.0,0.0,0.0,0.0,0.0,0.0,0.0,0.0,0.0,0.0,0.0,0.0,0.0,0.0,0.0,-191.33509563118164,-191.33509563118164,-191.33509563118164,0.0,0.0,0.0,100.97930799018407,100.97930799018407,100.97930799018407,99.53964739357778,99.53964739357778,99.53964739357778,-391.8540510149434,-391.8540510149434,-391.8540510149434,0.0,0.0,0.0,1242.3372424215813
2021-09-13,1434.334580939013,900.4436312504453,1226.7852889277856,1434.334580939013,1434.334580939013,0.0,0.0,0.0,0.0,0.0,0.0,0.0,0.0,0.0,0.0,0.0,0.0,0.0,0.0,0.0,0.0,0.0,0.0,0.0,0.0,0.0,0.0,0.0,0.0,0.0,0.0,0.0,0.0,0.0,0.0,0.0,0.0,0.0,0.0,0.0,0.0,0.0,0.0,0.0,0.0,0.0,0.0,0.0,0.0,0.0,0.0,0.0,0.0,-370.4026235900311,-370.4026235900311,-370.4026235900311,0.0,0.0,0.0,82.57235539678486,82.57235539678486,82.57235539678486,-59.282452217214015,-59.282452217214015,-59.282452217214015,-393.692526769602,-393.692526769602,-393.692526769602,0.0,0.0,0.0,1063.931957348982
2021-09-14,1434.9968238252627,733.0008849749498,1062.5279878339768,1434.9968238252627,1434.9968238252627,0.0,0.0,0.0,0.0,0.0,0.0,0.0,0.0,0.0,0.0,0.0,0.0,0.0,0.0,0.0,0.0,0.0,0.0,0.0,0.0,0.0,0.0,0.0,0.0,0.0,0.0,0.0,0.0,0.0,0.0,0.0,0.0,0.0,0.0,0.0,0.0,0.0,0.0,0.0,0.0,0.0,0.0,0.0,0.0,0.0,0.0,0.0,0.0,-533.501612588466,-533.501612588466,-533.501612588466,0.0,0.0,0.0,64.90473781834902,64.90473781834902,64.90473781834902,-202.87489051704864,-202.87489051704864,-202.87489051704864,-395.53145988976627,-395.53145988976627,-395.53145988976627,0.0,0.0,0.0,901.4952112367968
2021-09-15,1435.6590667115129,738.5264168481349,1068.3561960351735,1435.6590667115129,1435.6590667115129,0.0,0.0,0.0,0.0,0.0,0.0,0.0,0.0,0.0,0.0,0.0,0.0,0.0,0.0,0.0,0.0,0.0,0.0,0.0,0.0,0.0,0.0,0.0,0.0,0.0,0.0,0.0,0.0,0.0,0.0,0.0,0.0,0.0,0.0,0.0,0.0,0.0,0.0,0.0,0.0,0.0,0.0,0.0,0.0,0.0,0.0,0.0,0.0,-535.9059014432954,-535.9059014432954,-535.9059014432954,0.0,0.0,0.0,43.0721238742627,43.0721238742627,43.0721238742627,-181.71447593034267,-181.71447593034267,-181.71447593034267,-397.26354938721556,-397.26354938721556,-397.26354938721556,0.0,0.0,0.0,899.7531652682175
2021-09-16,1436.321258678281,876.5327092374313,1197.520703515548,1436.321258678281,1436.321258678281,0.0,0.0,0.0,0.0,0.0,0.0,0.0,0.0,0.0,0.0,0.0,0.0,0.0,0.0,0.0,0.0,0.0,0.0,0.0,0.0,0.0,0.0,0.0,0.0,0.0,0.0,0.0,0.0,0.0,0.0,0.0,0.0,0.0,0.0,0.0,0.0,0.0,0.0,0.0,0.0,0.0,0.0,0.0,0.0,0.0,0.0,0.0,0.0,-403.7869215869459,-403.7869215869459,-403.7869215869459,0.0,0.0,0.0,11.868513343222185,11.868513343222185,11.868513343222185,-16.877812964068895,-16.877812964068895,-16.877812964068895,-398.7776219660991,-398.7776219660991,-398.7776219660991,0.0,0.0,0.0,1032.5343370913351
2021-09-17,1436.9834506450493,994.4215936903627,1313.8675864771528,1436.9834506450493,1436.9834506450493,0.0,0.0,0.0,0.0,0.0,0.0,0.0,0.0,0.0,0.0,0.0,0.0,0.0,0.0,0.0,0.0,0.0,0.0,0.0,0.0,0.0,0.0,0.0,0.0,0.0,0.0,0.0,0.0,0.0,0.0,0.0,0.0,0.0,0.0,0.0,0.0,0.0,0.0,0.0,0.0,0.0,0.0,0.0,0.0,0.0,0.0,0.0,0.0,-277.6300804646583,-277.6300804646583,-277.6300804646583,0.0,0.0,0.0,-28.77672760795036,-28.77672760795036,-28.77672760795036,151.10859487127775,151.10859487127775,151.10859487127775,-399.96194772798566,-399.96194772798566,-399.96194772798566,0.0,0.0,0.0,1159.353370180391
2021-09-18,1437.6456426118173,1018.8422895997612,1331.0182058905148,1437.6456426118173,1437.6456426118173,0.0,0.0,0.0,0.0,0.0,0.0,0.0,0.0,0.0,0.0,0.0,0.0,0.0,0.0,0.0,0.0,0.0,0.0,0.0,0.0,0.0,0.0,0.0,0.0,0.0,0.0,0.0,0.0,0.0,0.0,0.0,0.0,0.0,0.0,0.0,0.0,0.0,0.0,0.0,0.0,0.0,0.0,0.0,0.0,0.0,0.0,0.0,0.0,-262.38232682165403,-262.38232682165403,-262.38232682165403,0.0,0.0,0.0,-71.77608124496743,-71.77608124496743,-71.77608124496743,210.10138936417403,210.10138936417403,210.10138936417403,-400.7076349408605,-400.7076349408605,-400.7076349408605,0.0,0.0,0.0,1175.2633157901632
2021-09-19,1438.3078345785852,868.3276583312547,1192.7889430516104,1438.3078345785852,1438.3078345785852,0.0,0.0,0.0,0.0,0.0,0.0,0.0,0.0,0.0,0.0,0.0,0.0,0.0,0.0,0.0,0.0,0.0,0.0,0.0,0.0,0.0,0.0,0.0,0.0,0.0,0.0,0.0,0.0,0.0,0.0,0.0,0.0,0.0,0.0,0.0,0.0,0.0,0.0,0.0,0.0,0.0,0.0,0.0,0.0,0.0,0.0,0.0,0.0,-407.81848177233,-407.81848177233,-407.81848177233,0.0,0.0,0.0,-106.44612442308191,-106.44612442308191,-106.44612442308191,99.53964739346556,99.53964739346556,99.53964739346556,-400.91200474271363,-400.91200474271363,-400.91200474271363,0.0,0.0,0.0,1030.4893528062553
2021-09-20,1438.9700265453532,689.2246255766648,1011.0794615307417,1438.9700265453532,1438.9700265453532,0.0,0.0,0.0,0.0,0.0,0.0,0.0,0.0,0.0,0.0,0.0,0.0,0.0,0.0,0.0,0.0,0.0,0.0,0.0,0.0,0.0,0.0,0.0,0.0,0.0,0.0,0.0,0.0,0.0,0.0,0.0,0.0,0.0,0.0,0.0,0.0,0.0,0.0,0.0,0.0,0.0,0.0,0.0,0.0,0.0,0.0,0.0,0.0,-585.0098155432346,-585.0098155432346,-585.0098155432346,0.0,0.0,0.0,-125.2455171643221,-125.2455171643221,-125.2455171643221,-59.28245221737099,-59.28245221737099,-59.28245221737099,-400.48184616154157,-400.48184616154157,-400.48184616154157,0.0,0.0,0.0,853.9602110021186
2021-09-21,1439.6322185121212,541.8549738010894,861.9303621499378,1439.6322185121212,1439.6322185121212,0.0,0.0,0.0,0.0,0.0,0.0,0.0,0.0,0.0,0.0,0.0,0.0,0.0,0.0,0.0,0.0,0.0,0.0,0.0,0.0,0.0,0.0,0.0,0.0,0.0,0.0,0.0,0.0,0.0,0.0,0.0,0.0,0.0,0.0,0.0,0.0,0.0,0.0,0.0,0.0,0.0,0.0,0.0,0.0,0.0,0.0,0.0,0.0,-730.7279497874869,-730.7279497874869,-730.7279497874869,0.0,0.0,0.0,-128.51660501293134,-128.51660501293134,-128.51660501293134,-202.87489051705148,-202.87489051705148,-202.87489051705148,-399.3364542575039,-399.3364542575039,-399.3364542575039,0.0,0.0,0.0,708.9042687246343
2021-09-22,1440.2944104788894,581.8310052624315,903.1716588852312,1440.2944104788894,1440.2944104788894,0.0,0.0,0.0,0.0,0.0,0.0,0.0,0.0,0.0,0.0,0.0,0.0,0.0,0.0,0.0,0.0,0.0,0.0,0.0,0.0,0.0,0.0,0.0,0.0,0.0,0.0,0.0,0.0,0.0,0.0,0.0,0.0,0.0,0.0,0.0,0.0,0.0,0.0,0.0,0.0,0.0,0.0,0.0,0.0,0.0,0.0,0.0,0.0,-702.6963747598668,-702.6963747598668,-702.6963747598668,0.0,0.0,0.0,-123.5715393519485,-123.5715393519485,-123.5715393519485,-181.71447593069917,-181.71447593069917,-181.71447593069917,-397.41035947721923,-397.41035947721923,-397.41035947721923,0.0,0.0,0.0,737.5980357190226
2021-09-23,1440.9566024456574,750.2635676917394,1074.4004151176964,1440.9566024456574,1440.9566024456574,0.0,0.0,0.0,0.0,0.0,0.0,0.0,0.0,0.0,0.0,0.0,0.0,0.0,0.0,0.0,0.0,0.0,0.0,0.0,0.0,0.0,0.0,0.0,0.0,0.0,0.0,0.0,0.0,0.0,0.0,0.0,0.0,0.0,0.0,0.0,0.0,0.0,0.0,0.0,0.0,0.0,0.0,0.0,0.0,0.0,0.0,0.0,0.0,-530.5337035442411,-530.5337035442411,-530.5337035442411,0.0,0.0,0.0,-119.00022625872585,-119.00022625872585,-119.00022625872585,-16.877812963911637,-16.877812963911637,-16.877812963911637,-394.65566432160364,-394.65566432160364,-394.65566432160364,0.0,0.0,0.0,910.4228989014163
2021-09-24,1441.6187944124254,921.6387841069907,1239.800886393619,1441.6187944124254,1441.6187944124254,0.0,0.0,0.0,0.0,0.0,0.0,0.0,0.0,0.0,0.0,0.0,0.0,0.0,0.0,0.0,0.0,0.0,0.0,0.0,0.0,0.0,0.0,0.0,0.0,0.0,0.0,0.0,0.0,0.0,0.0,0.0,0.0,0.0,0.0,0.0,0.0,0.0,0.0,0.0,0.0,0.0,0.0,0.0,0.0,0.0,0.0,0.0,0.0,-358.702893181171,-358.702893181171,-358.702893181171,0.0,0.0,0.0,-118.76757410151507,-118.76757410151507,-118.76757410151507,151.10859487139967,151.10859487139967,151.10859487139967,-391.0439139510557,-391.0439139510557,-391.0439139510557,0.0,0.0,0.0,1082.9159012312543
2021-09-25,1442.2809863791933,980.4162399448785,1297.7576636946924,1442.2809863791933,1442.2809863791933,0.0,0.0,0.0,0.0,0.0,0.0,0.0,0.0,0.0,0.0,0.0,0.0,0.0,0.0,0.0,0.0,0.0,0.0,0.0,0.0,0.0,0.0,0.0,0.0,0.0,0.0,0.0,0.0,0.0,0.0,0.0,0.0,0.0,0.0,0.0,0.0,0.0,0.0,0.0,0.0,0.0,0.0,0.0,0.0,0.0,0.0,0.0,0.0,-296.9290635543113,-296.9290635543113,-296.9290635543113,0.0,0.0,0.0,-120.46301282181687,-120.46301282181687,-120.46301282181687,210.1013893641353,210.1013893641353,210.1013893641353,-386.56744009662975,-386.56744009662975,-386.56744009662975,0.0,0.0,0.0,1145.351922824882
2021-09-26,1442.9431783459615,877.6254089042849,1208.8232658875813,1442.9431783459615,1442.9431783459615,0.0,0.0,0.0,0.0,0.0,0.0,0.0,0.0,0.0,0.0,0.0,0.0,0.0,0.0,0.0,0.0,0.0,0.0,0.0,0.0,0.0,0.0,0.0,0.0,0.0,0.0,0.0,0.0,0.0,0.0,0.0,0.0,0.0,0.0,0.0,0.0,0.0,0.0,0.0,0.0,0.0,0.0,0.0,0.0,0.0,0.0,0.0,0.0,-400.0799937580149,-400.0799937580149,-400.0799937580149,0.0,0.0,0.0,-118.37950889546514,-118.37950889546514,-118.37950889546514,99.53964739335505,99.53964739335505,99.53964739335505,-381.24013225590477,-381.24013225590477,-381.24013225590477,0.0,0.0,0.0,1042.8631845879468
2021-09-27,1443.6053703127293,739.0225664498685,1074.2784542929007,1443.6053703127293,1443.6053703127293,0.0,0.0,0.0,0.0,0.0,0.0,0.0,0.0,0.0,0.0,0.0,0.0,0.0,0.0,0.0,0.0,0.0,0.0,0.0,0.0,0.0,0.0,0.0,0.0,0.0,0.0,0.0,0.0,0.0,0.0,0.0,0.0,0.0,0.0,0.0,0.0,0.0,0.0,0.0,0.0,0.0,0.0,0.0,0.0,0.0,0.0,0.0,0.0,-542.6632607527778,-542.6632607527778,-542.6632607527778,0.0,0.0,0.0,-108.28320231885516,-108.28320231885516,-108.28320231885516,-59.28245221748079,-59.28245221748079,-59.28245221748079,-375.09760621644176,-375.09760621644176,-375.09760621644176,0.0,0.0,0.0,900.9421095599515
2021-09-28,1444.2675622794977,627.8587442988388,947.0176731448904,1444.2675622794977,1444.2675622794977,0.0,0.0,0.0,0.0,0.0,0.0,0.0,0.0,0.0,0.0,0.0,0.0,0.0,0.0,0.0,0.0,0.0,0.0,0.0,0.0,0.0,0.0,0.0,0.0,0.0,0.0,0.0,0.0,0.0,0.0,0.0,0.0,0.0,0.0,0.0,0.0,0.0,0.0,0.0,0.0,0.0,0.0,0.0,0.0,0.0,0.0,0.0,0.0,-661.0417568183486,-661.0417568183486,-661.0417568183486,0.0,0.0,0.0,-89.9701092912526,-89.9701092912526,-89.9701092912526,-202.87489051713587,-202.87489051713587,-202.87489051713587,-368.1967570099601,-368.1967570099601,-368.1967570099601,0.0,0.0,0.0,783.2258054611491
2021-09-29,1444.9297542462657,674.0443197258605,994.6958100466373,1444.9297542462657,1444.9297542462657,0.0,0.0,0.0,0.0,0.0,0.0,0.0,0.0,0.0,0.0,0.0,0.0,0.0,0.0,0.0,0.0,0.0,0.0,0.0,0.0,0.0,0.0,0.0,0.0,0.0,0.0,0.0,0.0,0.0,0.0,0.0,0.0,0.0,0.0,0.0,0.0,0.0,0.0,0.0,0.0,0.0,0.0,0.0,0.0,0.0,0.0,0.0,0.0,-608.5674948255709,-608.5674948255709,-608.5674948255709,0.0,0.0,0.0,-66.23831792582165,-66.23831792582165,-66.23831792582165,-181.71447593063394,-181.71447593063394,-181.71447593063394,-360.6147009691152,-360.6147009691152,-360.6147009691152,0.0,0.0,0.0,836.3622594206948
2021-09-30,1445.5919462130337,886.3761099309846,1190.1260917342227,1445.5919462130337,1445.5919462130337,0.0,0.0,0.0,0.0,0.0,0.0,0.0,0.0,0.0,0.0,0.0,0.0,0.0,0.0,0.0,0.0,0.0,0.0,0.0,0.0,0.0,0.0,0.0,0.0,0.0,0.0,0.0,0.0,0.0,0.0,0.0,0.0,0.0,0.0,0.0,0.0,0.0,0.0,0.0,0.0,0.0,0.0,0.0,0.0,0.0,0.0,0.0,0.0,-409.4235087495248,-409.4235087495248,-409.4235087495248,0.0,0.0,0.0,-40.09856665561522,-40.09856665561522,-40.09856665561522,-16.877812963803503,-16.877812963803503,-16.877812963803503,-352.4471291301061,-352.4471291301061,-352.4471291301061,0.0,0.0,0.0,1036.1684374635088
2021-10-01,1446.2541381798017,1076.659429533453,1399.11741415405,1446.2541381798017,1446.2541381798017,0.0,0.0,0.0,0.0,0.0,0.0,0.0,0.0,0.0,0.0,0.0,0.0,0.0,0.0,0.0,0.0,0.0,0.0,0.0,0.0,0.0,0.0,0.0,0.0,0.0,0.0,0.0,0.0,0.0,0.0,0.0,0.0,0.0,0.0,0.0,0.0,0.0,0.0,0.0,0.0,0.0,0.0,0.0,0.0,0.0,0.0,0.0,0.0,-205.73220580396264,-205.73220580396264,-205.73220580396264,0.0,0.0,0.0,-13.034689386256241,-13.034689386256241,-13.034689386256241,151.10859487144435,151.10859487144435,151.10859487144435,-343.80611128915075,-343.80611128915075,-343.80611128915075,0.0,0.0,0.0,1240.521932375839
2021-10-02,1446.9163301465696,1181.243253861281,1494.9246120147607,1446.9163301465696,1446.9163301465696,0.0,0.0,0.0,0.0,0.0,0.0,0.0,0.0,0.0,0.0,0.0,0.0,0.0,0.0,0.0,0.0,0.0,0.0,0.0,0.0,0.0,0.0,0.0,0.0,0.0,0.0,0.0,0.0,0.0,0.0,0.0,0.0,0.0,0.0,0.0,0.0,0.0,0.0,0.0,0.0,0.0,0.0,0.0,0.0,0.0,0.0,0.0,0.0,-110.13968400150493,-110.13968400150493,-110.13968400150493,0.0,0.0,0.0,14.576332718332488,14.576332718332488,14.576332718332488,210.1013893641375,210.1013893641375,210.1013893641375,-334.8174060839749,-334.8174060839749,-334.8174060839749,0.0,0.0,0.0,1336.7766461450647
2021-10-03,1447.5785221133376,1101.2910678331234,1427.3203447955366,1447.5785221133376,1447.5785221133376,0.0,0.0,0.0,0.0,0.0,0.0,0.0,0.0,0.0,0.0,0.0,0.0,0.0,0.0,0.0,0.0,0.0,0.0,0.0,0.0,0.0,0.0,0.0,0.0,0.0,0.0,0.0,0.0,0.0,0.0,0.0,0.0,0.0,0.0,0.0,0.0,0.0,0.0,0.0,0.0,0.0,0.0,0.0,0.0,0.0,0.0,0.0,0.0,-183.9721873640537,-183.9721873640537,-183.9721873640537,0.0,0.0,0.0,42.10551230437772,42.10551230437772,42.10551230437772,99.5396473938553,99.5396473938553,99.5396473938553,-325.6173470622868,-325.6173470622868,-325.6173470622868,0.0,0.0,0.0,1263.6063347492839
2021-10-04,1448.2407140801058,971.7442462715402,1295.9601188302286,1448.2407140801058,1448.2407140801058,0.0,0.0,0.0,0.0,0.0,0.0,0.0,0.0,0.0,0.0,0.0,0.0,0.0,0.0,0.0,0.0,0.0,0.0,0.0,0.0,0.0,0.0,0.0,0.0,0.0,0.0,0.0,0.0,0.0,0.0,0.0,0.0,0.0,0.0,0.0,0.0,0.0,0.0,0.0,0.0,0.0,0.0,0.0,0.0,0.0,0.0,0.0,0.0,-307.43240400210493,-307.43240400210493,-307.43240400210493,0.0,0.0,0.0,68.19943560336723,68.19943560336723,68.19943560336723,-59.28245221761417,-59.28245221761417,-59.28245221761417,-316.34938738785803,-316.34938738785803,-316.34938738785803,0.0,0.0,0.0,1140.8083100780009
2021-10-05,1448.9029060468738,874.3415340849789,1194.4855446951324,1448.9029060468738,1448.9029060468738,0.0,0.0,0.0,0.0,0.0,0.0,0.0,0.0,0.0,0.0,0.0,0.0,0.0,0.0,0.0,0.0,0.0,0.0,0.0,0.0,0.0,0.0,0.0,0.0,0.0,0.0,0.0,0.0,0.0,0.0,0.0,0.0,0.0,0.0,0.0,0.0,0.0,0.0,0.0,0.0,0.0,0.0,0.0,0.0,0.0,0.0,0.0,0.0,-418.46159053204974,-418.46159053204974,-418.46159053204974,0.0,0.0,0.0,91.57369623128378,91.57369623128378,91.57369623128378,-202.87489051722028,-202.87489051722028,-202.87489051722028,-307.16039624611335,-307.16039624611335,-307.16039624611335,0.0,0.0,0.0,1030.441315514824
2021-10-06,1449.5650980136418,920.5645902317264,1244.027945169726,1449.5650980136418,1449.5650980136418,0.0,0.0,0.0,0.0,0.0,0.0,0.0,0.0,0.0,0.0,0.0,0.0,0.0,0.0,0.0,0.0,0.0,0.0,0.0,0.0,0.0,0.0,0.0,0.0,0.0,0.0,0.0,0.0,0.0,0.0,0.0,0.0,0.0,0.0,0.0,0.0,0.0,0.0,0.0,0.0,0.0,0.0,0.0,0.0,0.0,0.0,0.0,0.0,-368.12619086348985,-368.12619086348985,-368.12619086348985,0.0,0.0,0.0,111.78509289802747,111.78509289802747,111.78509289802747,-181.71447593051883,-181.71447593051883,-181.71447593051883,-298.1968078309986,-298.1968078309986,-298.1968078309986,0.0,0.0,0.0,1081.4389071501519
2021-10-07,1450.22728998041,1113.7038249632667,1434.6660046247036,1450.22728998041,1450.22728998041,0.0,0.0,0.0,0.0,0.0,0.0,0.0,0.0,0.0,0.0,0.0,0.0,0.0,0.0,0.0,0.0,0.0,0.0,0.0,0.0,0.0,0.0,0.0,0.0,0.0,0.0,0.0,0.0,0.0,0.0,0.0,0.0,0.0,0.0,0.0,0.0,0.0,0.0,0.0,0.0,0.0,0.0,0.0,0.0,0.0,0.0,0.0,0.0,-177.75285022879046,-177.75285022879046,-177.75285022879046,0.0,0.0,0.0,128.72569152102471,128.72569152102471,128.72569152102471,-16.877812963646242,-16.877812963646242,-16.877812963646242,-289.600728786169,-289.600728786169,-289.600728786169,0.0,0.0,0.0,1272.4744397516195
2021-10-08,1450.889481947178,1308.9761612453078,1619.55567527862,1450.889481947178,1450.889481947178,0.0,0.0,0.0,0.0,0.0,0.0,0.0,0.0,0.0,0.0,0.0,0.0,0.0,0.0,0.0,0.0,0.0,0.0,0.0,0.0,0.0,0.0,0.0,0.0,0.0,0.0,0.0,0.0,0.0,0.0,0.0,0.0,0.0,0.0,0.0,0.0,0.0,0.0,0.0,0.0,0.0,0.0,0.0,0.0,0.0,0.0,0.0,0.0,10.858472223455472,10.858472223455472,10.858472223455472,0.0,0.0,0.0,141.25598932784837,141.25598932784837,141.25598932784837,151.1085948710591,151.1085948710591,151.1085948710591,-281.506111975452,-281.506111975452,-281.506111975452,0.0,0.0,0.0,1461.7479541706334
2021-10-09,1451.551673913946,1372.4074547919736,1695.2159115607303,1451.551673913946,1451.551673913946,0.0,0.0,0.0,0.0,0.0,0.0,0.0,0.0,0.0,0.0,0.0,0.0,0.0,0.0,0.0,0.0,0.0,0.0,0.0,0.0,0.0,0.0,0.0,0.0,0.0,0.0,0.0,0.0,0.0,0.0,0.0,0.0,0.0,0.0,0.0,0.0,0.0,0.0,0.0,0.0,0.0,0.0,0.0,0.0,0.0,0.0,0.0,0.0,82.830990302912,82.830990302912,82.830990302912,0.0,0.0,0.0,146.76470433916225,146.76470433916225,146.76470433916225,210.10138936409874,210.10138936409874,210.10138936409874,-274.03510340034904,-274.03510340034904,-274.03510340034904,0.0,0.0,0.0,1534.3826642168578
2021-10-10,1452.2138658807141,1247.85269356222,1587.312339759396,1452.2138658807141,1452.2138658807141,0.0,0.0,0.0,0.0,0.0,0.0,0.0,0.0,0.0,0.0,0.0,0.0,0.0,0.0,0.0,0.0,0.0,0.0,0.0,0.0,0.0,0.0,0.0,0.0,0.0,0.0,0.0,0.0,0.0,0.0,0.0,0.0,0.0,0.0,0.0,0.0,0.0,0.0,0.0,0.0,0.0,0.0,0.0,0.0,0.0,0.0,0.0,0.0,-24.97261342780712,-24.97261342780712,-24.97261342780712,0.0,0.0,0.0,142.78240415670425,142.78240415670425,142.78240415670425,99.5396473937448,99.5396473937448,99.5396473937448,-267.29466497825615,-267.29466497825615,-267.29466497825615,0.0,0.0,0.0,1427.241252452907
2021-10-11,1452.8760578474821,1023.0223644023657,1358.5452901625479,1452.8760578474821,1452.8760578474821,0.0,0.0,0.0,0.0,0.0,0.0,-71.68881778582676,-71.68881778582676,-71.68881778582676,0.0,0.0,0.0,0.0,0.0,0.0,0.0,0.0,0.0,0.0,0.0,0.0,0.0,0.0,0.0,0.0,0.0,0.0,0.0,0.0,0.0,0.0,0.0,0.0,0.0,0.0,0.0,0.0,0.0,0.0,0.0,0.0,0.0,0.0,0.0,0.0,0.0,0.0,0.0,-262.8138842154946,-262.8138842154946,-262.8138842154946,-71.68881778582676,-71.68881778582676,-71.68881778582676,129.53095463641174,129.53095463641174,129.53095463641174,-59.282452217042525,-59.282452217042525,-59.282452217042525,-261.37356884903716,-261.37356884903716,-261.37356884903716,0.0,0.0,0.0,1190.0621736319874
2021-10-12,1453.53824981425,943.2799863158555,1261.31713952127,1453.53824981425,1453.53824981425,0.0,0.0,0.0,0.0,0.0,0.0,0.0,0.0,0.0,0.0,0.0,0.0,0.0,0.0,0.0,0.0,0.0,0.0,0.0,0.0,0.0,0.0,0.0,0.0,0.0,0.0,0.0,0.0,0.0,0.0,0.0,0.0,0.0,0.0,0.0,0.0,0.0,0.0,0.0,0.0,0.0,0.0,0.0,0.0,0.0,0.0,0.0,0.0,-348.42803795097313,-348.42803795097313,-348.42803795097313,0.0,0.0,0.0,110.78670164320397,110.78670164320397,110.78670164320397,-202.87489051726388,-202.87489051726388,-202.87489051726388,-256.3398490769132,-256.3398490769132,-256.3398490769132,0.0,0.0,0.0,1105.110211863277
2021-10-13,1454.200441781018,939.9592801088057,1269.479197058287,1454.200441781018,1454.200441781018,0.0,0.0,0.0,0.0,0.0,0.0,0.0,0.0,0.0,0.0,0.0,0.0,0.0,0.0,0.0,0.0,0.0,0.0,0.0,0.0,0.0,0.0,0.0,0.0,0.0,0.0,0.0,0.0,0.0,0.0,0.0,0.0,0.0,0.0,0.0,0.0,0.0,0.0,0.0,0.0,0.0,0.0,0.0,0.0,0.0,0.0,0.0,0.0,-342.4223176396595,-342.4223176396595,-342.4223176396595,0.0,0.0,0.0,91.53094261917649,91.53094261917649,91.53094261917649,-181.7144759305035,-181.7144759305035,-181.7144759305035,-252.23878432833249,-252.23878432833249,-252.23878432833249,0.0,0.0,0.0,1111.7781241413586
2021-10-14,1454.862633747786,1093.535474083668,1422.3310031862854,1454.862633747786,1454.862633747786,0.0,0.0,0.0,0.0,0.0,0.0,0.0,0.0,0.0,0.0,0.0,0.0,0.0,0.0,0.0,0.0,0.0,0.0,0.0,0.0,0.0,0.0,0.0,0.0,0.0,0.0,0.0,0.0,0.0,0.0,0.0,0.0,0.0,0.0,0.0,0.0,0.0,0.0,0.0,0.0,0.0,0.0,0.0,0.0,0.0,0.0,0.0,0.0,-192.09030067699297,-192.09030067699297,-192.09030067699297,0.0,0.0,0.0,73.87898296083652,73.87898296083652,73.87898296083652,-16.877812964293486,-16.877812964293486,-16.877812964293486,-249.09147067353598,-249.09147067353598,-249.09147067353598,0.0,0.0,0.0,1262.7723330707931
2021-10-15,1455.524825714554,1254.9489825346893,1571.454378875742,1455.524825714554,1455.524825714554,0.0,0.0,0.0,0.0,0.0,0.0,0.0,0.0,0.0,0.0,0.0,0.0,0.0,0.0,0.0,0.0,0.0,0.0,0.0,0.0,0.0,0.0,0.0,0.0,0.0,0.0,0.0,0.0,0.0,0.0,0.0,0.0,0.0,0.0,0.0,0.0,0.0,0.0,0.0,0.0,0.0,0.0,0.0,0.0,0.0,0.0,0.0,0.0,-40.88850066459883,-40.88850066459883,-40.88850066459883,0.0,0.0,0.0,54.8969319507977,54.8969319507977,54.8969319507977,151.10859487110372,151.10859487110372,151.10859487110372,-246.89402748650022,-246.89402748650022,-246.89402748650022,0.0,0.0,0.0,1414.6363250499553
2021-10-16,1456.1870176813225,1284.0253829873857,1604.9315483433795,1456.1870176813225,1456.1870176813225,0.0,0.0,0.0,0.0,0.0,0.0,0.0,0.0,0.0,0.0,0.0,0.0,0.0,0.0,0.0,0.0,0.0,0.0,0.0,0.0,0.0,0.0,0.0,0.0,0.0,0.0,0.0,0.0,0.0,0.0,0.0,0.0,0.0,0.0,0.0,0.0,0.0,0.0,0.0,0.0,0.0,0.0,0.0,0.0,0.0,0.0,0.0,0.0,-6.699288105044874,-6.699288105044874,-6.699288105044874,0.0,0.0,0.0,28.816784487866638,28.816784487866638,28.816784487866638,210.10138936406,210.10138936406,210.10138936406,-245.61746195697157,-245.61746195697157,-245.61746195697157,0.0,0.0,0.0,1449.4877295762776
2021-10-17,1456.8492096480904,1131.6680727075518,1455.7719672944334,1456.8492096480904,1456.8492096480904,0.0,0.0,0.0,0.0,0.0,0.0,0.0,0.0,0.0,0.0,0.0,0.0,0.0,0.0,0.0,0.0,0.0,0.0,0.0,0.0,0.0,0.0,0.0,0.0,0.0,0.0,0.0,0.0,0.0,0.0,0.0,0.0,0.0,0.0,0.0,0.0,0.0,0.0,0.0,0.0,0.0,0.0,0.0,0.0,0.0,0.0,0.0,0.0,-153.23312223038604,-153.23312223038604,-153.23312223038604,0.0,0.0,0.0,-7.564570148690521,-7.564570148690521,-7.564570148690521,99.53964739363258,99.53964739363258,99.53964739363258,-245.2081994753281,-245.2081994753281,-245.2081994753281,0.0,0.0,0.0,1303.6160874177044
2021-10-18,1457.5114016148584,938.9263734427666,1262.2758626101856,1457.5114016148584,1457.5114016148584,0.0,0.0,0.0,0.0,0.0,0.0,0.0,0.0,0.0,0.0,0.0,0.0,0.0,0.0,0.0,0.0,0.0,0.0,0.0,0.0,0.0,0.0,0.0,0.0,0.0,0.0,0.0,0.0,0.0,0.0,0.0,0.0,0.0,0.0,0.0,0.0,0.0,0.0,0.0,0.0,0.0,0.0,0.0,0.0,0.0,0.0,0.0,0.0,-355.51252467390805,-355.51252467390805,-355.51252467390805,0.0,0.0,0.0,-50.640803833930214,-50.640803833930214,-50.640803833930214,-59.282452217175916,-59.282452217175916,-59.282452217175916,-245.58926862280194,-245.58926862280194,-245.58926862280194,0.0,0.0,0.0,1101.9988769409504
2021-10-19,1458.1735935816264,765.4560861897545,1083.296125282644,1458.1735935816264,1458.1735935816264,0.0,0.0,0.0,0.0,0.0,0.0,0.0,0.0,0.0,0.0,0.0,0.0,0.0,0.0,0.0,0.0,0.0,0.0,0.0,0.0,0.0,0.0,0.0,0.0,0.0,0.0,0.0,0.0,0.0,0.0,0.0,0.0,0.0,0.0,0.0,0.0,0.0,0.0,0.0,0.0,0.0,0.0,0.0,0.0,0.0,0.0,0.0,0.0,-540.312496552169,-540.312496552169,-540.312496552169,0.0,0.0,0.0,-90.77549481104843,-90.77549481104843,-90.77549481104843,-202.87489051705697,-202.87489051705697,-202.87489051705697,-246.66211122406355,-246.66211122406355,-246.66211122406355,0.0,0.0,0.0,917.8610970294574
2021-10-20,1458.8357855483944,762.8312423277578,1067.2891963585507,1458.8357855483944,1458.8357855483944,0.0,0.0,0.0,0.0,0.0,0.0,0.0,0.0,0.0,0.0,0.0,0.0,0.0,0.0,0.0,0.0,0.0,0.0,0.0,0.0,0.0,0.0,0.0,0.0,0.0,0.0,0.0,0.0,0.0,0.0,0.0,0.0,0.0,0.0,0.0,0.0,0.0,0.0,0.0,0.0,0.0,0.0,0.0,0.0,0.0,0.0,0.0,0.0,-548.0366761949426,-548.0366761949426,-548.0366761949426,0.0,0.0,0.0,-118.01322984615355,-118.01322984615355,-118.01322984615355,-181.7144759303884,-181.7144759303884,-181.7144759303884,-248.3089704184007,-248.3089704184007,-248.3089704184007,0.0,0.0,0.0,910.7991093534517
2021-10-21,1459.4979775151623,896.5147541300078,1228.0869505611458,1459.4979775151623,1459.4979775151623,0.0,0.0,0.0,0.0,0.0,0.0,0.0,0.0,0.0,0.0,0.0,0.0,0.0,0.0,0.0,0.0,0.0,0.0,0.0,0.0,0.0,0.0,0.0,0.0,0.0,0.0,0.0,0.0,0.0,0.0,0.0,0.0,0.0,0.0,0.0,0.0,0.0,0.0,0.0,0.0,0.0,0.0,0.0,0.0,0.0,0.0,0.0,0.0,-395.74977799140714,-395.74977799140714,-395.74977799140714,0.0,0.0,0.0,-128.4761715477317,-128.4761715477317,-128.4761715477317,-16.87781296413623,-16.87781296413623,-16.87781296413623,-250.3957934795392,-250.3957934795392,-250.3957934795392,0.0,0.0,0.0,1063.7481995237551
2021-10-22,1460.1601694819306,1075.9498754590072,1386.8986493315526,1460.1601694819306,1460.1601694819306,0.0,0.0,0.0,0.0,0.0,0.0,0.0,0.0,0.0,0.0,0.0,0.0,0.0,0.0,0.0,0.0,0.0,0.0,0.0,0.0,0.0,0.0,0.0,0.0,0.0,0.0,0.0,0.0,0.0,0.0,0.0,0.0,0.0,0.0,0.0,0.0,0.0,0.0,0.0,0.0,0.0,0.0,0.0,0.0,0.0,0.0,0.0,0.0,-228.14969160921578,-228.14969160921578,-228.14969160921578,0.0,0.0,0.0,-126.48271484953601,-126.48271484953601,-126.48271484953601,151.10859487122565,151.10859487122565,151.10859487122565,-252.77557163090546,-252.77557163090546,-252.77557163090546,0.0,0.0,0.0,1232.0104778727148
2021-10-23,1460.8223614486985,1123.0685052061717,1455.1815665848949,1460.8223614486985,1460.8223614486985,0.0,0.0,0.0,0.0,0.0,0.0,0.0,0.0,0.0,0.0,0.0,0.0,0.0,0.0,0.0,0.0,0.0,0.0,0.0,0.0,0.0,0.0,0.0,0.0,0.0,0.0,0.0,0.0,0.0,0.0,0.0,0.0,0.0,0.0,0.0,0.0,0.0,0.0,0.0,0.0,0.0,0.0,0.0,0.0,0.0,0.0,0.0,0.0,-166.02615690392741,-166.02615690392741,-166.02615690392741,0.0,0.0,0.0,-120.83551949207309,-120.83551949207309,-120.83551949207309,210.10138936404172,210.10138936404172,210.10138936404172,-255.2920267758961,-255.2920267758961,-255.2920267758961,0.0,0.0,0.0,1294.7962045447712
2021-10-24,1461.4845534154665,1020.7356325413357,1349.5285769181928,1461.4845534154665,1461.4845534154665,0.0,0.0,0.0,0.0,0.0,0.0,0.0,0.0,0.0,0.0,0.0,0.0,0.0,0.0,0.0,0.0,0.0,0.0,0.0,0.0,0.0,0.0,0.0,0.0,0.0,0.0,0.0,0.0,0.0,0.0,0.0,0.0,0.0,0.0,0.0,0.0,0.0,0.0,0.0,0.0,0.0,0.0,0.0,0.0,0.0,0.0,0.0,0.0,-276.60391381733064,-276.60391381733064,-276.60391381733064,0.0,0.0,0.0,-118.36001595910169,-118.36001595910169,-118.36001595910169,99.53964739352381,99.53964739352381,99.53964739352381,-257.78354525175274,-257.78354525175274,-257.78354525175274,0.0,0.0,0.0,1184.880639598136
2021-10-25,1462.1467453822347,858.2836109618316,1183.4062475838182,1462.1467453822347,1462.1467453822347,0.0,0.0,0.0,0.0,0.0,0.0,0.0,0.0,0.0,0.0,0.0,0.0,0.0,0.0,0.0,0.0,0.0,0.0,0.0,0.0,0.0,0.0,0.0,0.0,0.0,0.0,0.0,0.0,0.0,0.0,0.0,0.0,0.0,0.0,0.0,0.0,0.0,0.0,0.0,0.0,0.0,0.0,0.0,0.0,0.0,0.0,0.0,0.0,-439.0819133656429,-439.0819133656429,-439.0819133656429,0.0,0.0,0.0,-119.7122094451326,-119.7122094451326,-119.7122094451326,-59.2824522173093,-59.2824522173093,-59.2824522173093,-260.08725170320105,-260.08725170320105,-260.08725170320105,0.0,0.0,0.0,1023.0648320165918
2021-10-26,1462.8089373490027,715.8160304982929,1030.3402032783836,1462.8089373490027,1462.8089373490027,0.0,0.0,0.0,0.0,0.0,0.0,0.0,0.0,0.0,0.0,0.0,0.0,0.0,0.0,0.0,0.0,0.0,0.0,0.0,0.0,0.0,0.0,0.0,0.0,0.0,0.0,0.0,0.0,0.0,0.0,0.0,0.0,0.0,0.0,0.0,0.0,0.0,0.0,0.0,0.0,0.0,0.0,0.0,0.0,0.0,0.0,0.0,0.0,-585.158796440804,-585.158796440804,-585.158796440804,0.0,0.0,0.0,-120.24079376052968,-120.24079376052968,-120.24079376052968,-202.8748905170598,-202.8748905170598,-202.8748905170598,-262.04311216321463,-262.04311216321463,-262.04311216321463,0.0,0.0,0.0,877.6501409081986
2021-10-27,1463.4711293157707,730.7836805274951,1063.4190194620405,1463.4711293157707,1463.4711293157707,0.0,0.0,0.0,0.0,0.0,0.0,0.0,0.0,0.0,0.0,0.0,0.0,0.0,0.0,0.0,0.0,0.0,0.0,0.0,0.0,0.0,0.0,0.0,0.0,0.0,0.0,0.0,0.0,0.0,0.0,0.0,0.0,0.0,0.0,0.0,0.0,0.0,0.0,0.0,0.0,0.0,0.0,0.0,0.0,0.0,0.0,0.0,0.0,-559.6563258467651,-559.6563258467651,-559.6563258467651,0.0,0.0,0.0,-114.44389537144819,-114.44389537144819,-114.44389537144819,-181.7144759302733,-181.7144759302733,-181.7144759302733,-263.4979545450436,-263.4979545450436,-263.4979545450436,0.0,0.0,0.0,903.8148034690056
2021-10-28,1464.1333212825386,907.6731528294972,1240.5623809896658,1464.1333212825386,1464.1333212825386,0.0,0.0,0.0,0.0,0.0,0.0,0.0,0.0,0.0,0.0,0.0,0.0,0.0,0.0,0.0,0.0,0.0,0.0,0.0,0.0,0.0,0.0,0.0,0.0,0.0,0.0,0.0,0.0,0.0,0.0,0.0,0.0,0.0,0.0,0.0,0.0,0.0,0.0,0.0,0.0,0.0,0.0,0.0,0.0,0.0,0.0,0.0,0.0,-381.20474558605207,-381.20474558605207,-381.20474558605207,0.0,0.0,0.0,-100.01763560365855,-100.01763560365855,-100.01763560365855,-16.877812963978972,-16.877812963978972,-16.877812963978972,-264.3092970184145,-264.3092970184145,-264.3092970184145,0.0,0.0,0.0,1082.9285756964866
2021-10-29,1464.795518383631,1116.2171841756185,1435.835935392238,1464.795518383631,1464.795518383631,0.0,0.0,0.0,0.0,0.0,0.0,0.0,0.0,0.0,0.0,0.0,0.0,0.0,0.0,0.0,0.0,0.0,0.0,0.0,0.0,0.0,0.0,0.0,0.0,0.0,0.0,0.0,0.0,0.0,0.0,0.0,0.0,0.0,0.0,0.0,0.0,0.0,0.0,0.0,0.0,0.0,0.0,0.0,0.0,0.0,0.0,0.0,0.0,-191.8075792848552,-191.8075792848552,-191.8075792848552,0.0,0.0,0.0,-78.56729404796069,-78.56729404796069,-78.56729404796069,151.10859487130898,151.10859487130898,151.10859487130898,-264.3488801082035,-264.3488801082035,-264.3488801082035,0.0,0.0,0.0,1272.9879390987758
2021-10-30,1465.4577154847232,1194.1692194420234,1533.0317539647876,1465.4577154847232,1465.4577154847232,0.0,0.0,0.0,0.0,0.0,0.0,0.0,0.0,0.0,0.0,0.0,0.0,0.0,0.0,0.0,0.0,0.0,0.0,0.0,0.0,0.0,0.0,0.0,0.0,0.0,0.0,0.0,0.0,0.0,0.0,0.0,0.0,0.0,0.0,0.0,0.0,0.0,0.0,0.0,0.0,0.0,0.0,0.0,0.0,0.0,0.0,0.0,0.0,-106.74071082982168,-106.74071082982168,-106.74071082982168,0.0,0.0,0.0,-53.33629353299773,-53.33629353299773,-53.33629353299773,210.10138936412926,210.10138936412926,210.10138936412926,-263.5058066609532,-263.5058066609532,-263.5058066609532,0.0,0.0,0.0,1358.7170046549015
2021-10-31,1466.1199125858157,1111.6570919307205,1444.4225358375118,1466.1199125858157,1466.1199125858157,0.0,0.0,0.0,0.0,0.0,0.0,0.0,0.0,0.0,0.0,0.0,0.0,0.0,0.0,0.0,0.0,0.0,0.0,0.0,0.0,0.0,0.0,0.0,0.0,0.0,0.0,0.0,0.0,0.0,0.0,0.0,0.0,0.0,0.0,0.0,0.0,0.0,0.0,0.0,0.0,0.0,0.0,0.0,0.0,0.0,0.0,0.0,0.0,-188.79869684215305,-188.79869684215305,-188.79869684215305,0.0,0.0,0.0,-26.649139388492596,-26.649139388492596,-26.649139388492596,99.53964739341156,99.53964739341156,99.53964739341156,-261.68920484707195,-261.68920484707195,-261.68920484707195,0.0,0.0,0.0,1277.3212157436626
2021-11-01,1466.782109686908,988.8730333943422,1311.067266153172,1466.782109686908,1466.782109686908,0.0,0.0,0.0,0.0,0.0,0.0,0.0,0.0,0.0,0.0,0.0,0.0,0.0,0.0,0.0,0.0,0.0,0.0,0.0,0.0,0.0,0.0,0.0,0.0,0.0,0.0,0.0,0.0,0.0,0.0,0.0,0.0,0.0,0.0,0.0,0.0,0.0,0.0,0.0,0.0,0.0,0.0,0.0,0.0,0.0,0.0,0.0,0.0,-317.3900141604667,-317.3900141604667,-317.3900141604667,0.0,0.0,0.0,0.7227808428915682,0.7227808428915682,0.7227808428915682,-59.282452217442675,-59.282452217442675,-59.282452217442675,-258.83034278591566,-258.83034278591566,-258.83034278591566,0.0,0.0,0.0,1149.3920955264412
2021-11-02,1467.4443067880002,877.1228513433607,1204.5080324219662,1467.4443067880002,1467.4443067880002,0.0,0.0,0.0,0.0,0.0,0.0,0.0,0.0,0.0,0.0,0.0,0.0,0.0,0.0,0.0,0.0,0.0,0.0,0.0,0.0,0.0,0.0,0.0,0.0,0.0,0.0,0.0,0.0,0.0,0.0,0.0,0.0,0.0,0.0,0.0,0.0,0.0,0.0,0.0,0.0,0.0,0.0,0.0,0.0,0.0,0.0,0.0,0.0,-429.335176997016,-429.335176997016,-429.335176997016,0.0,0.0,0.0,28.42385234170482,28.42385234170482,28.42385234170482,-202.87489051714417,-202.87489051714417,-202.87489051714417,-254.88413882157664,-254.88413882157664,-254.88413882157664,0.0,0.0,0.0,1038.1091297909843
2021-11-03,1468.1065038890924,940.1858842140872,1257.4942649948791,1468.1065038890924,1468.1065038890924,0.0,0.0,0.0,0.0,0.0,0.0,0.0,0.0,0.0,0.0,0.0,0.0,0.0,0.0,0.0,0.0,0.0,0.0,0.0,0.0,0.0,0.0,0.0,0.0,0.0,0.0,0.0,0.0,0.0,0.0,0.0,0.0,0.0,0.0,0.0,0.0,0.0,0.0,0.0,0.0,0.0,0.0,0.0,0.0,0.0,0.0,0.0,0.0,-376.1172789660094,-376.1172789660094,-376.1172789660094,0.0,0.0,0.0,55.427225462266996,55.427225462266996,55.427225462266996,-181.71447593020807,-181.71447593020807,-181.71447593020807,-249.83002849806826,-249.83002849806826,-249.83002849806826,0.0,0.0,0.0,1091.989224923083
2021-11-04,1468.7687009901847,1136.710213981101,1449.664367081642,1468.7687009901847,1468.7687009901847,0.0,0.0,0.0,0.0,0.0,0.0,0.0,0.0,0.0,0.0,0.0,0.0,0.0,0.0,0.0,0.0,0.0,0.0,0.0,0.0,0.0,0.0,0.0,0.0,0.0,0.0,0.0,0.0,0.0,0.0,0.0,0.0,0.0,0.0,0.0,0.0,0.0,0.0,0.0,0.0,0.0,0.0,0.0,0.0,0.0,0.0,0.0,0.0,-180.27453206428547,-180.27453206428547,-180.27453206428547,0.0,0.0,0.0,80.27544829873946,80.27544829873946,80.27544829873946,-16.877812964626212,-16.877812964626212,-16.877812964626212,-243.67216739839876,-243.67216739839876,-243.67216739839876,0.0,0.0,0.0,1288.4941689258992
2021-11-05,1469.4308980912772,1321.840138867004,1641.5863712041046,1469.4308980912772,1469.4308980912772,0.0,0.0,0.0,0.0,0.0,0.0,0.0,0.0,0.0,0.0,0.0,0.0,0.0,0.0,0.0,0.0,0.0,0.0,0.0,0.0,0.0,0.0,0.0,0.0,0.0,0.0,0.0,0.0,0.0,0.0,0.0,0.0,0.0,0.0,0.0,0.0,0.0,0.0,0.0,0.0,0.0,0.0,0.0,0.0,0.0,0.0,0.0,0.0,16.74340023809062,16.74340023809062,16.74340023809062,0.0,0.0,0.0,102.07377307514545,102.07377307514545,102.07377307514545,151.10859487139226,151.10859487139226,151.10859487139226,-236.4389677084471,-236.4389677084471,-236.4389677084471,0.0,0.0,0.0,1486.1742983293677
2021-11-06,1470.0930951923694,1397.6203802002299,1729.111927245762,1470.0930951923694,1470.0930951923694,0.0,0.0,0.0,0.0,0.0,0.0,0.0,0.0,0.0,0.0,0.0,0.0,0.0,0.0,0.0,0.0,0.0,0.0,0.0,0.0,0.0,0.0,0.0,0.0,0.0,0.0,0.0,0.0,0.0,0.0,0.0,0.0,0.0,0.0,0.0,0.0,0.0,0.0,0.0,0.0,0.0,0.0,0.0,0.0,0.0,0.0,0.0,0.0,102.61627420102482,102.61627420102482,102.61627420102482,0.0,0.0,0.0,120.69686994451105,120.69686994451105,120.69686994451105,210.10138936413148,210.10138936413148,210.10138936413148,-228.18198510761772,-228.18198510761772,-228.18198510761772,0.0,0.0,0.0,1572.7093693933944
2021-11-07,1470.7552922934615,1312.6493466904158,1647.0934404701427,1470.7552922934615,1470.7552922934615,0.0,0.0,0.0,0.0,0.0,0.0,0.0,0.0,0.0,0.0,0.0,0.0,0.0,0.0,0.0,0.0,0.0,0.0,0.0,0.0,0.0,0.0,0.0,0.0,0.0,0.0,0.0,0.0,0.0,0.0,0.0,0.0,0.0,0.0,0.0,0.0,0.0,0.0,0.0,0.0,0.0,0.0,0.0,0.0,0.0,0.0,0.0,0.0,16.24524108087675,16.24524108087675,16.24524108087675,0.0,0.0,0.0,135.6797845280127,135.6797845280127,135.6797845280127,99.53964739329933,99.53964739329933,99.53964739329933,-218.97419084043534,-218.97419084043534,-218.97419084043534,0.0,0.0,0.0,1487.0005333743381
2021-11-08,1471.417489394554,1187.0431232557148,1506.14921844274,1471.417489394554,1471.417489394554,0.0,0.0,0.0,0.0,0.0,0.0,0.0,0.0,0.0,0.0,0.0,0.0,0.0,0.0,0.0,0.0,0.0,0.0,0.0,0.0,0.0,0.0,0.0,0.0,0.0,0.0,0.0,0.0,0.0,0.0,0.0,0.0,0.0,0.0,0.0,0.0,0.0,0.0,0.0,0.0,0.0,0.0,0.0,0.0,0.0,0.0,0.0,0.0,-123.11313908702644,-123.11313908702644,-123.11313908702644,0.0,0.0,0.0,145.076994195271,145.076994195271,145.076994195271,-59.28245221755247,-59.28245221755247,-59.28245221755247,-208.9076810647449,-208.9076810647449,-208.9076810647449,0.0,0.0,0.0,1348.3043503075276
2021-11-09,1472.0796864956462,1068.9946487878176,1393.8266298417254,1472.0796864956462,1472.0796864956462,0.0,0.0,0.0,0.0,0.0,0.0,0.0,0.0,0.0,0.0,0.0,0.0,0.0,0.0,0.0,0.0,0.0,0.0,0.0,0.0,0.0,0.0,0.0,0.0,0.0,0.0,0.0,0.0,0.0,0.0,0.0,0.0,0.0,0.0,0.0,0.0,0.0,0.0,0.0,0.0,0.0,0.0,0.0,0.0,0.0,0.0,0.0,0.0,-254.9318410719428,-254.9318410719428,-254.9318410719428,0.0,0.0,0.0,146.03394075447653,146.03394075447653,146.03394075447653,-202.8748905171878,-202.8748905171878,-202.8748905171878,-198.09089130923155,-198.09089130923155,-198.09089130923155,0.0,0.0,0.0,1217.1478454237035
2021-11-10,1472.7418835967387,1073.3915233207845,1397.8102624598166,1472.7418835967387,1472.7418835967387,0.0,0.0,0.0,0.0,0.0,0.0,0.0,0.0,0.0,0.0,0.0,0.0,0.0,0.0,0.0,0.0,0.0,0.0,0.0,0.0,0.0,0.0,0.0,0.0,0.0,0.0,0.0,0.0,0.0,0.0,0.0,0.0,0.0,0.0,0.0,0.0,0.0,0.0,0.0,0.0,0.0,0.0,0.0,0.0,0.0,0.0,0.0,0.0,-231.20921124581665,-231.20921124581665,-231.20921124581665,0.0,0.0,0.0,137.15066234294812,137.15066234294812,137.15066234294812,-181.71447593051474,-181.71447593051474,-181.71447593051474,-186.64539765825006,-186.64539765825006,-186.64539765825006,0.0,0.0,0.0,1241.532672350922
2021-11-11,1473.4040806978308,1269.277536318014,1586.5098661123725,1473.4040806978308,1473.4040806978308,0.0,0.0,0.0,0.0,0.0,0.0,0.0,0.0,0.0,0.0,0.0,0.0,0.0,0.0,0.0,0.0,0.0,0.0,0.0,0.0,0.0,0.0,0.0,0.0,0.0,0.0,0.0,0.0,0.0,0.0,0.0,0.0,0.0,0.0,0.0,0.0,0.0,0.0,0.0,28.753142494870637,28.753142494870637,28.753142494870637,0.0,0.0,0.0,0.0,0.0,0.0,-42.31201169575303,-42.31201169575303,-42.31201169575303,28.753142494870637,28.753142494870637,28.753142494870637,120.51505649175441,120.51505649175441,120.51505649175441,-16.87781296451808,-16.87781296451808,-16.87781296451808,-174.70239771785998,-174.70239771785998,-174.70239771785998,0.0,0.0,0.0,1431.0920690020778
2021-11-12,1474.0662777989232,1401.4112607418417,1728.6033736986624,1474.0662777989232,1474.0662777989232,0.0,0.0,0.0,0.0,0.0,0.0,0.0,0.0,0.0,0.0,0.0,0.0,0.0,0.0,0.0,0.0,0.0,0.0,0.0,0.0,0.0,0.0,0.0,0.0,0.0,0.0,0.0,0.0,0.0,0.0,0.0,0.0,0.0,0.0,0.0,0.0,0.0,0.0,0.0,0.0,0.0,0.0,0.0,0.0,0.0,0.0,0.0,0.0,89.68892967990767,89.68892967990767,89.68892967990767,0.0,0.0,0.0,100.97930799019302,100.97930799019302,100.97930799019302,151.10859487147556,151.10859487147556,151.10859487147556,-162.3989731817609,-162.3989731817609,-162.3989731817609,0.0,0.0,0.0,1563.755207478831
2021-11-13,1474.7284749000155,1443.9371442924005,1773.247330013809,1474.7284749000155,1474.7284749000155,0.0,0.0,0.0,0.0,0.0,0.0,0.0,0.0,0.0,0.0,0.0,0.0,0.0,0.0,0.0,0.0,0.0,0.0,0.0,0.0,0.0,0.0,0.0,0.0,0.0,0.0,0.0,0.0,0.0,0.0,0.0,0.0,0.0,0.0,0.0,0.0,0.0,0.0,0.0,0.0,0.0,0.0,0.0,0.0,0.0,0.0,0.0,0.0,142.79950310558672,142.79950310558672,142.79950310558672,0.0,0.0,0.0,82.57235539679304,82.57235539679304,82.57235539679304,210.10138936409274,210.10138936409274,210.10138936409274,-149.87424165529907,-149.87424165529907,-149.87424165529907,0.0,0.0,0.0,1617.527978005602
2021-11-14,1475.3906720011078,1338.8834325271312,1663.0521282759796,1475.3906720011078,1475.3906720011078,0.0,0.0,0.0,0.0,0.0,0.0,0.0,0.0,0.0,0.0,0.0,0.0,0.0,0.0,0.0,0.0,0.0,0.0,0.0,0.0,0.0,0.0,0.0,0.0,0.0,0.0,0.0,0.0,0.0,0.0,0.0,0.0,0.0,0.0,0.0,0.0,0.0,0.0,0.0,0.0,0.0,0.0,0.0,0.0,0.0,0.0,0.0,0.0,27.178877066177492,27.178877066177492,27.178877066177492,0.0,0.0,0.0,64.9047378183425,64.9047378183425,64.9047378183425,99.53964739380132,99.53964739380132,99.53964739380132,-137.2655081459663,-137.2655081459663,-137.2655081459663,0.0,0.0,0.0,1502.5695490672852
2021-11-15,1476.0528691022,1168.4436685458575,1491.539154282668,1476.0528691022,1476.0528691022,0.0,0.0,0.0,0.0,0.0,0.0,0.0,0.0,0.0,0.0,0.0,0.0,0.0,0.0,0.0,0.0,0.0,0.0,0.0,0.0,0.0,0.0,0.0,0.0,0.0,0.0,0.0,0.0,0.0,0.0,0.0,0.0,0.0,0.0,0.0,0.0,0.0,0.0,0.0,0.0,0.0,0.0,0.0,0.0,0.0,0.0,0.0,0.0,-140.91485455728832,-140.91485455728832,-140.91485455728832,0.0,0.0,0.0,43.07212387426532,43.07212387426532,43.07212387426532,-59.28245221698083,-59.28245221698083,-59.28245221698083,-124.70452621457282,-124.70452621457282,-124.70452621457282,0.0,0.0,0.0,1335.1380145449116
2021-11-16,1476.7150662032923,1012.8057764645971,1338.92452547121,1476.7150662032923,1476.7150662032923,0.0,0.0,0.0,0.0,0.0,0.0,0.0,0.0,0.0,0.0,0.0,0.0,0.0,0.0,0.0,0.0,0.0,0.0,0.0,0.0,0.0,0.0,0.0,0.0,0.0,0.0,0.0,0.0,0.0,0.0,0.0,0.0,0.0,0.0,0.0,0.0,0.0,0.0,0.0,0.0,0.0,0.0,0.0,0.0,0.0,0.0,0.0,0.0,-303.32035238616834,-303.32035238616834,-303.32035238616834,0.0,0.0,0.0,11.86851334322663,11.86851334322663,11.86851334322663,-202.8748905172314,-202.8748905172314,-202.8748905172314,-112.31397521216351,-112.31397521216351,-112.31397521216351,0.0,0.0,0.0,1173.3947138171238
2021-11-17,1477.3772633043845,999.7915040858501,1329.2624781869474,1477.3772633043845,1477.3772633043845,0.0,0.0,0.0,0.0,0.0,0.0,0.0,0.0,0.0,0.0,0.0,0.0,0.0,0.0,0.0,0.0,0.0,0.0,0.0,0.0,0.0,0.0,0.0,0.0,0.0,0.0,0.0,0.0,0.0,0.0,0.0,0.0,0.0,0.0,0.0,0.0,0.0,0.0,0.0,0.0,0.0,0.0,0.0,0.0,0.0,0.0,0.0,0.0,-310.69545695045485,-310.69545695045485,-310.69545695045485,0.0,0.0,0.0,-28.776727607999742,-28.776727607999742,-28.776727607999742,-181.71447593049936,-181.71447593049936,-181.71447593049936,-100.20425341195578,-100.20425341195578,-100.20425341195578,0.0,0.0,0.0,1166.6818063539297
2021-11-18,1478.039460405477,1140.1579151405897,1469.6247240503608,1478.039460405477,1478.039460405477,0.0,0.0,0.0,0.0,0.0,0.0,0.0,0.0,0.0,0.0,0.0,0.0,0.0,0.0,0.0,0.0,0.0,0.0,0.0,0.0,0.0,0.0,0.0,0.0,0.0,0.0,0.0,0.0,0.0,0.0,0.0,0.0,0.0,0.0,0.0,0.0,0.0,0.0,0.0,0.0,0.0,0.0,0.0,0.0,0.0,0.0,0.0,0.0,-177.12457158405735,-177.12457158405735,-177.12457158405735,0.0,0.0,0.0,-71.77608124494922,-71.77608124494922,-71.77608124494922,-16.87781296431169,-16.87781296431169,-16.87781296431169,-88.47067737479645,-88.47067737479645,-88.47067737479645,0.0,0.0,0.0,1300.9148888214197
2021-11-19,1478.7016575065695,1276.9847536065136,1602.8277450456592,1478.7016575065695,1478.7016575065695,0.0,0.0,0.0,0.0,0.0,0.0,0.0,0.0,0.0,0.0,0.0,0.0,0.0,0.0,0.0,0.0,0.0,0.0,0.0,0.0,0.0,0.0,0.0,0.0,0.0,0.0,0.0,0.0,0.0,0.0,0.0,0.0,0.0,0.0,0.0,0.0,0.0,0.0,0.0,0.0,0.0,0.0,0.0,0.0,0.0,0.0,0.0,0.0,-32.52869538456902,-32.52869538456902,-32.52869538456902,0.0,0.0,0.0,-106.44612442307583,-106.44612442307583,-106.44612442307583,151.1085948715975,151.1085948715975,151.1085948715975,-77.19116583309071,-77.19116583309071,-77.19116583309071,0.0,0.0,0.0,1446.1729621220004
2021-11-20,1479.3638546076616,1344.3275908388252,1656.4558736713443,1479.3638546076616,1479.3638546076616,0.0,0.0,0.0,0.0,0.0,0.0,0.0,0.0,0.0,0.0,0.0,0.0,0.0,0.0,0.0,0.0,0.0,0.0,0.0,0.0,0.0,0.0,0.0,0.0,0.0,0.0,0.0,0.0,0.0,0.0,0.0,0.0,0.0,0.0,0.0,0.0,0.0,0.0,0.0,0.0,0.0,0.0,0.0,0.0,0.0,0.0,0.0,0.0,18.431400106989745,18.431400106989745,18.431400106989745,0.0,0.0,0.0,-125.24551716430634,-125.24551716430634,-125.24551716430634,210.10138936407446,210.10138936407446,210.10138936407446,-66.42447209277832,-66.42447209277832,-66.42447209277832,0.0,0.0,0.0,1497.7952547146513
2021-11-21,1480.0260517087538,1231.3044739187026,1552.5912978665738,1480.0260517087538,1480.0260517087538,0.0,0.0,0.0,0.0,0.0,0.0,0.0,0.0,0.0,0.0,0.0,0.0,0.0,0.0,0.0,0.0,0.0,0.0,0.0,0.0,0.0,0.0,0.0,0.0,0.0,0.0,0.0,0.0,0.0,0.0,0.0,0.0,0.0,0.0,0.0,0.0,0.0,0.0,0.0,0.0,0.0,0.0,0.0,0.0,0.0,0.0,0.0,0.0,-85.18597046628423,-85.18597046628423,-85.18597046628423,0.0,0.0,0.0,-128.5166050129194,-128.5166050129194,-128.5166050129194,99.53964739368908,99.53964739368908,99.53964739368908,-56.20901284705394,-56.20901284705394,-56.20901284705394,0.0,0.0,0.0,1394.8400812424695
2021-11-22,1480.6882488098463,1080.7170884066998,1406.473061743639,1480.6882488098463,1480.6882488098463,0.0,0.0,0.0,0.0,0.0,0.0,0.0,0.0,0.0,0.0,0.0,0.0,0.0,0.0,0.0,0.0,0.0,0.0,0.0,0.0,0.0,0.0,0.0,0.0,0.0,0.0,0.0,0.0,0.0,0.0,0.0,0.0,0.0,0.0,0.0,0.0,0.0,0.0,0.0,0.0,0.0,0.0,0.0,0.0,0.0,0.0,0.0,0.0,-229.41631540362897,-229.41631540362897,-229.41631540362897,0.0,0.0,0.0,-123.57153935193291,-123.57153935193291,-123.57153935193291,-59.28245221709062,-59.28245221709062,-59.28245221709062,-46.56232383460548,-46.56232383460548,-46.56232383460548,0.0,0.0,0.0,1251.2719334062174
2021-11-23,1481.3504459109386,952.2286472121555,1291.3389676772845,1481.3504459109386,1481.3504459109386,0.0,0.0,0.0,0.0,0.0,0.0,0.0,0.0,0.0,0.0,0.0,0.0,0.0,0.0,0.0,0.0,0.0,0.0,0.0,0.0,0.0,0.0,0.0,0.0,0.0,0.0,0.0,0.0,0.0,0.0,0.0,0.0,0.0,0.0,0.0,0.0,0.0,0.0,0.0,0.0,0.0,0.0,0.0,0.0,0.0,0.0,0.0,0.0,-359.35627123950127,-359.35627123950127,-359.35627123950127,0.0,0.0,0.0,-119.00022625872002,-119.00022625872002,-119.00022625872002,-202.87489051727502,-202.87489051727502,-202.87489051727502,-37.48115446350622,-37.48115446350622,-37.48115446350622,0.0,0.0,0.0,1121.9941746714373
2021-11-24,1482.0126430120306,989.6516573292295,1329.694435298936,1482.0126430120306,1482.0126430120306,0.0,0.0,0.0,0.0,0.0,0.0,0.0,0.0,0.0,0.0,0.0,0.0,0.0,0.0,0.0,0.0,0.0,0.0,0.0,0.0,0.0,0.0,0.0,0.0,0.0,0.0,0.0,0.0,0.0,0.0,0.0,0.0,0.0,0.0,0.0,0.0,0.0,0.0,0.0,0.0,0.0,0.0,0.0,0.0,0.0,0.0,0.0,0.0,-329.4242449175023,-329.4242449175023,-329.4242449175023,0.0,0.0,0.0,-118.767574101512,-118.767574101512,-118.767574101512,-181.71447593038428,-181.71447593038428,-181.71447593038428,-28.942194885606014,-28.942194885606014,-28.942194885606014,0.0,0.0,0.0,1152.5883980945282
2021-11-25,1482.674840113123,1009.0906463834249,1329.1126226092954,1482.674840113123,1482.674840113123,0.0,0.0,0.0,0.0,0.0,0.0,0.0,0.0,0.0,0.0,0.0,0.0,0.0,0.0,0.0,0.0,0.0,0.0,0.0,0.0,0.0,0.0,0.0,0.0,0.0,0.0,0.0,0.0,0.0,0.0,0.0,0.0,0.0,0.0,0.0,0.0,-148.4755809062341,-148.4755809062341,-148.4755809062341,0.0,0.0,0.0,0.0,0.0,0.0,0.0,0.0,0.0,-306.7198172789143,-306.7198172789143,-306.7198172789143,-148.4755809062341,-148.4755809062341,-148.4755809062341,-120.46301282181336,-120.46301282181336,-120.46301282181336,-16.87781296420356,-16.87781296420356,-16.87781296420356,-20.90341058666324,-20.90341058666324,-20.90341058666324,0.0,0.0,0.0,1175.9550228342086
2021-11-26,1483.3370372142153,1345.7288994854123,1656.3117840686912,1483.3370372142153,1483.3370372142153,0.0,0.0,0.0,0.0,0.0,0.0,0.0,0.0,0.0,0.0,0.0,0.0,0.0,0.0,0.0,0.0,0.0,0.0,0.0,0.0,0.0,0.0,0.0,0.0,0.0,0.0,0.0,0.0,0.0,0.0,0.0,0.0,0.0,0.0,0.0,0.0,0.0,0.0,0.0,0.0,0.0,0.0,0.0,0.0,0.0,0.0,0.0,0.0,19.423144094774038,19.423144094774038,19.423144094774038,0.0,0.0,0.0,-118.37950889545927,-118.37950889545927,-118.37950889545927,151.1085948711736,151.1085948711736,151.1085948711736,-13.30594188094033,-13.30594188094033,-13.30594188094033,0.0,0.0,0.0,1502.7601813089893
2021-11-27,1483.9992343153078,1414.6481982912487,1743.8563601487701,1483.9992343153078,1483.9992343153078,0.0,0.0,0.0,0.0,0.0,0.0,0.0,0.0,0.0,0.0,0.0,0.0,0.0,0.0,0.0,0.0,0.0,0.0,0.0,0.0,0.0,0.0,0.0,0.0,0.0,0.0,0.0,0.0,0.0,0.0,0.0,0.0,0.0,0.0,0.0,0.0,0.0,0.0,0.0,0.0,0.0,0.0,0.0,0.0,0.0,0.0,0.0,0.0,95.74167776661196,95.74167776661196,95.74167776661196,0.0,0.0,0.0,-108.28320231883673,-108.28320231883673,-108.28320231883673,210.10138936405616,210.10138936405616,210.10138936405616,-6.076509278607519,-6.076509278607519,-6.076509278607519,0.0,0.0,0.0,1579.7409120819198
2021-11-28,1484.6614314164,1334.2077543501814,1650.6801913095408,1484.6614314164,1484.6614314164,0.0,0.0,0.0,0.0,0.0,0.0,0.0,0.0,0.0,0.0,0.0,0.0,0.0,0.0,0.0,0.0,0.0,0.0,0.0,0.0,0.0,0.0,0.0,0.0,0.0,0.0,0.0,0.0,0.0,0.0,0.0,0.0,0.0,0.0,0.0,0.0,0.0,0.0,0.0,0.0,0.0,0.0,0.0,0.0,0.0,0.0,0.0,0.0,10.43928710204331,10.43928710204331,10.43928710204331,0.0,0.0,0.0,-89.97010929125577,-89.97010929125577,-89.97010929125577,99.53964739358031,99.53964739358031,99.53964739358031,0.8697489997187274,0.8697489997187274,0.8697489997187274,0.0,0.0,0.0,1495.1007185184435
2021-11-29,1485.3236285174924,1215.7425686617314,1534.8187415001885,1485.3236285174924,1485.3236285174924,0.0,0.0,0.0,0.0,0.0,0.0,0.0,0.0,0.0,0.0,0.0,0.0,0.0,0.0,0.0,0.0,0.0,0.0,0.0,0.0,0.0,0.0,0.0,0.0,0.0,0.0,0.0,0.0,0.0,0.0,0.0,0.0,0.0,0.0,0.0,0.0,0.0,0.0,0.0,0.0,0.0,0.0,0.0,0.0,0.0,0.0,0.0,0.0,-117.89467651381324,-117.89467651381324,-117.89467651381324,0.0,0.0,0.0,-66.23831792577029,-66.23831792577029,-66.23831792577029,-59.2824522172476,-59.2824522172476,-59.2824522172476,7.626093629204648,7.626093629204648,7.626093629204648,0.0,0.0,0.0,1367.4289520036791
2021-11-30,1485.9858256185846,1101.994768162847,1422.7532508764673,1485.9858256185846,1485.9858256185846,0.0,0.0,0.0,0.0,0.0,0.0,0.0,0.0,0.0,0.0,0.0,0.0,0.0,0.0,0.0,0.0,0.0,0.0,0.0,0.0,0.0,0.0,0.0,0.0,0.0,0.0,0.0,0.0,0.0,0.0,0.0,0.0,0.0,0.0,0.0,0.0,0.0,0.0,0.0,0.0,0.0,0.0,0.0,0.0,0.0,0.0,0.0,0.0,-228.6827059654277,-228.6827059654277,-228.6827059654277,0.0,0.0,0.0,-40.09856665561846,-40.09856665561846,-40.09856665561846,-202.8748905173594,-202.8748905173594,-202.8748905173594,14.29075120755017,14.29075120755017,14.29075120755017,0.0,0.0,0.0,1257.303119653157
2021-12-01,1486.6480227196769,1154.7623585484416,1475.2243578826979,1486.6480227196769,1486.6480227196769,0.0,0.0,0.0,0.0,0.0,0.0,0.0,0.0,0.0,0.0,0.0,0.0,0.0,0.0,0.0,0.0,0.0,0.0,0.0,0.0,0.0,0.0,0.0,0.0,0.0,0.0,0.0,0.0,0.0,0.0,0.0,0.0,0.0,0.0,0.0,0.0,0.0,0.0,0.0,0.0,0.0,0.0,0.0,0.0,0.0,0.0,0.0,0.0,-173.78583008286577,-173.78583008286577,-173.78583008286577,0.0,0.0,0.0,-13.034689386258709,-13.034689386258709,-13.034689386258709,-181.71447593079066,-181.71447593079066,-181.71447593079066,20.963335234183553,20.963335234183553,20.963335234183553,0.0,0.0,0.0,1312.8621926368112
2021-12-02,1487.3102198207694,1367.6225319273428,1682.1236337938215,1487.3102198207694,1487.3102198207694,0.0,0.0,0.0,0.0,0.0,0.0,0.0,0.0,0.0,0.0,0.0,0.0,0.0,0.0,0.0,0.0,0.0,0.0,0.0,0.0,0.0,0.0,0.0,0.0,0.0,0.0,0.0,0.0,0.0,0.0,0.0,0.0,0.0,0.0,0.0,0.0,0.0,0.0,0.0,0.0,0.0,0.0,0.0,0.0,0.0,0.0,0.0,0.0,25.439748551958377,25.439748551958377,25.439748551958377,0.0,0.0,0.0,14.576332718342982,14.576332718342982,14.576332718342982,-16.87781296409543,-16.87781296409543,-16.87781296409543,27.741228797710814,27.741228797710814,27.741228797710814,0.0,0.0,0.0,1512.7499683727278
2021-12-03,1487.9724169218614,1554.196131042089,1874.0577983965852,1487.9724169218614,1487.9724169218614,0.0,0.0,0.0,0.0,0.0,0.0,0.0,0.0,0.0,0.0,0.0,0.0,0.0,0.0,0.0,0.0,0.0,0.0,0.0,0.0,0.0,0.0,0.0,0.0,0.0,0.0,0.0,0.0,0.0,0.0,0.0,0.0,0.0,0.0,0.0,0.0,0.0,0.0,0.0,0.0,0.0,0.0,0.0,0.0,0.0,0.0,0.0,0.0,227.93014500055114,227.93014500055114,227.93014500055114,0.0,0.0,0.0,42.10551230437347,42.10551230437347,42.10551230437347,151.10859487129554,151.10859487129554,151.10859487129554,34.71603782488209,34.71603782488209,34.71603782488209,0.0,0.0,0.0,1715.9025619224126
2021-12-04,1488.6346140229537,1642.9806185478453,1970.2317088250309,1488.6346140229537,1488.6346140229537,0.0,0.0,0.0,0.0,0.0,0.0,0.0,0.0,0.0,0.0,0.0,0.0,0.0,0.0,0.0,0.0,0.0,0.0,0.0,0.0,0.0,0.0,0.0,0.0,0.0,0.0,0.0,0.0,0.0,0.0,0.0,0.0,0.0,0.0,0.0,0.0,0.0,0.0,0.0,0.0,0.0,0.0,0.0,0.0,0.0,0.0,0.0,0.0,320.2710466497661,320.2710466497661,320.2710466497661,0.0,0.0,0.0,68.19943560335679,68.19943560335679,68.19943560335679,210.10138936403794,210.10138936403794,210.10138936403794,41.97022168237138,41.97022168237138,41.97022168237138,0.0,0.0,0.0,1808.9056606727197
2021-12-05,1489.2968111240461,1573.2624420940317,1889.147020013782,1489.2968111240461,1489.2968111240461,0.0,0.0,0.0,0.0,0.0,0.0,0.0,0.0,0.0,0.0,0.0,0.0,0.0,0.0,0.0,0.0,0.0,0.0,0.0,0.0,0.0,0.0,0.0,0.0,0.0,0.0,0.0,0.0,0.0,0.0,0.0,0.0,0.0,0.0,0.0,0.0,0.0,0.0,0.0,0.0,0.0,0.0,0.0,0.0,0.0,0.0,0.0,0.0,240.68734638839845,240.68734638839845,240.68734638839845,0.0,0.0,0.0,91.57369623133583,91.57369623133583,91.57369623133583,99.53964739346809,99.53964739346809,99.53964739346809,49.57400276359456,49.57400276359456,49.57400276359456,0.0,0.0,0.0,1729.9841575124447
2021-12-06,1489.9590082251384,1430.9318216783242,1760.1842759485469,1489.9590082251384,1489.9590082251384,0.0,0.0,0.0,0.0,0.0,0.0,0.0,0.0,0.0,0.0,0.0,0.0,0.0,0.0,0.0,0.0,0.0,0.0,0.0,0.0,0.0,0.0,0.0,0.0,0.0,0.0,0.0,0.0,0.0,0.0,0.0,0.0,0.0,0.0,0.0,0.0,0.0,0.0,0.0,0.0,0.0,0.0,0.0,0.0,0.0,0.0,0.0,0.0,110.08528926543399,110.08528926543399,110.08528926543399,0.0,0.0,0.0,111.78509289803551,111.78509289803551,111.78509289803551,-59.2824522173574,-59.2824522173574,-59.2824522173574,57.58264858475585,57.58264858475585,57.58264858475585,0.0,0.0,0.0,1600.0442974905725
2021-12-07,1490.6212053262307,1316.5949829255533,1631.3238151568069,1490.6212053262307,1490.6212053262307,0.0,0.0,0.0,0.0,0.0,0.0,0.0,0.0,0.0,0.0,0.0,0.0,0.0,0.0,0.0,0.0,0.0,0.0,0.0,0.0,0.0,0.0,0.0,0.0,0.0,0.0,0.0,0.0,0.0,0.0,0.0,0.0,0.0,0.0,0.0,0.0,0.0,0.0,0.0,0.0,0.0,0.0,0.0,0.0,0.0,0.0,0.0,0.0,-8.114989902414706,-8.114989902414706,-8.114989902414706,0.0,0.0,0.0,128.72569152101232,128.72569152101232,128.72569152101232,-202.8748905171117,-202.8748905171117,-202.8748905171117,66.03420909368465,66.03420909368465,66.03420909368465,0.0,0.0,0.0,1482.506215423816
2021-12-08,1491.283402427323,1366.1198545449831,1687.8763939826235,1491.283402427323,1491.283402427323,0.0,0.0,0.0,0.0,0.0,0.0,0.0,0.0,0.0,0.0,0.0,0.0,0.0,0.0,0.0,0.0,0.0,0.0,0.0,0.0,0.0,0.0,0.0,0.0,0.0,0.0,0.0,0.0,0.0,0.0,0.0,0.0,0.0,0.0,0.0,0.0,0.0,0.0,0.0,0.0,0.0,0.0,0.0,0.0,0.0,0.0,0.0,0.0,34.489292070722676,34.489292070722676,34.489292070722676,0.0,0.0,0.0,141.25598932784848,141.25598932784848,141.25598932784848,-181.71447593067555,-181.71447593067555,-181.71447593067555,74.94777867354975,74.94777867354975,74.94777867354975,0.0,0.0,0.0,1525.7726944980457
2021-12-09,1491.9455995284154,1542.9007531243483,1875.7129684605843,1491.9455995284154,1491.9455995284154,0.0,0.0,0.0,0.0,0.0,0.0,0.0,0.0,0.0,0.0,0.0,0.0,0.0,0.0,0.0,0.0,0.0,0.0,0.0,0.0,0.0,0.0,0.0,0.0,0.0,0.0,0.0,0.0,0.0,0.0,0.0,0.0,0.0,0.0,0.0,0.0,0.0,0.0,0.0,0.0,0.0,0.0,0.0,0.0,0.0,0.0,0.0,0.0,214.20922845764824,214.20922845764824,214.20922845764824,0.0,0.0,0.0,146.76470433917154,146.76470433917154,146.76470433917154,-16.877812963889042,-16.877812963889042,-16.877812963889042,84.32233708236569,84.32233708236569,84.32233708236569,0.0,0.0,0.0,1706.1548279860635
2021-12-10,1494.7638032708621,1731.8934083598292,2048.0951781604895,1494.7638032708621,1494.7638032708621,0.0,0.0,0.0,0.0,0.0,0.0,0.0,0.0,0.0,0.0,0.0,0.0,0.0,0.0,0.0,0.0,0.0,0.0,0.0,0.0,0.0,0.0,0.0,0.0,0.0,0.0,0.0,0.0,0.0,0.0,0.0,0.0,0.0,0.0,0.0,0.0,0.0,0.0,0.0,0.0,0.0,0.0,0.0,0.0,0.0,0.0,0.0,0.0,388.0272057778958,388.0272057778958,388.0272057778958,0.0,0.0,0.0,142.78240415669845,142.78240415669845,142.78240415669845,151.10859487134022,151.10859487134022,151.10859487134022,94.13620674985722,94.13620674985722,94.13620674985722,0.0,0.0,0.0,1882.791009048758
2021-12-11,1497.5820070133086,1789.2685011145834,2093.7620857383295,1497.5820070133086,1497.5820070133086,0.0,0.0,0.0,0.0,0.0,0.0,0.0,0.0,0.0,0.0,0.0,0.0,0.0,0.0,0.0,0.0,0.0,0.0,0.0,0.0,0.0,0.0,0.0,0.0,0.0,0.0,0.0,0.0,0.0,0.0,0.0,0.0,0.0,0.0,0.0,0.0,0.0,0.0,0.0,0.0,0.0,0.0,0.0,0.0,0.0,0.0,0.0,0.0,443.979489939143,443.979489939143,443.979489939143,0.0,0.0,0.0,129.53095463637348,129.53095463637348,129.53095463637348,210.10138936414594,210.10138936414594,210.10138936414594,104.34714593862358,104.34714593862358,104.34714593862358,0.0,0.0,0.0,1941.5614969524515
2021-12-12,1500.4002107557553,1658.6501133408158,1991.9594238568784,1500.4002107557553,1500.4002107557553,0.0,0.0,0.0,0.0,0.0,0.0,0.0,0.0,0.0,0.0,0.0,0.0,0.0,0.0,0.0,0.0,0.0,0.0,0.0,0.0,0.0,0.0,0.0,0.0,0.0,0.0,0.0,0.0,0.0,0.0,0.0,0.0,0.0,0.0,0.0,0.0,0.0,0.0,0.0,0.0,0.0,0.0,0.0,0.0,0.0,0.0,0.0,0.0,325.21942782167196,325.21942782167196,325.21942782167196,0.0,0.0,0.0,110.78670164319955,110.78670164319955,110.78670164319955,99.53964739396832,99.53964739396832,99.53964739396832,114.89307878450423,114.89307878450423,114.89307878450423,0.0,0.0,0.0,1825.6196385774274
2021-12-13,1503.2184144982018,1502.9758312716688,1821.1621304952569,1503.2184144982018,1503.2184144982018,0.0,0.0,0.0,0.0,0.0,0.0,0.0,0.0,0.0,0.0,0.0,0.0,0.0,0.0,0.0,0.0,0.0,0.0,0.0,0.0,0.0,0.0,0.0,0.0,0.0,0.0,0.0,0.0,0.0,0.0,0.0,0.0,0.0,0.0,0.0,0.0,0.0,0.0,0.0,0.0,0.0,0.0,0.0,0.0,0.0,0.0,0.0,0.0,157.94193509382788,157.94193509382788,157.94193509382788,0.0,0.0,0.0,91.53094261918449,91.53094261918449,91.53094261918449,-59.2824522174672,-59.2824522174672,-59.2824522174672,125.6934446921106,125.6934446921106,125.6934446921106,0.0,0.0,0.0,1661.1603495920297
2021-12-14,1506.0366182406485,1356.852476638756,1672.0702489593598,1506.0366182406485,1506.0366182406485,0.0,0.0,0.0,0.0,0.0,0.0,0.0,0.0,0.0,0.0,0.0,0.0,0.0,0.0,0.0,0.0,0.0,0.0,0.0,0.0,0.0,0.0,0.0,0.0,0.0,0.0,0.0,0.0,0.0,0.0,0.0,0.0,0.0,0.0,0.0,0.0,0.0,0.0,0.0,0.0,0.0,0.0,0.0,0.0,0.0,0.0,0.0,0.0,7.655223955905929,7.655223955905929,7.655223955905929,0.0,0.0,0.0,73.87898296084857,73.87898296084857,73.87898296084857,-202.8748905171961,-202.8748905171961,-202.8748905171961,136.65113151225344,136.65113151225344,136.65113151225344,0.0,0.0,0.0,1513.6918421965545
2021-12-15,1508.854821983095,1369.1518009833057,1697.6169957946722,1508.854821983095,1508.854821983095,0.0,0.0,0.0,0.0,0.0,0.0,0.0,0.0,0.0,0.0,0.0,0.0,0.0,0.0,0.0,0.0,0.0,0.0,0.0,0.0,0.0,0.0,0.0,0.0,0.0,0.0,0.0,0.0,0.0,0.0,0.0,0.0,0.0,0.0,0.0,0.0,0.0,0.0,0.0,0.0,0.0,0.0,0.0,0.0,0.0,0.0,0.0,0.0,20.83739590384784,20.83739590384784,20.83739590384784,0.0,0.0,0.0,54.89693195079942,54.89693195079942,54.89693195079942,-181.71447593061032,-181.71447593061032,-181.71447593061032,147.65493988365876,147.65493988365876,147.65493988365876,0.0,0.0,0.0,1529.692217886943
2021-12-16,1511.6730257255417,1501.4158635654367,1836.203848748678,1511.6730257255417,1511.6730257255417,0.0,0.0,0.0,0.0,0.0,0.0,0.0,0.0,0.0,0.0,0.0,0.0,0.0,0.0,0.0,0.0,0.0,0.0,0.0,0.0,0.0,0.0,0.0,0.0,0.0,0.0,0.0,0.0,0.0,0.0,0.0,0.0,0.0,0.0,0.0,0.0,0.0,0.0,0.0,0.0,0.0,0.0,0.0,0.0,0.0,0.0,0.0,0.0,170.52148209912042,170.52148209912042,170.52148209912042,0.0,0.0,0.0,28.816784487869935,28.816784487869935,28.816784487869935,-16.87781296378091,-16.87781296378091,-16.87781296378091,158.5825105750314,158.5825105750314,158.5825105750314,0.0,0.0,0.0,1682.1945078246622
2021-12-17,1514.4912294679884,1676.0630430981935,1993.0080259303857,1514.4912294679884,1514.4912294679884,0.0,0.0,0.0,0.0,0.0,0.0,0.0,0.0,0.0,0.0,0.0,0.0,0.0,0.0,0.0,0.0,0.0,0.0,0.0,0.0,0.0,0.0,0.0,0.0,0.0,0.0,0.0,0.0,0.0,0.0,0.0,0.0,0.0,0.0,0.0,0.0,0.0,0.0,0.0,0.0,0.0,0.0,0.0,0.0,0.0,0.0,0.0,0.0,312.8476577825701,312.8476577825701,312.8476577825701,0.0,0.0,0.0,-7.564570148766726,-7.564570148766726,-7.564570148766726,151.10859487146215,151.10859487146215,151.10859487146215,169.30363305987464,169.30363305987464,169.30363305987464,0.0,0.0,0.0,1827.3388872505584
2021-12-18,1517.309433210435,1694.5089062807158,2023.4217437598943,1517.309433210435,1517.309433210435,0.0,0.0,0.0,0.0,0.0,0.0,0.0,0.0,0.0,0.0,0.0,0.0,0.0,0.0,0.0,0.0,0.0,0.0,0.0,0.0,0.0,0.0,0.0,0.0,0.0,0.0,0.0,0.0,0.0,0.0,0.0,0.0,0.0,0.0,0.0,0.0,0.0,0.0,0.0,0.0,0.0,0.0,0.0,0.0,0.0,0.0,0.0,0.0,339.14442781656663,339.14442781656663,339.14442781656663,0.0,0.0,0.0,-50.64080383393532,-50.64080383393532,-50.64080383393532,210.10138936412764,210.10138936412764,210.10138936412764,179.6838422863743,179.6838422863743,179.6838422863743,0.0,0.0,0.0,1856.4538610270015
2021-12-19,1520.1276369528819,1555.7741387698006,1884.7433303007724,1520.1276369528819,1520.1276369528819,0.0,0.0,0.0,0.0,0.0,0.0,0.0,0.0,0.0,0.0,0.0,0.0,0.0,0.0,0.0,0.0,0.0,0.0,0.0,0.0,0.0,0.0,0.0,0.0,0.0,0.0,0.0,0.0,0.0,0.0,0.0,0.0,0.0,0.0,0.0,0.0,0.0,0.0,0.0,0.0,0.0,0.0,0.0,0.0,0.0,0.0,0.0,0.0,198.3523545736612,198.3523545736612,198.3523545736612,0.0,0.0,0.0,-90.77549481104292,-90.77549481104292,-90.77549481104292,99.53964739385609,99.53964739385609,99.53964739385609,189.58820199084803,189.58820199084803,189.58820199084803,0.0,0.0,0.0,1718.479991526543
2021-12-20,1522.9458406953283,1377.7812527865576,1710.095107727083,1522.9458406953283,1522.9458406953283,0.0,0.0,0.0,0.0,0.0,0.0,0.0,0.0,0.0,0.0,0.0,0.0,0.0,0.0,0.0,0.0,0.0,0.0,0.0,0.0,0.0,0.0,0.0,0.0,0.0,0.0,0.0,0.0,0.0,0.0,0.0,0.0,0.0,0.0,0.0,0.0,0.0,0.0,0.0,0.0,0.0,0.0,0.0,0.0,0.0,0.0,0.0,0.0,21.589485127157193,21.589485127157193,21.589485127157193,0.0,0.0,0.0,-118.01322984615028,-118.01322984615028,-118.01322984615028,-59.282452217624176,-59.282452217624176,-59.282452217624176,198.88516719093164,198.88516719093164,198.88516719093164,0.0,0.0,0.0,1544.5353258224854
2021-12-21,1525.764044437775,1237.2583212987538,1564.117780274955,1525.764044437775,1525.764044437775,0.0,0.0,0.0,0.0,0.0,0.0,0.0,0.0,0.0,0.0,0.0,0.0,0.0,0.0,0.0,0.0,0.0,0.0,0.0,0.0,0.0,0.0,0.0,0.0,0.0,0.0,0.0,0.0,0.0,0.0,0.0,0.0,0.0,0.0,0.0,0.0,0.0,0.0,0.0,0.0,0.0,0.0,0.0,0.0,0.0,0.0,0.0,0.0,-123.90064621498502,-123.90064621498502,-123.90064621498502,0.0,0.0,0.0,-128.4761715477388,-128.4761715477388,-128.4761715477388,-202.87489051719893,-202.87489051719893,-202.87489051719893,207.45041584995272,207.45041584995272,207.45041584995272,0.0,0.0,0.0,1401.86339822279
2021-12-22,1528.5822481802218,1276.9064088568143,1603.9662103266405,1528.5822481802218,1528.5822481802218,0.0,0.0,0.0,0.0,0.0,0.0,0.0,0.0,0.0,0.0,0.0,0.0,0.0,0.0,0.0,0.0,0.0,0.0,0.0,0.0,0.0,0.0,0.0,0.0,0.0,0.0,0.0,0.0,0.0,0.0,0.0,0.0,0.0,0.0,0.0,0.0,0.0,0.0,0.0,0.0,0.0,0.0,0.0,0.0,0.0,0.0,0.0,0.0,-93.02665058349064,-93.02665058349064,-93.02665058349064,0.0,0.0,0.0,-126.482714849535,-126.482714849535,-126.482714849535,-181.71447593054512,-181.71447593054512,-181.71447593054512,215.17054019658949,215.17054019658949,215.17054019658949,0.0,0.0,0.0,1435.555597596731
2021-12-23,1531.4004519226683,1455.1904881294067,1777.0279667445363,1531.4004519226683,1531.4004519226683,0.0,0.0,0.0,0.0,0.0,0.0,0.0,0.0,0.0,0.0,0.0,0.0,0.0,0.0,0.0,0.0,0.0,0.0,0.0,0.0,0.0,0.0,0.0,0.0,0.0,0.0,0.0,0.0,0.0,0.0,0.0,0.0,0.0,0.0,0.0,0.0,0.0,0.0,0.0,0.0,0.0,0.0,0.0,0.0,0.0,0.0,0.0,0.0,84.23315934581048,84.23315934581048,84.23315934581048,0.0,0.0,0.0,-120.83551949206802,-120.83551949206802,-120.83551949206802,-16.877812964428152,-16.877812964428152,-16.877812964428152,221.9464918023066,221.9464918023066,221.9464918023066,0.0,0.0,0.0,1615.6336112684787
2021-12-24,1534.2186556651147,1555.7466072105362,1871.4328361258813,1534.2186556651147,1534.2186556651147,0.0,0.0,0.0,-68.58538687110294,-68.58538687110294,-68.58538687110294,0.0,0.0,0.0,0.0,0.0,0.0,0.0,0.0,0.0,0.0,0.0,0.0,0.0,0.0,0.0,0.0,0.0,0.0,0.0,0.0,0.0,0.0,0.0,0.0,0.0,0.0,0.0,0.0,0.0,0.0,0.0,0.0,0.0,0.0,0.0,0.0,0.0,0.0,0.0,0.0,0.0,0.0,191.85987319803678,191.85987319803678,191.85987319803678,-68.58538687110294,-68.58538687110294,-68.58538687110294,-118.3600159590897,-118.3600159590897,-118.3600159590897,151.10859487158405,151.10859487158405,151.10859487158405,227.6966811566454,227.6966811566454,227.6966811566454,0.0,0.0,0.0,1726.0785288631514
2021-12-25,1537.0368594075615,1528.9106291946302,1860.7111717026903,1537.0368594075615,1537.0368594075615,-162.8440719150946,-162.8440719150946,-162.8440719150946,0.0,0.0,0.0,0.0,0.0,0.0,0.0,0.0,0.0,0.0,0.0,0.0,0.0,0.0,0.0,0.0,0.0,0.0,0.0,0.0,0.0,0.0,0.0,0.0,0.0,0.0,0.0,0.0,0.0,0.0,0.0,0.0,0.0,0.0,0.0,0.0,0.0,0.0,0.0,0.0,0.0,0.0,0.0,0.0,0.0,159.9047499494004,159.9047499494004,159.9047499494004,-162.8440719150946,-162.8440719150946,-162.8440719150946,-119.71220944513041,-119.71220944513041,-119.71220944513041,210.10138936408893,210.10138936408893,210.10138936408893,232.35964194553648,232.35964194553648,232.35964194553648,0.0,0.0,0.0,1696.9416093569619
2021-12-26,1539.8550631500084,1594.2876625134695,1922.7224961849788,1539.8550631500084,1539.8550631500084,0.0,0.0,0.0,0.0,0.0,0.0,0.0,0.0,0.0,0.0,0.0,0.0,0.0,0.0,0.0,0.0,0.0,0.0,0.0,0.0,0.0,0.0,0.0,0.0,0.0,0.0,0.0,0.0,0.0,0.0,0.0,0.0,0.0,0.0,0.0,0.0,0.0,0.0,0.0,0.0,0.0,0.0,0.0,0.0,0.0,0.0,0.0,0.0,215.19503589148002,215.19503589148002,215.19503589148002,0.0,0.0,0.0,-120.24079376053768,-120.24079376053768,-120.24079376053768,99.5396473937456,99.5396473937456,99.5396473937456,235.8961822582721,235.8961822582721,235.8961822582721,0.0,0.0,0.0,1755.0500990414885
2021-12-27,1542.6732668924549,1440.9490975655367,1763.2561463773493,1542.6732668924549,1542.6732668924549,0.0,0.0,0.0,0.0,0.0,0.0,0.0,0.0,0.0,0.0,0.0,0.0,0.0,0.0,0.0,0.0,0.0,0.0,0.0,0.0,0.0,0.0,0.0,0.0,0.0,0.0,0.0,0.0,0.0,0.0,0.0,0.0,0.0,0.0,0.0,0.0,0.0,0.0,0.0,0.0,0.0,0.0,0.0,0.0,0.0,0.0,0.0,0.0,64.56461159087124,64.56461159087124,64.56461159087124,0.0,0.0,0.0,-114.44389537143014,-114.44389537143014,-114.44389537143014,-59.28245221773396,-59.28245221773396,-59.28245221773396,238.29095918003534,238.29095918003534,238.29095918003534,0.0,0.0,0.0,1607.237878483326
2021-12-28,1545.4914706349016,1310.3526328188564,1646.4146156347463,1545.4914706349016,1545.4914706349016,0.0,0.0,0.0,0.0,0.0,0.0,0.0,0.0,0.0,0.0,0.0,0.0,0.0,0.0,0.0,0.0,0.0,0.0,0.0,0.0,0.0,0.0,0.0,0.0,0.0,0.0,0.0,0.0,0.0,0.0,0.0,0.0,0.0,0.0,0.0,0.0,0.0,0.0,0.0,0.0,0.0,0.0,0.0,0.0,0.0,0.0,0.0,0.0,-63.339096859606094,-63.339096859606094,-63.339096859606094,0.0,0.0,0.0,-100.01763560364354,-100.01763560364354,-100.01763560364354,-202.87489051695127,-202.87489051695127,-202.87489051695127,239.55342926098865,239.55342926098865,239.55342926098865,0.0,0.0,0.0,1482.1523737752955
2021-12-29,1548.309674377348,1356.8965514309689,1691.8403197024038,1548.309674377348,1548.309674377348,0.0,0.0,0.0,0.0,0.0,0.0,0.0,0.0,0.0,0.0,0.0,0.0,0.0,0.0,0.0,0.0,0.0,0.0,0.0,0.0,0.0,0.0,0.0,0.0,0.0,0.0,0.0,0.0,0.0,0.0,0.0,0.0,0.0,0.0,0.0,0.0,0.0,0.0,0.0,0.0,0.0,0.0,0.0,0.0,0.0,0.0,0.0,0.0,-20.563625247955507,-20.563625247955507,-20.563625247955507,0.0,0.0,0.0,-78.5672940478968,-78.5672940478968,-78.5672940478968,-181.7144759304799,-181.7144759304799,-181.7144759304799,239.71814473042122,239.71814473042122,239.71814473042122,0.0,0.0,0.0,1527.7460491293925
2021-12-30,1551.1278781197948,1552.3323764706422,1869.665694297198,1551.1278781197948,1551.1278781197948,0.0,0.0,0.0,0.0,0.0,0.0,0.0,0.0,0.0,0.0,0.0,0.0,0.0,0.0,0.0,0.0,0.0,0.0,0.0,0.0,0.0,0.0,0.0,0.0,0.0,0.0,0.0,0.0,0.0,0.0,0.0,0.0,0.0,0.0,0.0,0.0,0.0,0.0,0.0,0.0,0.0,0.0,0.0,0.0,0.0,0.0,0.0,0.0,168.63027705315153,168.63027705315153,168.63027705315153,0.0,0.0,0.0,-53.33629353300204,-53.33629353300204,-53.33629353300204,-16.877812964320018,-16.877812964320018,-16.877812964320018,238.84438355047362,238.84438355047362,238.84438355047362,0.0,0.0,0.0,1719.7581551729463
2021-12-31,1553.9460818622413,1584.103085480815,1918.3661931585618,1553.9460818622413,1553.9460818622413,0.0,0.0,0.0,0.0,0.0,0.0,0.0,0.0,0.0,0.0,0.0,0.0,0.0,0.0,0.0,0.0,0.0,0.0,0.0,0.0,0.0,0.0,0.0,0.0,0.0,0.0,0.0,0.0,0.0,0.0,0.0,0.0,0.0,-161.52247987391547,-161.52247987391547,-161.52247987391547,0.0,0.0,0.0,0.0,0.0,0.0,0.0,0.0,0.0,0.0,0.0,0.0,199.9520955669117,199.9520955669117,199.9520955669117,-161.52247987391547,-161.52247987391547,-161.52247987391547,-26.649139388495197,-26.649139388495197,-26.649139388495197,151.10859487162872,151.10859487162872,151.10859487162872,237.01511995769363,237.01511995769363,237.01511995769363,0.0,0.0,0.0,1753.898177429153
2022-01-01,1556.764285604688,1756.0183463691417,2086.644223262709,1556.764285604688,1556.764285604688,0.0,0.0,0.0,0.0,0.0,0.0,0.0,0.0,0.0,0.0,0.0,0.0,0.0,0.0,0.0,0.0,0.0,0.0,0.0,0.0,0.0,0.0,0.0,0.0,0.0,0.0,0.0,0.0,0.0,0.0,-75.4549726625623,-75.4549726625623,-75.4549726625623,0.0,0.0,0.0,0.0,0.0,0.0,0.0,0.0,0.0,0.0,0.0,0.0,0.0,0.0,0.0,369.70455803964967,369.70455803964967,369.70455803964967,-75.4549726625623,-75.4549726625623,-75.4549726625623,0.7227808428888282,0.7227808428888282,0.7227808428888282,210.10138936409115,210.10138936409115,210.10138936409115,234.3353604952321,234.3353604952321,234.3353604952321,0.0,0.0,0.0,1926.4688436443375
2022-01-02,1559.5824893471347,1757.5805927183333,2078.264537698696,1559.5824893471347,1559.5824893471347,0.0,0.0,0.0,0.0,0.0,0.0,0.0,0.0,0.0,0.0,0.0,0.0,0.0,0.0,0.0,0.0,0.0,0.0,0.0,0.0,0.0,0.0,0.0,0.0,0.0,0.0,0.0,0.0,0.0,0.0,0.0,0.0,0.0,0.0,0.0,0.0,0.0,0.0,0.0,0.0,0.0,0.0,0.0,0.0,0.0,0.0,0.0,0.0,358.89338790762184,358.89338790762184,358.89338790762184,0.0,0.0,0.0,28.423852341689553,28.423852341689553,28.423852341689553,99.5396473936351,99.5396473936351,99.5396473936351,230.92988817229715,230.92988817229715,230.92988817229715,0.0,0.0,0.0,1918.4758772547566
2022-01-03,1562.4006930895814,1627.953819226637,1954.8812459781363,1562.4006930895814,1562.4006930895814,0.0,0.0,0.0,0.0,0.0,0.0,0.0,0.0,0.0,0.0,0.0,0.0,0.0,0.0,0.0,0.0,0.0,0.0,0.0,0.0,0.0,0.0,0.0,0.0,0.0,0.0,0.0,0.0,0.0,0.0,0.0,0.0,0.0,0.0,0.0,0.0,0.0,0.0,0.0,0.0,0.0,0.0,0.0,0.0,0.0,0.0,0.0,0.0,223.08524704702197,223.08524704702197,223.08524704702197,0.0,0.0,0.0,55.427225462262534,55.427225462262534,55.427225462262534,-59.282452217162316,-59.282452217162316,-59.282452217162316,226.94047380192166,226.94047380192166,226.94047380192166,0.0,0.0,0.0,1785.4859401366034
2022-01-04,1565.2188968320281,1522.1945589181357,1838.7912647969208,1565.2188968320281,1565.2188968320281,0.0,0.0,0.0,0.0,0.0,0.0,0.0,0.0,0.0,0.0,0.0,0.0,0.0,0.0,0.0,0.0,0.0,0.0,0.0,0.0,0.0,0.0,0.0,0.0,0.0,0.0,0.0,0.0,0.0,0.0,0.0,0.0,0.0,0.0,0.0,0.0,0.0,0.0,0.0,0.0,0.0,0.0,0.0,0.0,0.0,0.0,0.0,0.0,99.92318608165118,99.92318608165118,99.92318608165118,0.0,0.0,0.0,80.27544829878362,80.27544829878362,80.27544829878362,-202.87489051699484,-202.87489051699484,-202.87489051699484,222.52262829986245,222.52262829986245,222.52262829986245,0.0,0.0,0.0,1665.1420829136794
2022-01-05,1568.0371005744746,1539.8715164704436,1856.5402613360204,1568.0371005744746,1568.0371005744746,0.0,0.0,0.0,0.0,0.0,0.0,0.0,0.0,0.0,0.0,0.0,0.0,0.0,0.0,0.0,0.0,0.0,0.0,0.0,0.0,0.0,0.0,0.0,0.0,0.0,0.0,0.0,0.0,0.0,0.0,0.0,0.0,0.0,0.0,0.0,0.0,0.0,0.0,0.0,0.0,0.0,0.0,0.0,0.0,0.0,0.0,0.0,0.0,138.20127950786085,138.20127950786085,138.20127950786085,0.0,0.0,0.0,102.07377307512989,102.07377307512989,102.07377307512989,-181.71447593036478,-181.71447593036478,-181.71447593036478,217.8419823630958,217.8419823630958,217.8419823630958,0.0,0.0,0.0,1706.2383800823354
2022-01-06,1570.8553043169213,1739.9156926793296,2049.613481634027,1570.8553043169213,1570.8553043169213,0.0,0.0,0.0,0.0,0.0,0.0,0.0,0.0,0.0,0.0,0.0,0.0,0.0,0.0,0.0,0.0,0.0,0.0,0.0,0.0,0.0,0.0,0.0,0.0,0.0,0.0,0.0,0.0,0.0,0.0,0.0,0.0,0.0,0.0,0.0,0.0,0.0,0.0,0.0,0.0,0.0,0.0,0.0,0.0,0.0,0.0,0.0,0.0,316.8894471144839,316.8894471144839,316.8894471144839,0.0,0.0,0.0,120.69686994449464,120.69686994449464,120.69686994449464,-16.87781296416276,-16.87781296416276,-16.87781296416276,213.07039013415192,213.07039013415192,213.07039013415192,0.0,0.0,0.0,1887.7447514314053
2022-01-07,1573.6735080593678,1920.6559263642937,2227.2273495904274,1573.6735080593678,1573.6735080593678,0.0,0.0,0.0,0.0,0.0,0.0,0.0,0.0,0.0,0.0,0.0,0.0,0.0,0.0,0.0,0.0,0.0,0.0,0.0,0.0,0.0,0.0,0.0,0.0,0.0,0.0,0.0,0.0,0.0,0.0,0.0,0.0,0.0,0.0,0.0,0.0,0.0,0.0,0.0,0.0,0.0,0.0,0.0,0.0,0.0,0.0,0.0,0.0,495.17024031297984,495.17024031297984,495.17024031297984,0.0,0.0,0.0,135.67978452800634,135.67978452800634,135.67978452800634,151.10859487175063,151.10859487175063,151.10859487175063,208.38186091322288,208.38186091322288,208.38186091322288,0.0,0.0,0.0,2068.843748372348
2022-01-08,1576.4917118018147,1972.9155339231897,2300.6674281375062,1576.4917118018147,1576.4917118018147,0.0,0.0,0.0,0.0,0.0,0.0,0.0,0.0,0.0,0.0,0.0,0.0,0.0,0.0,0.0,0.0,0.0,0.0,0.0,0.0,0.0,0.0,0.0,0.0,0.0,0.0,0.0,0.0,0.0,0.0,0.0,0.0,0.0,0.0,0.0,0.0,0.0,0.0,0.0,0.0,0.0,0.0,0.0,0.0,0.0,0.0,0.0,0.0,559.1268110650359,559.1268110650359,559.1268110650359,0.0,0.0,0.0,145.076994195266,145.076994195266,145.076994195266,210.10138936417871,210.10138936417871,210.10138936417871,203.94842750559113,203.94842750559113,203.94842750559113,0.0,0.0,0.0,2135.6185228668505
2022-01-09,1579.3099155442612,1866.5544112537812,2198.17699566098,1579.3099155442612,1579.3099155442612,0.0,0.0,0.0,0.0,0.0,0.0,0.0,0.0,0.0,0.0,0.0,0.0,0.0,0.0,0.0,0.0,0.0,0.0,0.0,0.0,0.0,0.0,0.0,0.0,0.0,0.0,0.0,0.0,0.0,0.0,0.0,0.0,0.0,0.0,0.0,0.0,0.0,0.0,0.0,0.0,0.0,0.0,0.0,0.0,0.0,0.0,0.0,0.0,445.5096494120759,445.5096494120759,445.5096494120759,0.0,0.0,0.0,146.0339407544753,146.0339407544753,146.0339407544753,99.5396473935246,99.5396473935246,99.5396473935246,199.93606126407596,199.93606126407596,199.93606126407596,0.0,0.0,0.0,2024.8195649563372
2022-01-10,1582.128119286708,1683.053582409376,2013.4413151261165,1582.128119286708,1582.128119286708,0.0,0.0,0.0,0.0,0.0,0.0,0.0,0.0,0.0,0.0,0.0,0.0,0.0,0.0,0.0,0.0,0.0,0.0,0.0,0.0,0.0,0.0,0.0,0.0,0.0,0.0,0.0,0.0,0.0,0.0,0.0,0.0,0.0,0.0,0.0,0.0,0.0,0.0,0.0,0.0,0.0,0.0,0.0,0.0,0.0,0.0,0.0,0.0,274.3689524041828,274.3689524041828,274.3689524041828,0.0,0.0,0.0,137.1506623429176,137.1506623429176,137.1506623429176,-59.28245221727211,-59.28245221727211,-59.28245221727211,196.50074227853725,196.50074227853725,196.50074227853725,0.0,0.0,0.0,1856.4970716908906
2022-01-11,1584.9463230291544,1532.6083956108264,1853.0625210267342,1584.9463230291544,1584.9463230291544,0.0,0.0,0.0,0.0,0.0,0.0,0.0,0.0,0.0,0.0,0.0,0.0,0.0,0.0,0.0,0.0,0.0,0.0,0.0,0.0,0.0,0.0,0.0,0.0,0.0,0.0,0.0,0.0,0.0,0.0,0.0,0.0,0.0,0.0,0.0,0.0,0.0,0.0,0.0,0.0,0.0,0.0,0.0,0.0,0.0,0.0,0.0,0.0,111.42495450647394,111.42495450647394,111.42495450647394,0.0,0.0,0.0,120.5150564917627,120.5150564917627,120.5150564917627,-202.87489051707925,-202.87489051707925,-202.87489051707925,193.78478853179047,193.78478853179047,193.78478853179047,0.0,0.0,0.0,1696.3712775356285
2022-01-12,1587.7645267716011,1552.214578708129,1855.2103801328917,1587.7645267716011,1587.7645267716011,0.0,0.0,0.0,0.0,0.0,0.0,0.0,0.0,0.0,0.0,0.0,0.0,0.0,0.0,0.0,0.0,0.0,0.0,0.0,0.0,0.0,0.0,0.0,0.0,0.0,0.0,0.0,0.0,0.0,0.0,0.0,0.0,0.0,0.0,0.0,0.0,0.0,0.0,0.0,0.0,0.0,0.0,0.0,0.0,0.0,0.0,0.0,0.0,111.17837238938789,111.17837238938789,111.17837238938789,0.0,0.0,0.0,100.97930799018823,100.97930799018823,100.97930799018823,-181.7144759303495,-181.7144759303495,-181.7144759303495,191.91354032954914,191.91354032954914,191.91354032954914,0.0,0.0,0.0,1698.942899160989
2022-01-13,1590.5827305140479,1682.4612734802213,2001.1791323220943,1590.5827305140479,1590.5827305140479,0.0,0.0,0.0,0.0,0.0,0.0,0.0,0.0,0.0,0.0,0.0,0.0,0.0,0.0,0.0,0.0,0.0,0.0,0.0,0.0,0.0,0.0,0.0,0.0,0.0,0.0,0.0,0.0,0.0,0.0,0.0,0.0,0.0,0.0,0.0,0.0,0.0,0.0,0.0,0.0,0.0,0.0,0.0,0.0,0.0,0.0,0.0,0.0,256.6870285769768,256.6870285769768,256.6870285769768,0.0,0.0,0.0,82.57235539678909,82.57235539678909,82.57235539678909,-16.8778129640055,-16.8778129640055,-16.8778129640055,190.9924861441932,190.9924861441932,190.9924861441932,0.0,0.0,0.0,1847.2697590910248
2022-01-14,1593.4009342564943,1844.957674350976,2154.2119167167166,1593.4009342564943,1593.4009342564943,0.0,0.0,0.0,0.0,0.0,0.0,0.0,0.0,0.0,0.0,0.0,0.0,0.0,0.0,0.0,0.0,0.0,0.0,0.0,0.0,0.0,0.0,0.0,0.0,0.0,0.0,0.0,0.0,0.0,0.0,0.0,0.0,0.0,0.0,0.0,0.0,0.0,0.0,0.0,0.0,0.0,0.0,0.0,0.0,0.0,0.0,0.0,0.0,407.11823618077904,407.11823618077904,407.11823618077904,0.0,0.0,0.0,64.90473781834268,64.90473781834268,64.90473781834268,151.10859487128815,151.10859487128815,151.10859487128815,191.10490349114815,191.10490349114815,191.10490349114815,0.0,0.0,0.0,2000.5191704372733
2022-01-15,1596.2191379989413,1888.3188728810394,2203.6002799165726,1596.2191379989413,1596.2191379989413,0.0,0.0,0.0,0.0,0.0,0.0,0.0,0.0,0.0,0.0,0.0,0.0,0.0,0.0,0.0,0.0,0.0,0.0,0.0,0.0,0.0,0.0,0.0,0.0,0.0,0.0,0.0,0.0,0.0,0.0,0.0,0.0,0.0,0.0,0.0,0.0,0.0,0.0,0.0,0.0,0.0,0.0,0.0,0.0,0.0,0.0,0.0,0.0,445.4835871858674,445.4835871858674,445.4835871858674,0.0,0.0,0.0,43.072123874279995,43.072123874279995,43.072123874279995,210.1013893641604,210.1013893641604,210.1013893641604,192.31007394742701,192.31007394742701,192.31007394742701,0.0,0.0,0.0,2041.7027251848087
2022-01-16,1599.0373417413878,1749.6507803955883,2061.5524160512973,1599.0373417413878,1599.0373417413878,0.0,0.0,0.0,0.0,0.0,0.0,0.0,0.0,0.0,0.0,0.0,0.0,0.0,0.0,0.0,0.0,0.0,0.0,0.0,0.0,0.0,0.0,0.0,0.0,0.0,0.0,0.0,0.0,0.0,0.0,0.0,0.0,0.0,0.0,0.0,0.0,0.0,0.0,0.0,0.0,0.0,0.0,0.0,0.0,0.0,0.0,0.0,0.0,306.0502760824882,306.0502760824882,306.0502760824882,0.0,0.0,0.0,11.868513343148406,11.868513343148406,11.868513343148406,99.53964739341237,99.53964739341237,99.53964739341237,194.64211534592744,194.64211534592744,194.64211534592744,0.0,0.0,0.0,1905.087617823876
2022-01-17,1601.8555454838342,1605.0700264606132,1921.4457478862566,1601.8555454838342,1601.8555454838342,0.0,0.0,0.0,0.0,0.0,0.0,0.0,0.0,0.0,0.0,0.0,0.0,0.0,0.0,0.0,0.0,0.0,0.0,0.0,0.0,0.0,0.0,0.0,0.0,50.75768893278906,50.75768893278906,50.75768893278906,0.0,0.0,0.0,0.0,0.0,0.0,0.0,0.0,0.0,0.0,0.0,0.0,0.0,0.0,0.0,0.0,0.0,0.0,0.0,0.0,0.0,160.80796610894785,160.80796610894785,160.80796610894785,50.75768893278906,50.75768893278906,50.75768893278906,-28.77672760801632,-28.77672760801632,-28.77672760801632,-59.2824522174055,-59.2824522174055,-59.2824522174055,198.10945700158064,198.10945700158064,198.10945700158064,0.0,0.0,0.0,1762.663511592782
2022-01-18,1604.6737492262807,1364.1291394004338,1686.6204181032094,1604.6737492262807,1604.6737492262807,0.0,0.0,0.0,0.0,0.0,0.0,0.0,0.0,0.0,0.0,0.0,0.0,0.0,0.0,0.0,0.0,0.0,0.0,0.0,0.0,0.0,0.0,0.0,0.0,0.0,0.0,0.0,0.0,0.0,0.0,0.0,0.0,0.0,0.0,0.0,0.0,0.0,0.0,0.0,0.0,0.0,0.0,0.0,0.0,0.0,0.0,0.0,0.0,-71.95600572296281,-71.95600572296281,-71.95600572296281,0.0,0.0,0.0,-71.77608124495283,-71.77608124495283,-71.77608124495283,-202.87489051716364,-202.87489051716364,-202.87489051716364,202.69496603915363,202.69496603915363,202.69496603915363,0.0,0.0,0.0,1532.717743503318
2022-01-19,1607.4919529687277,1375.6451601070498,1689.5233116321472,1607.4919529687277,1607.4919529687277,0.0,0.0,0.0,0.0,0.0,0.0,0.0,0.0,0.0,0.0,0.0,0.0,0.0,0.0,0.0,0.0,0.0,0.0,0.0,0.0,0.0,0.0,0.0,0.0,0.0,0.0,0.0,0.0,0.0,0.0,0.0,0.0,0.0,0.0,0.0,0.0,0.0,0.0,0.0,0.0,0.0,0.0,0.0,0.0,0.0,0.0,0.0,0.0,-79.8038853475407,-79.8038853475407,-79.8038853475407,0.0,0.0,0.0,-106.44612442307071,-106.44612442307071,-106.44612442307071,-181.71447593065608,-181.71447593065608,-181.71447593065608,208.3567150061861,208.3567150061861,208.3567150061861,0.0,0.0,0.0,1527.688067621187
2022-01-20,1610.3101567111744,1520.4154335518579,1847.3896781730682,1610.3101567111744,1610.3101567111744,0.0,0.0,0.0,0.0,0.0,0.0,0.0,0.0,0.0,0.0,0.0,0.0,0.0,0.0,0.0,0.0,0.0,0.0,0.0,0.0,0.0,0.0,0.0,0.0,0.0,0.0,0.0,0.0,0.0,0.0,0.0,0.0,0.0,0.0,0.0,0.0,0.0,0.0,0.0,0.0,0.0,0.0,0.0,0.0,0.0,0.0,0.0,0.0,72.90603334847629,72.90603334847629,72.90603334847629,0.0,0.0,0.0,-125.24551716431783,-125.24551716431783,-125.24551716431783,-16.877812963848243,-16.877812963848243,-16.877812963848243,215.02936347664246,215.02936347664246,215.02936347664246,0.0,0.0,0.0,1683.2161900596507
2022-01-21,1613.1283604536209,1698.8458588033288,2008.0312521525373,1613.1283604536209,1613.1283604536209,0.0,0.0,0.0,0.0,0.0,0.0,0.0,0.0,0.0,0.0,0.0,0.0,0.0,0.0,0.0,0.0,0.0,0.0,0.0,0.0,0.0,0.0,0.0,0.0,0.0,0.0,0.0,0.0,0.0,0.0,0.0,0.0,0.0,0.0,0.0,0.0,0.0,0.0,0.0,0.0,0.0,0.0,0.0,0.0,0.0,0.0,0.0,0.0,245.21809963413023,245.21809963413023,245.21809963413023,0.0,0.0,0.0,-128.51660501294225,-128.51660501294225,-128.51660501294225,151.10859487141002,151.10859487141002,151.10859487141002,222.6261097756624,222.6261097756624,222.6261097756624,0.0,0.0,0.0,1858.346460087751
2022-01-22,1615.9465644717388,1772.0500258585125,2084.3648168578743,1615.9465644717388,1615.9465644717388,0.0,0.0,0.0,0.0,0.0,0.0,0.0,0.0,0.0,0.0,0.0,0.0,0.0,0.0,0.0,0.0,0.0,0.0,0.0,0.0,0.0,0.0,0.0,0.0,0.0,0.0,0.0,0.0,0.0,0.0,0.0,0.0,0.0,0.0,0.0,0.0,0.0,0.0,0.0,0.0,0.0,0.0,0.0,0.0,0.0,0.0,0.0,0.0,317.57100375994975,317.57100375994975,317.57100375994975,0.0,0.0,0.0,-123.57153935194448,-123.57153935194448,-123.57153935194448,210.10138936412167,210.10138936412167,210.10138936412167,231.04115374777268,231.04115374777268,231.04115374777268,0.0,0.0,0.0,1933.5175682316885
2022-01-23,1618.7647684898566,1682.0266035036486,2008.9363261199148,1618.7647684898566,1618.7647684898566,0.0,0.0,0.0,0.0,0.0,0.0,0.0,0.0,0.0,0.0,0.0,0.0,0.0,0.0,0.0,0.0,0.0,0.0,0.0,0.0,0.0,0.0,0.0,0.0,0.0,0.0,0.0,0.0,0.0,0.0,0.0,0.0,0.0,0.0,0.0,0.0,0.0,0.0,0.0,0.0,0.0,0.0,0.0,0.0,0.0,0.0,0.0,0.0,220.6920192087178,220.6920192087178,220.6920192087178,0.0,0.0,0.0,-119.00022625872795,-119.00022625872795,-119.00022625872795,99.53964739330358,99.53964739330358,99.53964739330358,240.1525980741421,240.1525980741421,240.1525980741421,0.0,0.0,0.0,1839.4567876985743
2022-01-24,1621.5829725079743,1535.7977682376816,1866.1115864526023,1621.5829725079743,1621.5829725079743,0.0,0.0,0.0,0.0,0.0,0.0,0.0,0.0,0.0,0.0,0.0,0.0,0.0,0.0,0.0,0.0,0.0,0.0,0.0,0.0,0.0,0.0,0.0,0.0,0.0,0.0,0.0,0.0,0.0,0.0,0.0,0.0,0.0,0.0,0.0,0.0,0.0,0.0,0.0,0.0,0.0,0.0,0.0,0.0,0.0,0.0,0.0,0.0,71.77567806967191,71.77567806967191,71.77567806967191,0.0,0.0,0.0,-118.7675741015145,-118.7675741015145,-118.7675741015145,-59.282452216857436,-59.282452216857436,-59.282452216857436,249.82570438804387,249.82570438804387,249.82570438804387,0.0,0.0,0.0,1693.3586505776461
2022-01-25,1624.401176526092,1407.691662403343,1730.6533509239282,1624.401176526092,1624.401176526092,0.0,0.0,0.0,0.0,0.0,0.0,0.0,0.0,0.0,0.0,0.0,0.0,0.0,0.0,0.0,0.0,0.0,0.0,0.0,0.0,0.0,0.0,0.0,0.0,0.0,0.0,0.0,0.0,0.0,0.0,0.0,0.0,0.0,0.0,0.0,0.0,0.0,0.0,0.0,0.0,0.0,0.0,0.0,0.0,0.0,0.0,0.0,0.0,-63.42149169371567,-63.42149169371567,-63.42149169371567,0.0,0.0,0.0,-120.46301282181359,-120.46301282181359,-120.46301282181359,-202.87489051716645,-202.87489051716645,-202.87489051716645,259.91641164526436,259.91641164526436,259.91641164526436,0.0,0.0,0.0,1560.9796848323763
2022-01-26,1627.2193805442098,1422.6443546694888,1761.2830074448798,1627.2193805442098,1627.2193805442098,0.0,0.0,0.0,0.0,0.0,0.0,0.0,0.0,0.0,0.0,0.0,0.0,0.0,0.0,0.0,0.0,0.0,0.0,0.0,0.0,0.0,0.0,0.0,0.0,0.0,0.0,0.0,0.0,0.0,0.0,0.0,0.0,0.0,0.0,0.0,0.0,0.0,0.0,0.0,0.0,0.0,0.0,0.0,0.0,0.0,0.0,0.0,0.0,-29.81896671502885,-29.81896671502885,-29.81896671502885,0.0,0.0,0.0,-118.37950889545597,-118.37950889545597,-118.37950889545597,-181.71447593059088,-181.71447593059088,-181.71447593059088,270.2750181110179,270.2750181110179,270.2750181110179,0.0,0.0,0.0,1597.400413829181
2022-01-27,1630.0375845623278,1623.86644809627,1947.178992884461,1630.0375845623278,1630.0375845623278,0.0,0.0,0.0,0.0,0.0,0.0,0.0,0.0,0.0,0.0,0.0,0.0,0.0,0.0,0.0,0.0,0.0,0.0,0.0,0.0,0.0,0.0,0.0,0.0,0.0,0.0,0.0,0.0,0.0,0.0,0.0,0.0,0.0,0.0,0.0,0.0,0.0,0.0,0.0,0.0,0.0,0.0,0.0,0.0,0.0,0.0,0.0,0.0,155.58890979590785,155.58890979590785,155.58890979590785,0.0,0.0,0.0,-108.28320231885861,-108.28320231885861,-108.28320231885861,-16.877812963740105,-16.877812963740105,-16.877812963740105,280.7499250785065,280.7499250785065,280.7499250785065,0.0,0.0,0.0,1785.6264943582355
2022-01-28,1632.8557885804453,1817.347707771153,2142.497608048428,1632.8557885804453,1632.8557885804453,0.0,0.0,0.0,0.0,0.0,0.0,0.0,0.0,0.0,0.0,0.0,0.0,0.0,0.0,0.0,0.0,0.0,0.0,0.0,0.0,0.0,0.0,0.0,0.0,0.0,0.0,0.0,0.0,0.0,0.0,0.0,0.0,0.0,0.0,0.0,0.0,0.0,0.0,0.0,0.0,0.0,0.0,0.0,0.0,0.0,0.0,0.0,0.0,352.329825686848,352.329825686848,352.329825686848,0.0,0.0,0.0,-89.97010929126384,-89.97010929126384,-89.97010929126384,151.10859487149338,151.10859487149338,151.10859487149338,291.19134010661844,291.19134010661844,291.19134010661844,0.0,0.0,0.0,1985.1856142672932
2022-01-29,1635.6739925985632,1907.1871767452087,2235.460347029329,1635.6739925985632,1635.6739925985632,0.0,0.0,0.0,0.0,0.0,0.0,0.0,0.0,0.0,0.0,0.0,0.0,0.0,0.0,0.0,0.0,0.0,0.0,0.0,0.0,0.0,0.0,0.0,0.0,0.0,0.0,0.0,0.0,0.0,0.0,0.0,0.0,0.0,0.0,0.0,0.0,0.0,0.0,0.0,0.0,0.0,0.0,0.0,0.0,0.0,0.0,0.0,0.0,445.31791157752787,445.31791157752787,445.31791157752787,0.0,0.0,0.0,-66.23831792577596,-66.23831792577596,-66.23831792577596,210.10138936408293,210.10138936408293,210.10138936408293,301.45484013922095,301.45484013922095,301.45484013922095,0.0,0.0,0.0,2080.9919041760913
2022-01-30,1638.4921966166808,1852.9575240848815,2168.667412143705,1638.4921966166808,1638.4921966166808,0.0,0.0,0.0,0.0,0.0,0.0,0.0,0.0,0.0,0.0,0.0,0.0,0.0,0.0,0.0,0.0,0.0,0.0,0.0,0.0,0.0,0.0,0.0,0.0,0.0,0.0,0.0,0.0,0.0,0.0,0.0,0.0,0.0,0.0,0.0,0.0,0.0,0.0,0.0,0.0,0.0,0.0,0.0,0.0,0.0,0.0,0.0,0.0,370.84578098463777,370.84578098463777,370.84578098463777,0.0,0.0,0.0,-40.09856665562478,-40.09856665562478,-40.09856665562478,99.5396473938021,99.5396473938021,99.5396473938021,311.40470024646044,311.40470024646044,311.40470024646044,0.0,0.0,0.0,2009.3379776013185
2022-01-31,1641.3104006347987,1733.1929763378262,2041.983334887294,1641.3104006347987,1641.3104006347987,0.0,0.0,0.0,0.0,0.0,0.0,0.0,0.0,0.0,0.0,0.0,0.0,0.0,0.0,0.0,0.0,0.0,0.0,0.0,0.0,0.0,0.0,0.0,0.0,0.0,0.0,0.0,0.0,0.0,0.0,0.0,0.0,0.0,0.0,0.0,0.0,0.0,0.0,0.0,0.0,0.0,0.0,0.0,0.0,0.0,0.0,0.0,0.0,248.59976012944014,248.59976012944014,248.59976012944014,0.0,0.0,0.0,-13.034689386271507,-13.034689386271507,-13.034689386271507,-59.2824522169908,-59.2824522169908,-59.2824522169908,320.91690173270234,320.91690173270234,320.91690173270234,0.0,0.0,0.0,1889.9101607642388
2022-02-01,1644.1286046529167,1611.4914761498271,1947.4044862996836,1644.1286046529167,1644.1286046529167,0.0,0.0,0.0,0.0,0.0,0.0,0.0,0.0,0.0,0.0,0.0,0.0,0.0,0.0,0.0,0.0,0.0,0.0,0.0,0.0,0.0,0.0,0.0,0.0,0.0,0.0,0.0,0.0,0.0,0.0,0.0,0.0,0.0,0.0,0.0,0.0,0.0,0.0,0.0,0.0,0.0,0.0,0.0,0.0,0.0,0.0,0.0,0.0,141.58318592713843,141.58318592713843,141.58318592713843,0.0,0.0,0.0,14.576332718339732,14.576332718339732,14.576332718339732,-202.87489051725086,-202.87489051725086,-202.87489051725086,329.8817437260496,329.8817437260496,329.8817437260496,0.0,0.0,0.0,1785.711790580055
2022-02-02,1646.9468086710342,1687.9545493119936,1998.9786915055172,1646.9468086710342,1646.9468086710342,0.0,0.0,0.0,0.0,0.0,0.0,0.0,0.0,0.0,0.0,0.0,0.0,0.0,0.0,0.0,0.0,0.0,0.0,0.0,0.0,0.0,0.0,0.0,0.0,0.0,0.0,0.0,0.0,0.0,0.0,0.0,0.0,0.0,0.0,0.0,0.0,0.0,0.0,0.0,0.0,0.0,0.0,0.0,0.0,0.0,0.0,0.0,0.0,198.59703115909383,198.59703115909383,198.59703115909383,0.0,0.0,0.0,42.10551230436922,42.10551230436922,42.10551230436922,-181.71447593047577,-181.71447593047577,-181.71447593047577,338.20599478520035,338.20599478520035,338.20599478520035,0.0,0.0,0.0,1845.543839830128
2022-02-03,1649.765012689152,1886.1332842992892,2197.7321489723868,1649.765012689152,1649.765012689152,0.0,0.0,0.0,0.0,0.0,0.0,0.0,0.0,0.0,0.0,0.0,0.0,0.0,0.0,0.0,0.0,0.0,0.0,0.0,0.0,0.0,0.0,0.0,0.0,0.0,0.0,0.0,0.0,0.0,0.0,0.0,0.0,0.0,0.0,0.0,0.0,0.0,0.0,0.0,0.0,0.0,0.0,0.0,0.0,0.0,0.0,0.0,0.0,397.13615778854927,397.13615778854927,397.13615778854927,0.0,0.0,0.0,68.19943560340505,68.19943560340505,68.19943560340505,-16.877812963533724,-16.877812963533724,-16.877812963533724,345.814535148678,345.814535148678,345.814535148678,0.0,0.0,0.0,2046.9011704777013
2022-02-04,1652.58321670727,2085.9107809634274,2419.7627518480676,1652.58321670727,1652.58321670727,0.0,0.0,0.0,0.0,0.0,0.0,0.0,0.0,0.0,0.0,0.0,0.0,0.0,0.0,0.0,0.0,0.0,0.0,0.0,0.0,0.0,0.0,0.0,0.0,0.0,0.0,0.0,0.0,0.0,0.0,0.0,0.0,0.0,0.0,0.0,0.0,0.0,0.0,0.0,0.0,0.0,0.0,0.0,0.0,0.0,0.0,0.0,0.0,595.3337466880861,595.3337466880861,595.3337466880861,0.0,0.0,0.0,91.57369623132496,91.57369623132496,91.57369623132496,151.10859487106947,151.10859487106947,151.10859487106947,352.6514555856916,352.6514555856916,352.6514555856916,0.0,0.0,0.0,2247.916963395356
2022-02-05,1655.4014207253877,2175.4514104998475,2511.812828923825,1655.4014207253877,1655.4014207253877,0.0,0.0,0.0,0.0,0.0,0.0,0.0,0.0,0.0,0.0,0.0,0.0,0.0,0.0,0.0,0.0,0.0,0.0,0.0,0.0,0.0,0.0,0.0,0.0,0.0,0.0,0.0,0.0,0.0,0.0,0.0,0.0,0.0,0.0,0.0,0.0,0.0,0.0,0.0,0.0,0.0,0.0,0.0,0.0,0.0,0.0,0.0,0.0,680.5670771926614,680.5670771926614,680.5670771926614,0.0,0.0,0.0,111.78509289802778,111.78509289802778,111.78509289802778,210.10138936408512,210.10138936408512,210.10138936408512,358.6805949305484,358.6805949305484,358.6805949305484,0.0,0.0,0.0,2335.9684979180493
2022-02-06,1658.2196247435054,2090.774996402221,2409.2532842557825,1658.2196247435054,1658.2196247435054,0.0,0.0,0.0,0.0,0.0,0.0,0.0,0.0,0.0,0.0,0.0,0.0,0.0,0.0,0.0,0.0,0.0,0.0,0.0,0.0,0.0,0.0,0.0,0.0,0.0,0.0,0.0,0.0,0.0,0.0,0.0,0.0,0.0,0.0,0.0,0.0,0.0,0.0,0.0,0.0,0.0,0.0,0.0,0.0,0.0,0.0,0.0,0.0,592.1508537301686,592.1508537301686,592.1508537301686,0.0,0.0,0.0,128.72569152102025,128.72569152102025,128.72569152102025,99.5396473936916,99.5396473936916,99.5396473936916,363.88551481545676,363.88551481545676,363.88551481545676,0.0,0.0,0.0,2250.3704784736738
2022-02-07,1661.037828761623,1955.8356504806004,2275.1204508895316,1661.037828761623,1661.037828761623,0.0,0.0,0.0,0.0,0.0,0.0,0.0,0.0,0.0,0.0,0.0,0.0,0.0,0.0,0.0,0.0,0.0,0.0,0.0,0.0,0.0,0.0,0.0,0.0,0.0,0.0,0.0,0.0,0.0,0.0,0.0,0.0,0.0,0.0,0.0,0.0,0.0,0.0,0.0,0.0,0.0,0.0,0.0,0.0,0.0,0.0,0.0,0.0,450.2424634900085,450.2424634900085,450.2424634900085,0.0,0.0,0.0,141.25598932785505,141.25598932785505,141.25598932785505,-59.2824522171006,-59.2824522171006,-59.2824522171006,368.2689263792541,368.2689263792541,368.2689263792541,0.0,0.0,0.0,2111.280292251631
2022-02-08,1663.856032779741,1817.2153040154053,2153.758330626967,1663.856032779741,1663.856032779741,0.0,0.0,0.0,0.0,0.0,0.0,0.0,0.0,0.0,0.0,0.0,0.0,0.0,0.0,0.0,0.0,0.0,0.0,0.0,0.0,0.0,0.0,0.0,0.0,0.0,0.0,0.0,0.0,0.0,0.0,0.0,0.0,0.0,0.0,0.0,0.0,0.0,0.0,0.0,0.0,0.0,0.0,0.0,0.0,0.0,0.0,0.0,0.0,315.74141316883333,315.74141316883333,315.74141316883333,0.0,0.0,0.0,146.76470433916154,146.76470433916154,146.76470433916154,-202.87489051729443,-202.87489051729443,-202.87489051729443,371.85159934696634,371.85159934696634,371.85159934696634,0.0,0.0,0.0,1979.5974459485744
2022-02-09,1666.6742367978588,1850.170503488973,2153.449697564903,1666.6742367978588,1666.6742367978588,0.0,0.0,0.0,0.0,0.0,0.0,0.0,0.0,0.0,0.0,0.0,0.0,0.0,0.0,0.0,0.0,0.0,0.0,0.0,0.0,0.0,0.0,0.0,0.0,0.0,0.0,0.0,0.0,0.0,0.0,0.0,0.0,0.0,0.0,0.0,0.0,0.0,0.0,0.0,0.0,0.0,0.0,0.0,0.0,0.0,0.0,0.0,0.0,335.73872662301847,335.73872662301847,335.73872662301847,0.0,0.0,0.0,142.782404156676,142.782404156676,142.782404156676,-181.71447593036066,-181.71447593036066,-181.71447593036066,374.6707983967031,374.6707983967031,374.6707983967031,0.0,0.0,0.0,2002.4129634208773
2022-02-10,1669.4924408159764,1995.0814846856827,2310.842062223453,1669.4924408159764,1669.4924408159764,0.0,0.0,0.0,0.0,0.0,0.0,0.0,0.0,0.0,0.0,0.0,0.0,0.0,0.0,0.0,0.0,0.0,0.0,0.0,0.0,0.0,0.0,0.0,0.0,0.0,0.0,0.0,0.0,0.0,0.0,0.0,0.0,0.0,0.0,0.0,0.0,0.0,0.0,0.0,0.0,0.0,0.0,0.0,0.0,0.0,0.0,0.0,0.0,489.4314464150106,489.4314464150106,489.4314464150106,0.0,0.0,0.0,129.5309546363893,129.5309546363893,129.5309546363893,-16.877812964230092,-16.877812964230092,-16.877812964230092,376.7783047428515,376.7783047428515,376.7783047428515,0.0,0.0,0.0,2158.923887230987
2022-02-11,1672.3106448340943,2149.653881970438,2480.9935512204224,1672.3106448340943,1672.3106448340943,0.0,0.0,0.0,0.0,0.0,0.0,0.0,0.0,0.0,0.0,0.0,0.0,0.0,0.0,0.0,0.0,0.0,0.0,0.0,0.0,0.0,0.0,0.0,0.0,0.0,0.0,0.0,0.0,0.0,0.0,0.0,0.0,0.0,0.0,0.0,0.0,0.0,0.0,0.0,0.0,0.0,0.0,0.0,0.0,0.0,0.0,0.0,0.0,640.1333885115541,640.1333885115541,640.1333885115541,0.0,0.0,0.0,110.78670164320863,110.78670164320863,110.78670164320863,151.10859487115277,151.10859487115277,151.10859487115277,378.23809199719267,378.23809199719267,378.23809199719267,0.0,0.0,0.0,2312.4440333456487
2022-02-12,1675.128848852212,2194.430218831427,2511.5497944434264,1675.128848852212,1675.128848852212,0.0,0.0,0.0,0.0,0.0,0.0,0.0,0.0,0.0,0.0,0.0,0.0,0.0,0.0,0.0,0.0,0.0,0.0,0.0,0.0,0.0,0.0,0.0,0.0,0.0,0.0,0.0,0.0,0.0,0.0,0.0,0.0,0.0,0.0,0.0,0.0,0.0,0.0,0.0,0.0,0.0,0.0,0.0,0.0,0.0,0.0,0.0,0.0,680.7560662991881,680.7560662991881,680.7560662991881,0.0,0.0,0.0,91.5309426192002,91.5309426192002,91.5309426192002,210.1013893640464,210.1013893640464,210.1013893640464,379.12373431594165,379.12373431594165,379.12373431594165,0.0,0.0,0.0,2355.8849151514
2022-02-13,1677.9470528703298,2068.988136141303,2404.027685162794,1677.9470528703298,1677.9470528703298,0.0,0.0,0.0,0.0,0.0,0.0,0.0,0.0,0.0,0.0,0.0,0.0,0.0,0.0,0.0,0.0,0.0,0.0,0.0,0.0,0.0,0.0,0.0,0.0,0.0,0.0,0.0,0.0,0.0,0.0,0.0,0.0,0.0,0.0,0.0,0.0,0.0,0.0,0.0,0.0,0.0,0.0,0.0,0.0,0.0,0.0,0.0,0.0,552.9342617115726,552.9342617115726,552.9342617115726,0.0,0.0,0.0,73.87898296085102,73.87898296085102,73.87898296085102,99.53964739357939,99.53964739357939,99.53964739357939,379.5156313571422,379.5156313571422,379.5156313571422,0.0,0.0,0.0,2230.881314581902
2022-02-14,1680.7652568884475,1896.0867548559318,2209.9099473863375,1680.7652568884475,1680.7652568884475,0.0,0.0,0.0,0.0,0.0,0.0,0.0,0.0,0.0,0.0,0.0,0.0,0.0,0.0,0.0,0.0,0.0,0.0,0.0,0.0,0.0,0.0,0.0,0.0,0.0,0.0,0.0,0.0,0.0,0.0,0.0,0.0,0.0,0.0,0.0,0.0,0.0,0.0,0.0,0.0,0.0,0.0,0.0,0.0,0.0,0.0,0.0,0.0,375.11261822450217,375.11261822450217,375.11261822450217,0.0,0.0,0.0,54.89693195081575,54.89693195081575,54.89693195081575,-59.28245221723401,-59.28245221723401,-59.28245221723401,379.4981384909204,379.4981384909204,379.4981384909204,0.0,0.0,0.0,2055.87787511295
2022-02-15,1683.5834609065653,1721.6834335775393,2050.362034391547,1683.5834609065653,1683.5834609065653,0.0,0.0,0.0,0.0,0.0,0.0,0.0,0.0,0.0,0.0,0.0,0.0,0.0,0.0,0.0,0.0,0.0,0.0,0.0,0.0,0.0,0.0,0.0,0.0,0.0,0.0,0.0,0.0,0.0,0.0,0.0,0.0,0.0,0.0,0.0,0.0,0.0,0.0,0.0,0.0,0.0,0.0,0.0,0.0,0.0,0.0,0.0,0.0,205.09858590513724,205.09858590513724,205.09858590513724,0.0,0.0,0.0,28.816784487890285,28.816784487890285,28.816784487890285,-202.87489051704677,-202.87489051704677,-202.87489051704677,379.15669193429375,379.15669193429375,379.15669193429375,0.0,0.0,0.0,1888.6820468117025
2022-02-16,1686.4016649246832,1703.124189109307,2033.7639062625228,1686.4016649246832,1686.4016649246832,0.0,0.0,0.0,0.0,0.0,0.0,0.0,0.0,0.0,0.0,0.0,0.0,0.0,0.0,0.0,0.0,0.0,0.0,0.0,0.0,0.0,0.0,0.0,0.0,0.0,0.0,0.0,0.0,0.0,0.0,0.0,0.0,0.0,0.0,0.0,0.0,0.0,0.0,0.0,0.0,0.0,0.0,0.0,0.0,0.0,0.0,0.0,0.0,189.29597093341047,189.29597093341047,189.29597093341047,0.0,0.0,0.0,-7.5645701487434405,-7.5645701487434405,-7.5645701487434405,-181.71447593034534,-181.71447593034534,-181.71447593034534,378.57501701249925,378.57501701249925,378.57501701249925,0.0,0.0,0.0,1875.6976358580937
2022-02-17,1689.219868942801,1843.5018473605237,2158.2990867228245,1689.219868942801,1689.219868942801,0.0,0.0,0.0,0.0,0.0,0.0,0.0,0.0,0.0,0.0,0.0,0.0,0.0,0.0,0.0,0.0,0.0,0.0,0.0,0.0,0.0,0.0,0.0,0.0,0.0,0.0,0.0,0.0,0.0,0.0,0.0,0.0,0.0,0.0,0.0,0.0,0.0,0.0,0.0,0.0,0.0,0.0,0.0,0.0,0.0,0.0,0.0,0.0,310.31388685257264,310.31388685257264,310.31388685257264,0.0,0.0,0.0,-50.64080383391535,-50.64080383391535,-50.64080383391535,-16.877812964023708,-16.877812964023708,-16.877812964023708,377.8325036505116,377.8325036505116,377.8325036505116,0.0,0.0,0.0,1999.5337557953735
2022-02-18,1692.0380729609187,1964.0404274027403,2299.150449872374,1692.0380729609187,1692.0380729609187,0.0,0.0,0.0,0.0,0.0,0.0,0.0,0.0,0.0,0.0,0.0,0.0,0.0,0.0,0.0,0.0,0.0,0.0,0.0,0.0,0.0,0.0,0.0,0.0,0.0,0.0,0.0,0.0,0.0,0.0,0.0,0.0,0.0,0.0,0.0,0.0,0.0,0.0,0.0,0.0,0.0,0.0,0.0,0.0,0.0,0.0,0.0,0.0,437.3349266787645,437.3349266787645,437.3349266787645,0.0,0.0,0.0,-90.77549481103645,-90.77549481103645,-90.77549481103645,151.10859487127468,151.10859487127468,151.10859487127468,377.0018266185262,377.0018266185262,377.0018266185262,0.0,0.0,0.0,2129.3729996396833
2022-02-19,1694.8562769790365,2005.0918995882366,2318.396854413452,1694.8562769790365,1694.8562769790365,0.0,0.0,0.0,0.0,0.0,0.0,0.0,0.0,0.0,0.0,0.0,0.0,0.0,0.0,0.0,0.0,0.0,0.0,0.0,0.0,0.0,0.0,0.0,0.0,0.0,0.0,0.0,0.0,0.0,0.0,0.0,0.0,0.0,0.0,0.0,0.0,0.0,0.0,0.0,0.0,0.0,0.0,0.0,0.0,0.0,0.0,0.0,0.0,468.2350387329211,468.2350387329211,468.2350387329211,0.0,0.0,0.0,-118.01322984614644,-118.01322984614644,-118.01322984614644,210.10138936402808,210.10138936402808,210.10138936402808,376.14687921503923,376.14687921503923,376.14687921503923,0.0,0.0,0.0,2163.0913157119576
2022-02-20,1697.6744809971542,1878.968482580467,2192.591707009832,1697.6744809971542,1697.6744809971542,0.0,0.0,0.0,0.0,0.0,0.0,0.0,0.0,0.0,0.0,0.0,0.0,0.0,0.0,0.0,0.0,0.0,0.0,0.0,0.0,0.0,0.0,0.0,0.0,0.0,0.0,0.0,0.0,0.0,0.0,0.0,0.0,0.0,0.0,0.0,0.0,0.0,0.0,0.0,0.0,0.0,0.0,0.0,0.0,0.0,0.0,0.0,0.0,346.38455410187305,346.38455410187305,346.38455410187305,0.0,0.0,0.0,-128.47617154772945,-128.47617154772945,-128.47617154772945,99.53964739346715,99.53964739346715,99.53964739346715,375.32107825613537,375.32107825613537,375.32107825613537,0.0,0.0,0.0,2044.0590350990274
2022-02-21,1700.492685015272,1744.0189873116565,2057.17853956319,1700.492685015272,1700.492685015272,0.0,0.0,0.0,0.0,0.0,0.0,0.0,0.0,0.0,0.0,0.0,0.0,0.0,0.0,0.0,0.0,0.0,0.0,0.0,0.0,0.0,0.0,0.0,0.0,0.0,0.0,0.0,0.0,0.0,0.0,0.0,0.0,0.0,0.0,0.0,0.0,0.0,0.0,0.0,0.0,0.0,0.0,0.0,0.0,0.0,15.586468002320645,15.586468002320645,15.586468002320645,204.38738672951547,204.38738672951547,204.38738672951547,15.586468002320645,15.586468002320645,15.586468002320645,-126.48271484953396,-126.48271484953396,-126.48271484953396,-59.2824522173438,-59.2824522173438,-59.2824522173438,374.56608579407254,374.56608579407254,374.56608579407254,0.0,0.0,0.0,1904.8800717447875
2022-02-22,1703.31088903339,1593.4153304151994,1923.6947590395368,1703.31088903339,1703.31088903339,0.0,0.0,0.0,0.0,0.0,0.0,0.0,0.0,0.0,0.0,0.0,0.0,0.0,0.0,0.0,0.0,0.0,0.0,0.0,0.0,0.0,0.0,0.0,0.0,0.0,0.0,0.0,0.0,0.0,0.0,0.0,0.0,0.0,0.0,0.0,0.0,0.0,0.0,0.0,0.0,0.0,0.0,0.0,0.0,0.0,0.0,0.0,0.0,50.200569290432526,50.200569290432526,50.200569290432526,0.0,0.0,0.0,-120.83551949208147,-120.83551949208147,-120.83551949208147,-202.87489051709036,-202.87489051709036,-202.87489051709036,373.9109792996044,373.9109792996044,373.9109792996044,0.0,0.0,0.0,1753.5114583238224
2022-02-23,1706.1290930515074,1621.1652421726858,1935.7941988914038,1706.1290930515074,1706.1290930515074,0.0,0.0,0.0,0.0,0.0,0.0,0.0,0.0,0.0,0.0,0.0,0.0,0.0,0.0,0.0,0.0,0.0,0.0,0.0,0.0,0.0,0.0,0.0,0.0,0.0,0.0,0.0,0.0,0.0,0.0,0.0,0.0,0.0,0.0,0.0,0.0,0.0,0.0,0.0,0.0,0.0,0.0,0.0,0.0,0.0,0.0,0.0,0.0,73.29739564814165,73.29739564814165,73.29739564814165,0.0,0.0,0.0,-118.36001595910672,-118.36001595910672,-118.36001595910672,-181.71447593023024,-181.71447593023024,-181.71447593023024,373.3718875374785,373.3718875374785,373.3718875374785,0.0,0.0,0.0,1779.426488699649
2022-02-24,1708.9472970696254,1790.0138466262392,2105.5702348013506,1708.9472970696254,1708.9472970696254,0.0,0.0,0.0,0.0,0.0,0.0,0.0,0.0,0.0,0.0,0.0,0.0,0.0,0.0,0.0,0.0,0.0,0.0,0.0,0.0,0.0,0.0,0.0,0.0,0.0,0.0,0.0,0.0,0.0,0.0,0.0,0.0,0.0,0.0,0.0,0.0,0.0,0.0,0.0,0.0,0.0,0.0,0.0,0.0,0.0,0.0,0.0,0.0,236.3620720770574,236.3620720770574,236.3620720770574,0.0,0.0,0.0,-119.71220944513877,-119.71220944513877,-119.71220944513877,-16.877812963915577,-16.877812963915577,-16.877812963915577,372.9520944861117,372.9520944861117,372.9520944861117,0.0,0.0,0.0,1945.309369146683
2022-02-25,1711.7655010877431,1951.8363639309487,2271.0116681744994,1711.7655010877431,1711.7655010877431,0.0,0.0,0.0,0.0,0.0,0.0,0.0,0.0,0.0,0.0,0.0,0.0,0.0,0.0,0.0,0.0,0.0,0.0,0.0,0.0,0.0,0.0,0.0,0.0,0.0,0.0,0.0,0.0,0.0,0.0,0.0,0.0,0.0,0.0,0.0,0.0,0.0,0.0,0.0,0.0,0.0,0.0,0.0,0.0,0.0,0.0,0.0,0.0,403.5103999668283,403.5103999668283,403.5103999668283,0.0,0.0,0.0,-120.2407937605403,-120.2407937605403,-120.2407937605403,151.10859487135798,151.10859487135798,151.10859487135798,372.6425988560105,372.6425988560105,372.6425988560105,0.0,0.0,0.0,2115.2759010545715
2022-02-26,1714.5837051058609,2025.5184029008844,2342.993245260605,1714.5837051058609,1714.5837051058609,0.0,0.0,0.0,0.0,0.0,0.0,0.0,0.0,0.0,0.0,0.0,0.0,0.0,0.0,0.0,0.0,0.0,0.0,0.0,0.0,0.0,0.0,0.0,0.0,0.0,0.0,0.0,0.0,0.0,0.0,0.0,0.0,0.0,0.0,0.0,0.0,0.0,0.0,0.0,0.0,0.0,0.0,0.0,0.0,0.0,0.0,0.0,0.0,468.0805964879059,468.0805964879059,468.0805964879059,0.0,0.0,0.0,-114.44389537143701,-114.44389537143701,-114.44389537143701,210.10138936413614,210.10138936413614,210.10138936413614,372.42310249520676,372.42310249520676,372.42310249520676,0.0,0.0,0.0,2182.6643015937666
2022-02-27,1717.4019091239786,1935.8768825762108,2252.595050847458,1717.4019091239786,1717.4019091239786,0.0,0.0,0.0,0.0,0.0,0.0,0.0,0.0,0.0,0.0,0.0,0.0,0.0,0.0,0.0,0.0,0.0,0.0,0.0,0.0,0.0,0.0,0.0,0.0,0.0,0.0,0.0,0.0,0.0,0.0,0.0,0.0,0.0,0.0,0.0,0.0,0.0,0.0,0.0,0.0,0.0,0.0,0.0,0.0,0.0,0.0,0.0,0.0,371.7853994530955,371.7853994530955,371.7853994530955,0.0,0.0,0.0,-100.01763560365198,-100.01763560365198,-100.01763560365198,99.53964739397082,99.53964739397082,99.53964739397082,372.2633876627768,372.2633876627768,372.2633876627768,0.0,0.0,0.0,2089.187308577074
2022-02-28,1720.2201131420966,1786.2688061104927,2122.929251065268,1720.2201131420966,1720.2201131420966,0.0,0.0,0.0,0.0,0.0,0.0,0.0,0.0,0.0,0.0,0.0,0.0,0.0,0.0,0.0,0.0,0.0,0.0,0.0,0.0,0.0,0.0,0.0,0.0,0.0,0.0,0.0,0.0,0.0,0.0,0.0,0.0,0.0,0.0,0.0,0.0,0.0,0.0,0.0,0.0,0.0,0.0,0.0,0.0,0.0,0.0,0.0,0.0,234.27528493770913,234.27528493770913,234.27528493770913,0.0,0.0,0.0,-78.56729404790381,-78.56729404790381,-78.56729404790381,-59.282452217500776,-59.282452217500776,-59.282452217500776,372.12503120311385,372.12503120311385,372.12503120311385,0.0,0.0,0.0,1954.4953980798057
2022-03-01,1723.0383171602143,1672.67743472037,2006.1389296440977,1723.0383171602143,1723.0383171602143,0.0,0.0,0.0,0.0,0.0,0.0,0.0,0.0,0.0,0.0,0.0,0.0,0.0,0.0,0.0,0.0,0.0,0.0,0.0,0.0,0.0,0.0,0.0,0.0,0.0,0.0,0.0,0.0,0.0,0.0,0.0,0.0,0.0,0.0,0.0,0.0,0.0,0.0,0.0,0.0,0.0,0.0,0.0,0.0,0.0,0.0,0.0,0.0,115.75220936636765,115.75220936636765,115.75220936636765,0.0,0.0,0.0,-53.33629353300518,-53.33629353300518,-53.33629353300518,-202.87489051717478,-202.87489051717478,-202.87489051717478,371.96339341654755,371.96339341654755,371.96339341654755,0.0,0.0,0.0,1838.790526526582
2022-03-02,1725.8565211783318,1730.5236131500549,2046.871445513996,1725.8565211783318,1725.8565211783318,0.0,0.0,0.0,0.0,0.0,0.0,0.0,0.0,0.0,0.0,0.0,0.0,0.0,0.0,0.0,0.0,0.0,0.0,0.0,0.0,0.0,0.0,0.0,0.0,0.0,0.0,0.0,0.0,0.0,0.0,0.0,0.0,0.0,0.0,0.0,0.0,0.0,0.0,0.0,0.0,0.0,0.0,0.0,0.0,0.0,0.0,0.0,0.0,163.36619588155165,163.36619588155165,163.36619588155165,0.0,0.0,0.0,-26.649139388497794,-26.649139388497794,-26.649139388497794,-181.714475930165,-181.714475930165,-181.714475930165,371.72981120021444,371.72981120021444,371.72981120021444,0.0,0.0,0.0,1889.2227170598835
2022-03-03,1728.6747251964496,1911.4989271015463,2249.7476751789595,1728.6747251964496,1728.6747251964496,0.0,0.0,0.0,0.0,0.0,0.0,0.0,0.0,0.0,0.0,0.0,0.0,0.0,0.0,0.0,0.0,0.0,0.0,0.0,0.0,0.0,0.0,0.0,0.0,0.0,0.0,0.0,0.0,0.0,0.0,0.0,0.0,0.0,0.0,0.0,0.0,0.0,0.0,0.0,0.0,0.0,0.0,0.0,0.0,0.0,0.0,0.0,0.0,355.2188869411026,355.2188869411026,355.2188869411026,0.0,0.0,0.0,0.7227808428860835,0.7227808428860835,0.7227808428860835,-16.877812964562818,-16.877812964562818,-16.877812964562818,371.3739190627794,371.3739190627794,371.3739190627794,0.0,0.0,0.0,2083.8936121375523
2022-03-04,1731.4929292145678,2121.735686571959,2439.2033124446407,1731.4929292145678,1731.4929292145678,0.0,0.0,0.0,0.0,0.0,0.0,0.0,0.0,0.0,0.0,0.0,0.0,0.0,0.0,0.0,0.0,0.0,0.0,0.0,0.0,0.0,0.0,0.0,0.0,0.0,0.0,0.0,0.0,0.0,0.0,0.0,0.0,0.0,0.0,0.0,0.0,0.0,0.0,0.0,0.0,0.0,0.0,0.0,0.0,0.0,0.0,0.0,0.0,550.3784652820401,550.3784652820401,550.3784652820401,0.0,0.0,0.0,28.423852341710752,28.423852341710752,28.423852341710752,151.1085948714799,151.1085948714799,151.1085948714799,370.8460180688494,370.8460180688494,370.8460180688494,0.0,0.0,0.0,2281.871394496608
2022-03-05,1734.3111332326853,2210.830559016786,2538.9461345316627,1734.3111332326853,1734.3111332326853,0.0,0.0,0.0,0.0,0.0,0.0,0.0,0.0,0.0,0.0,0.0,0.0,0.0,0.0,0.0,0.0,0.0,0.0,0.0,0.0,0.0,0.0,0.0,0.0,0.0,0.0,0.0,0.0,0.0,0.0,0.0,0.0,0.0,0.0,0.0,0.0,0.0,0.0,0.0,0.0,0.0,0.0,0.0,0.0,0.0,0.0,0.0,0.0,635.6280265644068,635.6280265644068,635.6280265644068,0.0,0.0,0.0,55.427225462268915,55.427225462268915,55.427225462268915,210.10138936411784,210.10138936411784,210.10138936411784,370.09941173802,370.09941173802,370.09941173802,0.0,0.0,0.0,2369.939159797092
2022-03-06,1736.902894302496,2129.188815192431,2434.96131571831,1736.902894302496,1736.902894302496,0.0,0.0,0.0,0.0,0.0,0.0,0.0,0.0,0.0,0.0,0.0,0.0,0.0,0.0,0.0,0.0,0.0,0.0,0.0,0.0,0.0,0.0,0.0,0.0,0.0,0.0,0.0,0.0,0.0,0.0,0.0,0.0,0.0,0.0,0.0,0.0,0.0,0.0,0.0,0.0,0.0,0.0,0.0,0.0,0.0,0.0,0.0,0.0,548.9077251206498,548.9077251206498,548.9077251206498,0.0,0.0,0.0,80.27544829877894,80.27544829877894,80.27544829877894,99.53964739386032,99.53964739386032,99.53964739386032,369.09262942801047,369.09262942801047,369.09262942801047,0.0,0.0,0.0,2285.810619423146
2022-03-07,1739.4946553723066,1978.8453598294784,2306.6783576861135,1739.4946553723066,1739.4946553723066,0.0,0.0,0.0,0.0,0.0,0.0,0.0,0.0,0.0,0.0,0.0,0.0,0.0,0.0,0.0,0.0,0.0,0.0,0.0,0.0,0.0,0.0,0.0,0.0,0.0,0.0,0.0,0.0,0.0,0.0,0.0,0.0,0.0,0.0,0.0,0.0,0.0,0.0,0.0,0.0,0.0,0.0,0.0,0.0,0.0,0.0,0.0,0.0,410.58278257103024,410.58278257103024,410.58278257103024,0.0,0.0,0.0,102.07377307513657,102.07377307513657,102.07377307513657,-59.28245221761056,-59.28245221761056,-59.28245221761056,367.7914617135042,367.7914617135042,367.7914617135042,0.0,0.0,0.0,2150.077437943337
2022-03-08,1742.0864164421173,1858.5088509993666,2194.361139678963,1742.0864164421173,1742.0864164421173,0.0,0.0,0.0,0.0,0.0,0.0,0.0,0.0,0.0,0.0,0.0,0.0,0.0,0.0,0.0,0.0,0.0,0.0,0.0,0.0,0.0,0.0,0.0,0.0,0.0,0.0,0.0,0.0,0.0,0.0,0.0,0.0,0.0,0.0,0.0,0.0,0.0,0.0,0.0,0.0,0.0,0.0,0.0,0.0,0.0,0.0,0.0,0.0,283.9927180250208,283.9927180250208,283.9927180250208,0.0,0.0,0.0,120.6968699444894,120.6968699444894,120.6968699444894,-202.87489051721835,-202.87489051721835,-202.87489051721835,366.1707385977498,366.1707385977498,366.1707385977498,0.0,0.0,0.0,2026.0791344671381
2022-03-09,1744.6781775119282,1907.3821345148035,2228.2425644399523,1744.6781775119282,1744.6781775119282,0.0,0.0,0.0,0.0,0.0,0.0,0.0,0.0,0.0,0.0,0.0,0.0,0.0,0.0,0.0,0.0,0.0,0.0,0.0,0.0,0.0,0.0,0.0,0.0,0.0,0.0,0.0,0.0,0.0,0.0,0.0,0.0,0.0,0.0,0.0,0.0,0.0,0.0,0.0,0.0,0.0,0.0,0.0,0.0,0.0,0.0,0.0,0.0,318.1810984573578,318.1810984573578,318.1810984573578,0.0,0.0,0.0,135.67978452797593,135.67978452797593,135.67978452797593,-181.71447593052153,-181.71447593052153,-181.71447593052153,364.2157898599034,364.2157898599034,364.2157898599034,0.0,0.0,0.0,2062.859275969286
2022-03-10,1747.269938581739,2076.2970420481183,2395.735963201525,1747.269938581739,1747.269938581739,0.0,0.0,0.0,0.0,0.0,0.0,0.0,0.0,0.0,0.0,0.0,0.0,0.0,0.0,0.0,0.0,0.0,0.0,0.0,0.0,0.0,0.0,0.0,0.0,0.0,0.0,0.0,0.0,0.0,0.0,0.0,0.0,0.0,0.0,0.0,0.0,0.0,0.0,0.0,0.0,0.0,0.0,0.0,0.0,0.0,0.0,0.0,0.0,490.1227184098876,490.1227184098876,490.1227184098876,0.0,0.0,0.0,145.07699419527094,145.07699419527094,145.07699419527094,-16.87781296440556,-16.87781296440556,-16.87781296440556,361.92353717902216,361.92353717902216,361.92353717902216,0.0,0.0,0.0,2237.3926569916266
2022-03-11,1749.8616996515498,2245.1111672839975,2557.6460466961976,1749.8616996515498,1749.8616996515498,0.0,0.0,0.0,0.0,0.0,0.0,0.0,0.0,0.0,0.0,0.0,0.0,0.0,0.0,0.0,0.0,0.0,0.0,0.0,0.0,0.0,0.0,0.0,0.0,0.0,0.0,0.0,0.0,0.0,0.0,0.0,0.0,0.0,0.0,0.0,0.0,0.0,0.0,0.0,0.0,0.0,0.0,0.0,0.0,0.0,0.0,0.0,0.0,656.4457151877173,656.4457151877173,656.4457151877173,0.0,0.0,0.0,146.0339407544651,146.0339407544651,146.0339407544651,151.1085948715246,151.1085948715246,151.1085948715246,359.3031795617275,359.3031795617275,359.3031795617275,0.0,0.0,0.0,2406.307414839267
2022-03-12,1752.4534607213604,2294.795667029227,2616.2687688446335,1752.4534607213604,1752.4534607213604,0.0,0.0,0.0,0.0,0.0,0.0,0.0,0.0,0.0,0.0,0.0,0.0,0.0,0.0,0.0,0.0,0.0,0.0,0.0,0.0,0.0,0.0,0.0,0.0,0.0,0.0,0.0,0.0,0.0,0.0,0.0,0.0,0.0,0.0,0.0,0.0,0.0,0.0,0.0,0.0,0.0,0.0,0.0,0.0,0.0,0.0,0.0,0.0,703.6284983719863,703.6284983719863,703.6284983719863,0.0,0.0,0.0,137.15066234291592,137.15066234291592,137.15066234291592,210.10138936407913,210.10138936407913,210.10138936407913,356.3764466649914,356.3764466649914,356.3764466649914,0.0,0.0,0.0,2456.081959093347
2022-03-13,1755.0452217911711,2166.929670340639,2497.4630475261156,1755.0452217911711,1755.0452217911711,0.0,0.0,0.0,0.0,0.0,0.0,0.0,0.0,0.0,0.0,0.0,0.0,0.0,0.0,0.0,0.0,0.0,0.0,0.0,0.0,0.0,0.0,0.0,0.0,0.0,0.0,0.0,0.0,0.0,0.0,0.0,0.0,0.0,0.0,0.0,0.0,0.0,0.0,0.0,0.0,0.0,0.0,0.0,0.0,0.0,0.0,0.0,0.0,573.2321123301407,573.2321123301407,573.2321123301407,0.0,0.0,0.0,120.51505649177096,120.51505649177096,120.51505649177096,99.5396473937481,99.5396473937481,99.5396473937481,353.17740844462156,353.17740844462156,353.17740844462156,0.0,0.0,0.0,2328.277334121312
2022-03-14,1757.636982860982,1976.7572320663758,2298.2986170688578,1757.636982860982,1757.636982860982,0.0,0.0,0.0,0.0,0.0,0.0,0.0,0.0,0.0,0.0,0.0,0.0,0.0,0.0,0.0,0.0,0.0,0.0,0.0,0.0,0.0,0.0,0.0,0.0,0.0,0.0,0.0,0.0,0.0,0.0,0.0,0.0,0.0,0.0,0.0,0.0,0.0,0.0,0.0,0.0,0.0,0.0,0.0,0.0,0.0,0.0,0.0,0.0,391.44869951861665,391.44869951861665,391.44869951861665,0.0,0.0,0.0,100.9793079901992,100.9793079901992,100.9793079901992,-59.282452217038916,-59.282452217038916,-59.282452217038916,349.7518437454564,349.7518437454564,349.7518437454564,0.0,0.0,0.0,2149.0856823795984
2022-03-15,1760.2287439307927,1823.3061694979926,2145.218869270759,1760.2287439307927,1760.2287439307927,0.0,0.0,0.0,0.0,0.0,0.0,0.0,0.0,0.0,0.0,0.0,0.0,0.0,0.0,0.0,0.0,0.0,0.0,0.0,0.0,0.0,0.0,0.0,0.0,0.0,0.0,0.0,0.0,0.0,0.0,0.0,0.0,0.0,0.0,0.0,0.0,0.0,0.0,0.0,0.0,0.0,0.0,0.0,0.0,0.0,0.0,0.0,0.0,225.85364942685942,225.85364942685942,225.85364942685942,0.0,0.0,0.0,82.57235539680435,82.57235539680435,82.57235539680435,-202.87489051730276,-202.87489051730276,-202.87489051730276,346.15618454735784,346.15618454735784,346.15618454735784,0.0,0.0,0.0,1986.082393357652
2022-03-16,1762.8205050006034,1832.5247308639175,2150.7379219221166,1762.8205050006034,1762.8205050006034,0.0,0.0,0.0,0.0,0.0,0.0,0.0,0.0,0.0,0.0,0.0,0.0,0.0,0.0,0.0,0.0,0.0,0.0,0.0,0.0,0.0,0.0,0.0,0.0,0.0,0.0,0.0,0.0,0.0,0.0,0.0,0.0,0.0,0.0,0.0,0.0,0.0,0.0,0.0,0.0,0.0,0.0,0.0,0.0,0.0,0.0,0.0,0.0,225.64632804430227,225.64632804430227,225.64632804430227,0.0,0.0,0.0,64.90473781835946,64.90473781835946,64.90473781835946,-181.7144759304563,-181.7144759304563,-181.7144759304563,342.4560661563992,342.4560661563992,342.4560661563992,0.0,0.0,0.0,1988.4668330449056
2022-03-17,1765.4122660704143,1966.0194858777702,2279.006125133989,1765.4122660704143,1765.4122660704143,0.0,0.0,0.0,0.0,0.0,0.0,0.0,0.0,0.0,0.0,0.0,0.0,0.0,0.0,0.0,0.0,0.0,0.0,0.0,0.0,0.0,0.0,0.0,0.0,0.0,0.0,0.0,0.0,0.0,0.0,0.0,0.0,0.0,0.0,0.0,0.0,0.0,0.0,0.0,0.0,0.0,0.0,0.0,0.0,0.0,0.0,0.0,0.0,364.9188371809076,364.9188371809076,364.9188371809076,0.0,0.0,0.0,43.07212387428776,43.07212387428776,43.07212387428776,-16.877812964248296,-16.877812964248296,-16.877812964248296,338.7245262708682,338.7245262708682,338.7245262708682,0.0,0.0,0.0,2130.331103251322
2022-03-18,1768.004027140225,2113.541468287272,2427.4715153601364,1768.004027140225,1768.004027140225,0.0,0.0,0.0,0.0,0.0,0.0,0.0,0.0,0.0,0.0,0.0,0.0,0.0,0.0,0.0,0.0,0.0,0.0,0.0,0.0,0.0,0.0,0.0,0.0,0.0,0.0,0.0,0.0,0.0,0.0,0.0,0.0,0.0,0.0,0.0,0.0,0.0,0.0,0.0,0.0,0.0,0.0,0.0,0.0,0.0,0.0,0.0,0.0,498.01701538280213,498.01701538280213,498.01701538280213,0.0,0.0,0.0,11.868513343164482,11.868513343164482,11.868513343164482,151.10859487164652,151.10859487164652,151.10859487164652,335.0399071679911,335.0399071679911,335.0399071679911,0.0,0.0,0.0,2266.021042523027
2022-03-19,1770.5957882100356,2124.781797283531,2441.0928876982907,1770.5957882100356,1770.5957882100356,0.0,0.0,0.0,0.0,0.0,0.0,0.0,0.0,0.0,0.0,0.0,0.0,0.0,0.0,0.0,0.0,0.0,0.0,0.0,0.0,0.0,0.0,0.0,0.0,0.0,0.0,0.0,0.0,0.0,0.0,0.0,0.0,0.0,0.0,0.0,0.0,0.0,0.0,0.0,0.0,0.0,0.0,0.0,0.0,0.0,0.0,0.0,0.0,512.8081866609847,512.8081866609847,512.8081866609847,0.0,0.0,0.0,-28.776727607995642,-28.776727607995642,-28.776727607995642,210.10138936406085,210.10138936406085,210.10138936406085,331.48352490491936,331.48352490491936,331.48352490491936,0.0,0.0,0.0,2283.40397487102
2022-03-20,1773.1875492798465,1973.5652549822137,2292.9196173800738,1773.1875492798465,1773.1875492798465,0.0,0.0,0.0,0.0,0.0,0.0,0.0,0.0,0.0,0.0,0.0,0.0,0.0,0.0,0.0,0.0,0.0,0.0,0.0,0.0,0.0,0.0,0.0,0.0,0.0,0.0,0.0,0.0,0.0,0.0,0.0,0.0,0.0,0.0,0.0,0.0,0.0,0.0,0.0,0.0,0.0,0.0,0.0,0.0,0.0,0.0,0.0,0.0,355.9007432625407,355.9007432625407,355.9007432625407,0.0,0.0,0.0,-71.77608124493464,-71.77608124493464,-71.77608124493464,99.5396473936359,99.5396473936359,99.5396473936359,328.13717711383936,328.13717711383936,328.13717711383936,0.0,0.0,0.0,2129.088292542387
2022-03-21,1775.7793103496574,1765.6099285373089,2084.9256001607896,1775.7793103496574,1775.7793103496574,0.0,0.0,0.0,0.0,0.0,0.0,0.0,0.0,0.0,0.0,0.0,0.0,0.0,0.0,0.0,0.0,0.0,0.0,0.0,0.0,0.0,0.0,0.0,0.0,0.0,0.0,0.0,0.0,0.0,0.0,0.0,0.0,0.0,0.0,0.0,0.0,0.0,0.0,0.0,0.0,0.0,0.0,0.0,0.0,0.0,0.0,0.0,0.0,159.35198981888487,159.35198981888487,159.35198981888487,0.0,0.0,0.0,-106.44612442306557,-106.44612442306557,-106.44612442306557,-59.282452217172306,-59.282452217172306,-59.282452217172306,325.08056645912285,325.08056645912285,325.08056645912285,0.0,0.0,0.0,1935.1313001685423
2022-03-22,1778.3710714194679,1621.9774813429199,1940.913450130511,1778.3710714194679,1778.3710714194679,0.0,0.0,0.0,0.0,0.0,0.0,0.0,0.0,0.0,0.0,0.0,0.0,0.0,0.0,0.0,0.0,0.0,0.0,0.0,0.0,0.0,0.0,0.0,0.0,0.0,0.0,0.0,0.0,0.0,0.0,0.0,0.0,0.0,0.0,0.0,0.0,0.0,0.0,0.0,0.0,0.0,0.0,0.0,0.0,0.0,0.0,0.0,0.0,-5.7316877327476226,-5.7316877327476226,-5.7316877327476226,0.0,0.0,0.0,-125.24551716431573,-125.24551716431573,-125.24551716431573,-202.87489051730563,-202.87489051730563,-202.87489051730563,322.38871994887364,322.38871994887364,322.38871994887364,0.0,0.0,0.0,1772.6393836867203
2022-03-23,1780.9628324892785,1626.0460722758614,1941.312086171751,1780.9628324892785,1780.9628324892785,0.0,0.0,0.0,0.0,0.0,0.0,0.0,0.0,0.0,0.0,0.0,0.0,0.0,0.0,0.0,0.0,0.0,0.0,0.0,0.0,0.0,0.0,0.0,0.0,0.0,0.0,0.0,0.0,0.0,0.0,0.0,0.0,0.0,0.0,0.0,0.0,0.0,0.0,0.0,0.0,0.0,0.0,0.0,0.0,0.0,0.0,0.0,0.0,9.89840401429396,9.89840401429396,9.89840401429396,0.0,0.0,0.0,-128.51660501292912,-128.51660501292912,-128.51660501292912,-181.71447593039107,-181.71447593039107,-181.71447593039107,320.1294849576141,320.1294849576141,320.1294849576141,0.0,0.0,0.0,1790.8612365035724
2022-03-24,1783.5545935590894,1795.209166202854,2127.3017261916157,1783.5545935590894,1783.5545935590894,0.0,0.0,0.0,0.0,0.0,0.0,0.0,0.0,0.0,0.0,0.0,0.0,0.0,0.0,0.0,0.0,0.0,0.0,0.0,0.0,0.0,0.0,0.0,0.0,0.0,0.0,0.0,0.0,0.0,0.0,0.0,0.0,0.0,0.0,0.0,0.0,0.0,0.0,0.0,0.0,0.0,0.0,0.0,0.0,0.0,0.0,0.0,0.0,177.91182868478077,177.91182868478077,177.91182868478077,0.0,0.0,0.0,-123.57153935193911,-123.57153935193911,-123.57153935193911,-16.877812964140166,-16.877812964140166,-16.877812964140166,318.36118100086003,318.36118100086003,318.36118100086003,0.0,0.0,0.0,1961.4664222438703
2022-03-25,1786.1463546289003,1973.7845262010248,2294.724850800299,1786.1463546289003,1786.1463546289003,0.0,0.0,0.0,0.0,0.0,0.0,0.0,0.0,0.0,0.0,0.0,0.0,0.0,0.0,0.0,0.0,0.0,0.0,0.0,0.0,0.0,0.0,0.0,0.0,0.0,0.0,0.0,0.0,0.0,0.0,0.0,0.0,0.0,0.0,0.0,0.0,0.0,0.0,0.0,0.0,0.0,0.0,0.0,0.0,0.0,0.0,0.0,0.0,349.2388506715429,349.2388506715429,349.2388506715429,0.0,0.0,0.0,-119.0002262587219,-119.0002262587219,-119.0002262587219,151.10859487122264,151.10859487122264,151.10859487122264,317.13048205904227,317.13048205904227,317.13048205904227,0.0,0.0,0.0,2135.385205300443
2022-03-26,1788.738115698711,2048.6878330821955,2362.443958755735,1788.738115698711,1788.738115698711,0.0,0.0,0.0,0.0,0.0,0.0,0.0,0.0,0.0,0.0,0.0,0.0,0.0,0.0,0.0,0.0,0.0,0.0,0.0,0.0,0.0,0.0,0.0,0.0,0.0,0.0,0.0,0.0,0.0,0.0,0.0,0.0,0.0,0.0,0.0,0.0,0.0,0.0,0.0,0.0,0.0,0.0,0.0,0.0,0.0,0.0,0.0,0.0,407.8044129686056,407.8044129686056,407.8044129686056,0.0,0.0,0.0,-118.76757410151146,-118.76757410151146,-118.76757410151146,210.10138936416888,210.10138936416888,210.10138936416888,316.47059770594825,316.47059770594825,316.47059770594825,0.0,0.0,0.0,2196.5425286673167
2022-03-27,1791.329876768522,1922.5842636268346,2245.233414103481,1791.329876768522,1791.329876768522,0.0,0.0,0.0,0.0,0.0,0.0,0.0,0.0,0.0,0.0,0.0,0.0,0.0,0.0,0.0,0.0,0.0,0.0,0.0,0.0,0.0,0.0,0.0,0.0,0.0,0.0,0.0,0.0,0.0,0.0,0.0,0.0,0.0,0.0,0.0,0.0,0.0,0.0,0.0,0.0,0.0,0.0,0.0,0.0,0.0,0.0,0.0,0.0,295.4764472244943,295.4764472244943,295.4764472244943,0.0,0.0,0.0,-120.46301282181386,-120.46301282181386,-120.46301282181386,99.53964739352539,99.53964739352539,99.53964739352539,316.3998126527827,316.3998126527827,316.3998126527827,0.0,0.0,0.0,2086.806323993016
2022-03-28,1793.9216378383326,1778.6920656194834,2099.3626845157373,1793.9216378383326,1793.9216378383326,0.0,0.0,0.0,0.0,0.0,0.0,0.0,0.0,0.0,0.0,0.0,0.0,0.0,0.0,0.0,0.0,0.0,0.0,0.0,0.0,0.0,0.0,0.0,0.0,0.0,0.0,0.0,0.0,0.0,0.0,0.0,0.0,0.0,0.0,0.0,0.0,0.0,0.0,0.0,0.0,0.0,0.0,0.0,0.0,0.0,0.0,0.0,0.0,139.25847271954282,139.25847271954282,139.25847271954282,0.0,0.0,0.0,-118.3795088954501,-118.3795088954501,-118.3795088954501,-59.2824522173057,-59.2824522173057,-59.2824522173057,316.9204338322986,316.9204338322986,316.9204338322986,0.0,0.0,0.0,1933.1801105578754
2022-03-29,1796.5133989081432,1637.5741801249467,1968.1683740031829,1796.5133989081432,1796.5133989081432,0.0,0.0,0.0,0.0,0.0,0.0,0.0,0.0,0.0,0.0,0.0,0.0,0.0,0.0,0.0,0.0,0.0,0.0,0.0,0.0,0.0,0.0,0.0,0.0,0.0,0.0,0.0,0.0,0.0,0.0,0.0,0.0,0.0,0.0,0.0,0.0,0.0,0.0,0.0,0.0,0.0,0.0,0.0,0.0,0.0,0.0,0.0,0.0,6.860089298627287,6.860089298627287,6.860089298627287,0.0,0.0,0.0,-108.28320231887939,-108.28320231887939,-108.28320231887939,-202.87489051738996,-202.87489051738996,-202.87489051738996,318.01818213489673,318.01818213489673,318.01818213489673,0.0,0.0,0.0,1803.3734882067706
2022-03-30,1799.105159977954,1684.7604999996913,2008.281506767886,1799.105159977954,1799.105159977954,0.0,0.0,0.0,0.0,0.0,0.0,0.0,0.0,0.0,0.0,0.0,0.0,0.0,0.0,0.0,0.0,0.0,0.0,0.0,0.0,0.0,0.0,0.0,0.0,0.0,0.0,0.0,0.0,0.0,0.0,0.0,0.0,0.0,0.0,0.0,0.0,0.0,0.0,0.0,0.0,0.0,0.0,0.0,0.0,0.0,0.0,0.0,0.0,47.977467509524374,47.977467509524374,47.977467509524374,0.0,0.0,0.0,-89.97010929122334,-89.97010929122334,-89.97010929122334,-181.7144759307476,-181.7144759307476,-181.7144759307476,319.6620527314954,319.6620527314954,319.6620527314954,0.0,0.0,0.0,1847.0826274874782
2022-03-31,1801.6969210477648,1869.312444133547,2208.843377894545,1801.6969210477648,1801.6969210477648,0.0,0.0,0.0,0.0,0.0,0.0,0.0,0.0,0.0,0.0,0.0,0.0,0.0,0.0,0.0,0.0,0.0,0.0,0.0,0.0,0.0,0.0,0.0,0.0,0.0,0.0,0.0,0.0,0.0,0.0,0.0,0.0,0.0,0.0,0.0,0.0,0.0,0.0,0.0,0.0,0.0,0.0,0.0,0.0,0.0,0.0,0.0,0.0,238.68852308427142,238.68852308427142,238.68852308427142,0.0,0.0,0.0,-66.23831792578162,-66.23831792578162,-66.23831792578162,-16.87781296403203,-16.87781296403203,-16.87781296403203,321.804653974085,321.804653974085,321.804653974085,0.0,0.0,0.0,2040.3854441320364
2022-04-01,1804.2886821175755,2073.803325255136,2396.444487442648,1804.2886821175755,1804.2886821175755,0.0,0.0,0.0,0.0,0.0,0.0,0.0,0.0,0.0,0.0,0.0,0.0,0.0,0.0,0.0,0.0,0.0,0.0,0.0,0.0,0.0,0.0,0.0,0.0,0.0,0.0,0.0,0.0,0.0,0.0,0.0,0.0,0.0,0.0,0.0,0.0,0.0,0.0,0.0,0.0,0.0,0.0,0.0,0.0,0.0,0.0,0.0,0.0,435.3930487872523,435.3930487872523,435.3930487872523,0.0,0.0,0.0,-40.09856665562799,-40.09856665562799,-40.09856665562799,151.1085948713059,151.1085948713059,151.1085948713059,324.3830205715744,324.3830205715744,324.3830205715744,0.0,0.0,0.0,2239.681730904828
2022-04-02,1806.8804431873862,2175.248462990774,2494.8176996178404,1806.8804431873862,1806.8804431873862,0.0,0.0,0.0,0.0,0.0,0.0,0.0,0.0,0.0,0.0,0.0,0.0,0.0,0.0,0.0,0.0,0.0,0.0,0.0,0.0,0.0,0.0,0.0,0.0,0.0,0.0,0.0,0.0,0.0,0.0,0.0,0.0,0.0,0.0,0.0,0.0,0.0,0.0,0.0,0.0,0.0,0.0,0.0,0.0,0.0,0.0,0.0,0.0,524.386582507649,524.386582507649,524.386582507649,0.0,0.0,0.0,-13.034689386279455,-13.034689386279455,-13.034689386279455,210.1013893641711,210.1013893641711,210.1013893641711,327.31988252975736,327.31988252975736,327.31988252975736,0.0,0.0,0.0,2331.267025695035
2022-04-03,1809.472204257197,2077.92214159469,2403.9741743775253,1809.472204257197,1809.472204257197,0.0,0.0,0.0,0.0,0.0,0.0,0.0,0.0,0.0,0.0,0.0,0.0,0.0,0.0,0.0,0.0,0.0,0.0,0.0,0.0,0.0,0.0,0.0,0.0,0.0,0.0,0.0,0.0,0.0,0.0,0.0,0.0,0.0,0.0,0.0,0.0,0.0,0.0,0.0,0.0,0.0,0.0,0.0,0.0,0.0,0.0,0.0,0.0,444.64133775564727,444.64133775564727,444.64133775564727,0.0,0.0,0.0,14.576332718322712,14.576332718322712,14.576332718322712,99.53964739341487,99.53964739341487,99.53964739341487,330.5253576439097,330.5253576439097,330.5253576439097,0.0,0.0,0.0,2254.1135420128444
2022-04-04,1812.0639653270077,1968.7397252973692,2301.027386016936,1812.0639653270077,1812.0639653270077,0.0,0.0,0.0,0.0,0.0,0.0,0.0,0.0,0.0,0.0,0.0,0.0,0.0,0.0,0.0,0.0,0.0,0.0,0.0,0.0,0.0,0.0,0.0,0.0,0.0,0.0,0.0,0.0,0.0,0.0,0.0,0.0,0.0,0.0,0.0,0.0,0.0,0.0,0.0,0.0,0.0,0.0,0.0,0.0,0.0,0.0,0.0,0.0,316.72208264287343,316.72208264287343,316.72208264287343,0.0,0.0,0.0,42.10551230436569,42.10551230436569,42.10551230436569,-59.282452217415496,-59.282452217415496,-59.282452217415496,333.89902255592324,333.89902255592324,333.89902255592324,0.0,0.0,0.0,2128.786047969881
2022-04-05,1814.6557263968186,1849.3878611866023,2172.728490228808,1814.6557263968186,1814.6557263968186,0.0,0.0,0.0,0.0,0.0,0.0,0.0,0.0,0.0,0.0,0.0,0.0,0.0,0.0,0.0,0.0,0.0,0.0,0.0,0.0,0.0,0.0,0.0,0.0,0.0,0.0,0.0,0.0,0.0,0.0,0.0,0.0,0.0,0.0,0.0,0.0,0.0,0.0,0.0,0.0,0.0,0.0,0.0,0.0,0.0,0.0,0.0,0.0,202.65685100450162,202.65685100450162,202.65685100450162,0.0,0.0,0.0,68.1994356034006,68.1994356034006,68.1994356034006,-202.87489051714226,-202.87489051714226,-202.87489051714226,337.3323059182432,337.3323059182432,337.3323059182432,0.0,0.0,0.0,2017.3125774013201
2022-04-06,1817.2474874666293,1905.4352452826297,2232.2631270086904,1817.2474874666293,1817.2474874666293,0.0,0.0,0.0,0.0,0.0,0.0,0.0,0.0,0.0,0.0,0.0,0.0,0.0,0.0,0.0,0.0,0.0,0.0,0.0,0.0,0.0,0.0,0.0,0.0,0.0,0.0,0.0,0.0,0.0,0.0,0.0,0.0,0.0,0.0,0.0,0.0,0.0,0.0,0.0,0.0,0.0,0.0,0.0,0.0,0.0,0.0,0.0,0.0,250.57035769062855,250.57035769062855,250.57035769062855,0.0,0.0,0.0,91.57369623131821,91.57369623131821,91.57369623131821,-181.7144759306325,-181.7144759306325,-181.7144759306325,340.7111373899429,340.7111373899429,340.7111373899429,0.0,0.0,0.0,2067.817845157258
2022-04-07,1819.83924853644,2104.6898299025265,2423.9601269531854,1819.83924853644,1819.83924853644,0.0,0.0,0.0,0.0,0.0,0.0,0.0,0.0,0.0,0.0,0.0,0.0,0.0,0.0,0.0,0.0,0.0,0.0,0.0,0.0,0.0,0.0,0.0,0.0,0.0,0.0,0.0,0.0,0.0,0.0,0.0,0.0,0.0,0.0,0.0,0.0,0.0,0.0,0.0,0.0,0.0,0.0,0.0,0.0,0.0,0.0,0.0,0.0,438.8260582563083,438.8260582563083,438.8260582563083,0.0,0.0,0.0,111.78509289801319,111.78509289801319,111.78509289801319,-16.877812963874774,-16.877812963874774,-16.877812963874774,343.9187783221698,343.9187783221698,343.9187783221698,0.0,0.0,0.0,2258.665306792748
2022-04-08,1822.4310096062507,2292.885095321447,2613.979699279981,1822.4310096062507,1822.4310096062507,0.0,0.0,0.0,0.0,0.0,0.0,0.0,0.0,0.0,0.0,0.0,0.0,0.0,0.0,0.0,0.0,0.0,0.0,0.0,0.0,0.0,0.0,0.0,0.0,0.0,0.0,0.0,0.0,0.0,0.0,0.0,0.0,0.0,0.0,0.0,0.0,0.0,0.0,0.0,0.0,0.0,0.0,0.0,0.0,0.0,0.0,0.0,0.0,626.6730407001594,626.6730407001594,626.6730407001594,0.0,0.0,0.0,128.72569152101454,128.72569152101454,128.72569152101454,151.1085948713892,151.1085948713892,151.1085948713892,346.83875430775555,346.83875430775555,346.83875430775555,0.0,0.0,0.0,2449.10405030641
2022-04-09,1825.0227706760613,2359.9160013054234,2685.5814712667884,1825.0227706760613,1825.0227706760613,0.0,0.0,0.0,0.0,0.0,0.0,0.0,0.0,0.0,0.0,0.0,0.0,0.0,0.0,0.0,0.0,0.0,0.0,0.0,0.0,0.0,0.0,0.0,0.0,0.0,0.0,0.0,0.0,0.0,0.0,0.0,0.0,0.0,0.0,0.0,0.0,0.0,0.0,0.0,0.0,0.0,0.0,0.0,0.0,0.0,0.0,0.0,0.0,700.7151851381151,700.7151851381151,700.7151851381151,0.0,0.0,0.0,141.25598932784922,141.25598932784922,141.25598932784922,210.10138936413236,210.10138936413236,210.10138936413236,349.3578064461335,349.3578064461335,349.3578064461335,0.0,0.0,0.0,2525.7379558141765
2022-04-10,1827.6145317458725,2261.8717630543006,2584.395740534366,1827.6145317458725,1827.6145317458725,0.0,0.0,0.0,0.0,0.0,0.0,0.0,0.0,0.0,0.0,0.0,0.0,0.0,0.0,0.0,0.0,0.0,0.0,0.0,0.0,0.0,0.0,0.0,0.0,0.0,0.0,0.0,0.0,0.0,0.0,0.0,0.0,0.0,0.0,0.0,0.0,0.0,0.0,0.0,0.0,0.0,0.0,0.0,0.0,0.0,0.0,0.0,0.0,597.6731290430488,597.6731290430488,597.6731290430488,0.0,0.0,0.0,146.76470433916467,146.76470433916467,146.76470433916467,99.53964739391512,99.53964739391512,99.53964739391512,351.368777309969,351.368777309969,351.368777309969,0.0,0.0,0.0,2425.287660788921
2022-04-11,1830.2062928156831,2104.231427942434,2430.782125398869,1830.2062928156831,1830.2062928156831,0.0,0.0,0.0,0.0,0.0,0.0,0.0,0.0,0.0,0.0,0.0,0.0,0.0,0.0,0.0,0.0,0.0,0.0,0.0,0.0,0.0,0.0,0.0,0.0,0.0,0.0,0.0,0.0,0.0,0.0,0.0,0.0,0.0,0.0,0.0,0.0,0.0,0.0,0.0,0.0,0.0,0.0,0.0,0.0,0.0,0.0,0.0,0.0,436.27330116124244,436.27330116124244,436.27330116124244,0.0,0.0,0.0,142.7824041566829,142.7824041566829,142.7824041566829,-59.28245221752527,-59.28245221752527,-59.28245221752527,352.77334922208485,352.77334922208485,352.77334922208485,0.0,0.0,0.0,2266.4795939769256
2022-04-12,1832.7980538854938,1961.943721289137,2259.9963809845963,1832.7980538854938,1832.7980538854938,0.0,0.0,0.0,0.0,0.0,0.0,0.0,0.0,0.0,0.0,0.0,0.0,0.0,0.0,0.0,0.0,0.0,0.0,0.0,0.0,0.0,0.0,0.0,0.0,0.0,0.0,0.0,0.0,0.0,0.0,0.0,0.0,0.0,0.0,0.0,0.0,0.0,0.0,0.0,0.0,0.0,0.0,0.0,0.0,0.0,0.0,0.0,0.0,280.14062063473403,280.14062063473403,280.14062063473403,0.0,0.0,0.0,129.53095463638115,129.53095463638115,129.53095463638115,-202.8748905171859,-202.8748905171859,-202.8748905171859,353.48455651553877,353.48455651553877,353.48455651553877,0.0,0.0,0.0,2112.938674520228
2022-04-13,1835.3898149553047,1960.8984061361691,2270.559138574528,1835.3898149553047,1835.3898149553047,0.0,0.0,0.0,0.0,0.0,0.0,0.0,0.0,0.0,0.0,0.0,0.0,0.0,0.0,0.0,0.0,0.0,0.0,0.0,0.0,0.0,0.0,0.0,0.0,0.0,0.0,0.0,0.0,0.0,0.0,0.0,0.0,0.0,0.0,0.0,0.0,0.0,0.0,0.0,0.0,0.0,0.0,0.0,0.0,0.0,0.0,0.0,0.0,282.50122554511387,282.50122554511387,282.50122554511387,0.0,0.0,0.0,110.78670164319148,110.78670164319148,110.78670164319148,-181.71447593061717,-181.71447593061717,-181.71447593061717,353.4289998325396,353.4289998325396,353.4289998325396,0.0,0.0,0.0,2117.8910405004185
2022-04-14,1837.9815760251151,2110.066827436668,2420.5532858485367,1837.9815760251151,1837.9815760251151,0.0,0.0,0.0,0.0,0.0,0.0,0.0,0.0,0.0,0.0,0.0,0.0,0.0,0.0,0.0,0.0,0.0,0.0,0.0,0.0,0.0,0.0,0.0,0.0,0.0,0.0,0.0,0.0,0.0,0.0,0.0,0.0,0.0,0.0,0.0,0.0,0.0,0.0,0.0,0.0,0.0,0.0,0.0,0.0,0.0,0.0,0.0,0.0,427.2018286911829,427.2018286911829,427.2018286911829,0.0,0.0,0.0,91.53094261920047,91.53094261920047,91.53094261920047,-16.877812963717513,-16.877812963717513,-16.877812963717513,352.54869903569994,352.54869903569994,352.54869903569994,0.0,0.0,0.0,2265.183404716298
2022-04-15,1840.5733370949258,2249.5602000050235,2570.5934557156065,1840.5733370949258,1840.5733370949258,0.0,0.0,0.0,0.0,0.0,0.0,0.0,0.0,0.0,0.0,0.0,0.0,0.0,0.0,0.0,0.0,0.0,0.0,0.0,0.0,0.0,0.0,0.0,0.0,0.0,0.0,0.0,0.0,0.0,0.0,0.0,0.0,0.0,0.0,0.0,0.0,0.0,0.0,0.0,0.0,0.0,0.0,0.0,0.0,0.0,0.0,0.0,0.0,575.790109532893,575.790109532893,575.790109532893,0.0,0.0,0.0,73.87898296085586,73.87898296085586,73.87898296085586,151.10859487151117,151.10859487151117,151.10859487151117,350.8025317005259,350.8025317005259,350.8025317005259,0.0,0.0,0.0,2416.363446627819
2022-04-16,1843.1650981647367,2303.7775823621255,2606.547087294219,1843.1650981647367,1843.1650981647367,0.0,0.0,0.0,0.0,0.0,0.0,0.0,0.0,0.0,0.0,0.0,0.0,0.0,0.0,0.0,0.0,0.0,0.0,0.0,0.0,0.0,0.0,0.0,0.0,0.0,0.0,0.0,0.0,0.0,0.0,0.0,0.0,0.0,0.0,0.0,0.0,0.0,0.0,0.0,0.0,0.0,0.0,0.0,0.0,0.0,0.0,0.0,0.0,613.1655374402286,613.1655374402286,613.1655374402286,0.0,0.0,0.0,54.89693195081845,54.89693195081845,54.89693195081845,210.10138936411406,210.10138936411406,210.10138936411406,348.1672161252961,348.1672161252961,348.1672161252961,0.0,0.0,0.0,2456.330635604965
2022-04-17,1845.756859234548,2151.737459737875,2480.5732800651394,1845.756859234548,1845.756859234548,0.0,0.0,0.0,0.0,0.0,0.0,0.0,0.0,0.0,0.0,0.0,0.0,0.0,0.0,0.0,0.0,0.0,0.0,0.0,0.0,0.0,0.0,0.0,0.0,0.0,0.0,0.0,0.0,0.0,0.0,0.0,0.0,0.0,0.0,0.0,0.0,0.0,0.0,0.0,0.0,0.0,0.0,0.0,0.0,0.0,0.0,0.0,0.0,472.99424285924664,472.99424285924664,472.99424285924664,0.0,0.0,0.0,28.81678448781737,28.81678448781737,28.81678448781737,99.5396473938029,99.5396473938029,99.5396473938029,344.6378109776264,344.6378109776264,344.6378109776264,0.0,0.0,0.0,2318.7511020937945
2022-04-18,1847.9486657951234,1955.301404157033,2277.780131774616,1847.9486657951234,1847.9486657951234,0.0,0.0,0.0,0.0,0.0,0.0,0.0,0.0,0.0,0.0,0.0,0.0,0.0,0.0,0.0,0.0,0.0,0.0,0.0,0.0,0.0,0.0,0.0,0.0,0.0,0.0,0.0,0.0,0.0,0.0,0.0,0.0,0.0,0.0,0.0,0.0,0.0,0.0,0.0,0.0,0.0,0.0,0.0,0.0,0.0,0.0,0.0,0.0,273.3806953376678,273.3806953376678,273.3806953376678,0.0,0.0,0.0,-7.564570148751048,-7.564570148751048,-7.564570148751048,-59.28245221765866,-59.28245221765866,-59.28245221765866,340.22771770407746,340.22771770407746,340.22771770407746,0.0,0.0,0.0,2121.3293611327913
2022-04-19,1850.1404723556989,1768.8794623085669,2102.702515026526,1850.1404723556989,1850.1404723556989,0.0,0.0,0.0,0.0,0.0,0.0,0.0,0.0,0.0,0.0,0.0,0.0,0.0,0.0,0.0,0.0,0.0,0.0,0.0,0.0,0.0,0.0,0.0,0.0,0.0,0.0,0.0,0.0,0.0,0.0,0.0,0.0,0.0,0.0,0.0,0.0,0.0,0.0,0.0,0.0,0.0,0.0,0.0,0.0,0.0,0.0,0.0,0.0,81.45249189342803,81.45249189342803,81.45249189342803,0.0,0.0,0.0,-50.64080383390793,-50.64080383390793,-50.64080383390793,-202.87489051722952,-202.87489051722952,-202.87489051722952,334.9681862445654,334.9681862445654,334.9681862445654,0.0,0.0,0.0,1931.592964249127
2022-04-20,1852.3322789162746,1735.112314747619,2064.7603959754915,1852.3322789162746,1852.3322789162746,0.0,0.0,0.0,0.0,0.0,0.0,0.0,0.0,0.0,0.0,0.0,0.0,0.0,0.0,0.0,0.0,0.0,0.0,0.0,0.0,0.0,0.0,0.0,0.0,0.0,0.0,0.0,0.0,0.0,0.0,0.0,0.0,0.0,0.0,0.0,0.0,0.0,0.0,0.0,0.0,0.0,0.0,0.0,0.0,0.0,0.0,0.0,0.0,56.41736824767666,56.41736824767666,56.41736824767666,0.0,0.0,0.0,-90.77549481102217,-90.77549481102217,-90.77549481102217,-181.71447593050206,-181.71447593050206,-181.71447593050206,328.9073389892008,328.9073389892008,328.9073389892008,0.0,0.0,0.0,1908.7496471639513
2022-04-21,1854.52408547685,1887.358217717886,2200.9267421574214,1854.52408547685,1854.52408547685,0.0,0.0,0.0,0.0,0.0,0.0,0.0,0.0,0.0,0.0,0.0,0.0,0.0,0.0,0.0,0.0,0.0,0.0,0.0,0.0,0.0,0.0,0.0,0.0,0.0,0.0,0.0,0.0,0.0,0.0,0.0,0.0,0.0,0.0,0.0,0.0,0.0,0.0,0.0,0.0,0.0,0.0,0.0,0.0,0.0,0.0,0.0,0.0,187.2176990540873,187.2176990540873,187.2176990540873,0.0,0.0,0.0,-118.01322984614316,-118.01322984614316,-118.01322984614316,-16.877812964364754,-16.877812964364754,-16.877812964364754,322.1087418645952,322.1087418645952,322.1087418645952,0.0,0.0,0.0,2041.7417845309371
2022-04-22,1856.7158920374254,2032.0948529262155,2349.456650527585,1856.7158920374254,1856.7158920374254,0.0,0.0,0.0,0.0,0.0,0.0,0.0,0.0,0.0,0.0,0.0,0.0,0.0,0.0,0.0,0.0,0.0,0.0,0.0,0.0,0.0,0.0,0.0,0.0,0.0,0.0,0.0,0.0,0.0,0.0,0.0,0.0,0.0,0.0,0.0,0.0,0.0,0.0,0.0,0.0,0.0,0.0,0.0,0.0,0.0,0.0,0.0,0.0,337.2819878487191,337.2819878487191,337.2819878487191,0.0,0.0,0.0,-128.47617154771615,-128.47617154771615,-128.47617154771615,151.10859487104867,151.10859487104867,151.10859487104867,314.6495645253865,314.6495645253865,314.6495645253865,0.0,0.0,0.0,2193.9978798861443
2022-04-23,1858.9076985980007,2104.3932031506524,2404.59005013128,1858.9076985980007,1858.9076985980007,0.0,0.0,0.0,0.0,0.0,0.0,0.0,0.0,0.0,0.0,0.0,0.0,0.0,0.0,0.0,0.0,0.0,0.0,0.0,0.0,0.0,0.0,0.0,0.0,0.0,0.0,0.0,0.0,0.0,0.0,0.0,0.0,0.0,0.0,0.0,0.0,0.0,0.0,0.0,0.0,0.0,0.0,0.0,0.0,0.0,0.0,0.0,0.0,390.2370579825888,390.2370579825888,390.2370579825888,0.0,0.0,0.0,-126.4827148495276,-126.4827148495276,-126.4827148495276,210.10138936407532,210.10138936407532,210.10138936407532,306.61838346804103,306.61838346804103,306.61838346804103,0.0,0.0,0.0,2249.1447565805893
2022-04-24,1861.0995051585764,1990.1082656650447,2294.7405805109247,1861.0995051585764,1861.0995051585764,0.0,0.0,0.0,0.0,0.0,0.0,0.0,0.0,0.0,0.0,0.0,0.0,0.0,0.0,0.0,0.0,0.0,0.0,0.0,0.0,0.0,0.0,0.0,0.0,0.0,0.0,0.0,0.0,0.0,0.0,0.0,0.0,0.0,0.0,0.0,0.0,0.0,0.0,0.0,0.0,0.0,0.0,0.0,0.0,0.0,0.0,0.0,0.0,276.81682002911697,276.81682002911697,276.81682002911697,0.0,0.0,0.0,-120.8355194920788,-120.8355194920788,-120.8355194920788,99.53964739369414,99.53964739369414,99.53964739369414,298.1126921275017,298.1126921275017,298.1126921275017,0.0,0.0,0.0,2137.9163251876935
2022-04-25,1863.291311719152,1807.0198864657011,2141.8015090119657,1863.291311719152,1863.291311719152,0.0,0.0,0.0,0.0,0.0,0.0,0.0,0.0,0.0,0.0,0.0,0.0,0.0,0.0,0.0,0.0,0.0,0.0,0.0,0.0,0.0,0.0,0.0,0.0,0.0,0.0,0.0,0.0,0.0,0.0,0.0,0.0,0.0,0.0,0.0,0.0,0.0,0.0,0.0,0.0,0.0,0.0,0.0,0.0,0.0,0.0,0.0,0.0,111.59372218293603,111.59372218293603,111.59372218293603,0.0,0.0,0.0,-118.36001595909092,-118.36001595909092,-118.36001595909092,-59.28245221779205,-59.28245221779205,-59.28245221779205,289.236190359819,289.236190359819,289.236190359819,0.0,0.0,0.0,1974.885033902088
2022-04-26,1865.4831182797273,1664.885868866958,1976.1765053666202,1865.4831182797273,1865.4831182797273,0.0,0.0,0.0,0.0,0.0,0.0,0.0,0.0,0.0,0.0,0.0,0.0,0.0,0.0,0.0,0.0,0.0,0.0,0.0,0.0,0.0,0.0,0.0,0.0,0.0,0.0,0.0,0.0,0.0,0.0,0.0,0.0,0.0,0.0,0.0,0.0,0.0,0.0,0.0,0.0,0.0,0.0,0.0,0.0,0.0,0.0,0.0,0.0,-42.49116805041634,-42.49116805041634,-42.49116805041634,0.0,0.0,0.0,-119.71220944512739,-119.71220944512739,-119.71220944512739,-202.87489051698182,-202.87489051698182,-202.87489051698182,280.09593191169273,280.09593191169273,280.09593191169273,0.0,0.0,0.0,1822.991950229311
2022-04-27,1867.674924840303,1675.3218573077415,2000.766456461697,1867.674924840303,1867.674924840303,0.0,0.0,0.0,0.0,0.0,0.0,0.0,0.0,0.0,0.0,0.0,0.0,0.0,0.0,0.0,0.0,0.0,0.0,0.0,0.0,0.0,0.0,0.0,0.0,0.0,0.0,0.0,0.0,0.0,0.0,0.0,0.0,0.0,0.0,0.0,0.0,0.0,0.0,0.0,0.0,0.0,0.0,0.0,0.0,0.0,0.0,0.0,0.0,-31.155857342442147,-31.155857342442147,-31.155857342442147,0.0,0.0,0.0,-120.24079376053523,-120.24079376053523,-120.24079376053523,-181.71447593043686,-181.71447593043686,-181.71447593043686,270.79941234852987,270.79941234852987,270.79941234852987,0.0,0.0,0.0,1836.5190674978608
2022-04-28,1869.8667314008785,1837.632561203239,2159.8177285693646,1869.8667314008785,1869.8667314008785,0.0,0.0,0.0,0.0,0.0,0.0,0.0,0.0,0.0,0.0,0.0,0.0,0.0,0.0,0.0,0.0,0.0,0.0,0.0,0.0,0.0,0.0,0.0,0.0,0.0,0.0,0.0,0.0,0.0,0.0,0.0,0.0,0.0,0.0,0.0,0.0,0.0,0.0,0.0,0.0,0.0,0.0,0.0,0.0,0.0,0.0,0.0,0.0,130.12997300873926,130.12997300873926,130.12997300873926,0.0,0.0,0.0,-114.44389537144383,-114.44389537144383,-114.44389537144383,-16.877812964256623,-16.877812964256623,-16.877812964256623,261.45168134443975,261.45168134443975,261.45168134443975,0.0,0.0,0.0,1999.9967044096177
2022-04-29,1872.058537961454,2010.7854215402413,2325.9278932860198,1872.058537961454,1872.058537961454,0.0,0.0,0.0,0.0,0.0,0.0,0.0,0.0,0.0,0.0,0.0,0.0,0.0,0.0,0.0,0.0,0.0,0.0,0.0,0.0,0.0,0.0,0.0,0.0,0.0,0.0,0.0,0.0,0.0,0.0,0.0,0.0,0.0,0.0,0.0,0.0,0.0,0.0,0.0,0.0,0.0,0.0,0.0,0.0,0.0,0.0,0.0,0.0,303.2435214597606,303.2435214597606,303.2435214597606,0.0,0.0,0.0,-100.017635603616,-100.017635603616,-100.017635603616,151.1085948711706,151.1085948711706,151.1085948711706,252.15256219220595,252.15256219220595,252.15256219220595,0.0,0.0,0.0,2175.302059421215
2022-04-30,1874.2503445220295,2085.9328836582276,2410.2334368663483,1874.2503445220295,1874.2503445220295,0.0,0.0,0.0,0.0,0.0,0.0,0.0,0.0,0.0,0.0,0.0,0.0,0.0,0.0,0.0,0.0,0.0,0.0,0.0,0.0,0.0,0.0,0.0,0.0,0.0,0.0,0.0,0.0,0.0,0.0,0.0,0.0,0.0,0.0,0.0,0.0,0.0,0.0,0.0,0.0,0.0,0.0,0.0,0.0,0.0,0.0,0.0,0.0,374.5281532194798,374.5281532194798,374.5281532194798,0.0,0.0,0.0,-78.56729404791979,-78.56729404791979,-78.56729404791979,210.10138936405704,210.10138936405704,210.10138936405704,242.99405790334254,242.99405790334254,242.99405790334254,0.0,0.0,0.0,2248.7784977415095
2022-05-01,1876.442151082605,1986.3160674252176,2328.921616868063,1876.442151082605,1876.442151082605,0.0,0.0,0.0,0.0,0.0,0.0,0.0,0.0,0.0,0.0,0.0,0.0,0.0,0.0,0.0,0.0,0.0,0.0,0.0,0.0,0.0,0.0,0.0,0.0,0.0,0.0,0.0,0.0,0.0,0.0,0.0,0.0,0.0,0.0,0.0,0.0,0.0,0.0,0.0,0.0,0.0,0.0,0.0,0.0,0.0,0.0,0.0,0.0,280.26137130622794,280.26137130622794,280.26137130622794,0.0,0.0,0.0,-53.33629353302123,-53.33629353302123,-53.33629353302123,99.5396473935819,99.5396473935819,99.5396473935819,234.05801744566733,234.05801744566733,234.05801744566733,0.0,0.0,0.0,2156.703522388833
2022-05-02,1878.6339576431806,1859.6093957158726,2177.8138100062974,1878.6339576431806,1878.6339576431806,0.0,0.0,0.0,0.0,0.0,0.0,0.0,0.0,0.0,0.0,0.0,0.0,0.0,0.0,0.0,0.0,0.0,0.0,0.0,0.0,0.0,0.0,0.0,0.0,0.0,0.0,0.0,0.0,0.0,0.0,0.0,0.0,0.0,0.0,0.0,0.0,0.0,0.0,0.0,0.0,0.0,0.0,0.0,0.0,0.0,0.0,0.0,0.0,139.48253607865297,139.48253607865297,139.48253607865297,0.0,0.0,0.0,-26.649139388510868,-26.649139388510868,-26.649139388510868,-59.28245221722042,-59.28245221722042,-59.28245221722042,225.41412768438425,225.41412768438425,225.41412768438425,0.0,0.0,0.0,2018.1164937218336
2022-05-03,1880.825764203756,1724.3558589890865,2055.8143147057667,1880.825764203756,1880.825764203756,0.0,0.0,0.0,0.0,0.0,0.0,0.0,0.0,0.0,0.0,0.0,0.0,0.0,0.0,0.0,0.0,0.0,0.0,0.0,0.0,0.0,0.0,0.0,0.0,0.0,0.0,0.0,0.0,0.0,0.0,0.0,0.0,0.0,0.0,0.0,0.0,0.0,0.0,0.0,0.0,0.0,0.0,0.0,0.0,0.0,0.0,0.0,0.0,14.966177022607637,14.966177022607637,14.966177022607637,0.0,0.0,0.0,0.7227808428842936,0.7227808428842936,0.7227808428842936,-202.87489051702542,-202.87489051702542,-202.87489051702542,217.11828669674887,217.11828669674887,217.11828669674887,0.0,0.0,0.0,1895.7919412263636
2022-05-04,1883.0175707643316,1787.6856792825665,2103.437315561913,1883.0175707643316,1883.0175707643316,0.0,0.0,0.0,0.0,0.0,0.0,0.0,0.0,0.0,0.0,0.0,0.0,0.0,0.0,0.0,0.0,0.0,0.0,0.0,0.0,0.0,0.0,0.0,0.0,0.0,0.0,0.0,0.0,0.0,0.0,0.0,0.0,0.0,0.0,0.0,0.0,0.0,0.0,0.0,0.0,0.0,0.0,0.0,0.0,0.0,0.0,0.0,0.0,55.92077902552428,55.92077902552428,55.92077902552428,0.0,0.0,0.0,28.423852341693376,28.423852341693376,28.423852341693376,-181.7144759303217,-181.7144759303217,-181.7144759303217,209.21140261415266,209.21140261415266,209.21140261415266,0.0,0.0,0.0,1938.938349789856
2022-05-05,1885.209377324907,1972.861123811294,2298.34415873168,1885.209377324907,1885.209377324907,0.0,0.0,0.0,0.0,0.0,0.0,0.0,0.0,0.0,0.0,0.0,0.0,0.0,0.0,0.0,0.0,0.0,0.0,0.0,0.0,0.0,0.0,0.0,0.0,0.0,0.0,0.0,0.0,0.0,0.0,0.0,0.0,0.0,0.0,0.0,0.0,0.0,0.0,0.0,0.0,0.0,0.0,0.0,0.0,0.0,0.0,0.0,0.0,240.2680618567965,240.2680618567965,240.2680618567965,0.0,0.0,0.0,55.427225462298836,55.427225462298836,55.427225462298836,-16.87781296405024,-16.87781296405024,-16.87781296405024,201.71864935854788,201.71864935854788,201.71864935854788,0.0,0.0,0.0,2125.4774391817036
2022-05-06,1887.4011838854826,2155.3041437912216,2484.221589515597,1887.4011838854826,1887.4011838854826,0.0,0.0,0.0,0.0,0.0,0.0,0.0,0.0,0.0,0.0,0.0,0.0,0.0,0.0,0.0,0.0,0.0,0.0,0.0,0.0,0.0,0.0,0.0,0.0,0.0,0.0,0.0,0.0,0.0,0.0,0.0,0.0,0.0,0.0,0.0,0.0,0.0,0.0,0.0,0.0,0.0,0.0,0.0,0.0,0.0,0.0,0.0,0.0,426.03324013316643,426.03324013316643,426.03324013316643,0.0,0.0,0.0,80.27544829877269,80.27544829877269,80.27544829877269,151.10859487121522,151.10859487121522,151.10859487121522,194.64919696317858,194.64919696317858,194.64919696317858,0.0,0.0,0.0,2313.434424018649
2022-05-07,1889.5929904460581,2230.4104142963524,2551.6377320051733,1889.5929904460581,1889.5929904460581,0.0,0.0,0.0,0.0,0.0,0.0,0.0,0.0,0.0,0.0,0.0,0.0,0.0,0.0,0.0,0.0,0.0,0.0,0.0,0.0,0.0,0.0,0.0,0.0,0.0,0.0,0.0,0.0,0.0,0.0,0.0,0.0,0.0,0.0,0.0,0.0,0.0,0.0,0.0,0.0,0.0,0.0,0.0,0.0,0.0,0.0,0.0,0.0,500.1715824518173,500.1715824518173,500.1715824518173,0.0,0.0,0.0,102.07377307513855,102.07377307513855,102.07377307513855,210.10138936416504,210.10138936416504,210.10138936416504,187.99642001251377,187.99642001251377,187.99642001251377,0.0,0.0,0.0,2389.7645728978755
2022-05-08,1891.7847970066337,2138.5245901774715,2467.0970979847098,1891.7847970066337,1891.7847970066337,0.0,0.0,0.0,0.0,0.0,0.0,0.0,0.0,0.0,0.0,0.0,0.0,0.0,0.0,0.0,0.0,0.0,0.0,0.0,0.0,0.0,0.0,0.0,0.0,0.0,0.0,0.0,0.0,0.0,0.0,0.0,0.0,0.0,0.0,0.0,0.0,0.0,0.0,0.0,0.0,0.0,0.0,0.0,0.0,0.0,0.0,0.0,0.0,401.97509086235056,401.97509086235056,401.97509086235056,0.0,0.0,0.0,120.69686994448416,120.69686994448416,120.69686994448416,99.53964739347141,99.53964739347141,99.53964739347141,181.73857352439506,181.73857352439506,181.73857352439506,0.0,0.0,0.0,2293.759887868984
2022-05-09,1893.976603567209,1996.7671667356533,2298.5035421324537,1893.976603567209,1893.976603567209,0.0,0.0,0.0,0.0,0.0,0.0,0.0,0.0,0.0,0.0,0.0,0.0,0.0,0.0,0.0,0.0,0.0,0.0,0.0,0.0,0.0,0.0,0.0,0.0,0.0,0.0,0.0,0.0,0.0,0.0,0.0,0.0,0.0,0.0,0.0,0.0,0.0,0.0,0.0,0.0,0.0,0.0,0.0,0.0,0.0,0.0,0.0,0.0,252.2372440641938,252.2372440641938,252.2372440641938,0.0,0.0,0.0,135.67978452796993,135.67978452796993,135.67978452796993,-59.28245221735379,-59.28245221735379,-59.28245221735379,175.83991175357758,175.83991175357758,175.83991175357758,0.0,0.0,0.0,2146.2138476314026
2022-05-10,1896.1684101277845,1831.578570719519,2161.5448579996714,1896.1684101277845,1896.1684101277845,0.0,0.0,0.0,0.0,0.0,0.0,0.0,0.0,0.0,0.0,0.0,0.0,0.0,0.0,0.0,0.0,0.0,0.0,0.0,0.0,0.0,0.0,0.0,0.0,0.0,0.0,0.0,0.0,0.0,0.0,0.0,0.0,0.0,0.0,0.0,0.0,0.0,0.0,0.0,0.0,0.0,0.0,0.0,0.0,0.0,0.0,0.0,0.0,112.45431601176351,112.45431601176351,112.45431601176351,0.0,0.0,0.0,145.07699419526668,145.07699419526668,145.07699419526668,-202.8748905171098,-202.8748905171098,-202.8748905171098,170.25221233360662,170.25221233360662,170.25221233360662,0.0,0.0,0.0,2008.622726139548
2022-05-11,1898.3602166883602,1866.944786237341,2183.433719491194,1898.3602166883602,1898.3602166883602,0.0,0.0,0.0,0.0,0.0,0.0,0.0,0.0,0.0,0.0,0.0,0.0,0.0,0.0,0.0,0.0,0.0,0.0,0.0,0.0,0.0,0.0,0.0,0.0,0.0,0.0,0.0,0.0,0.0,0.0,0.0,0.0,0.0,0.0,0.0,0.0,0.0,0.0,0.0,0.0,0.0,0.0,0.0,0.0,0.0,0.0,0.0,0.0,129.23612110463884,129.23612110463884,129.23612110463884,0.0,0.0,0.0,146.03394075445874,146.03394075445874,146.03394075445874,-181.71447593025653,-181.71447593025653,-181.71447593025653,164.9166562804366,164.9166562804366,164.9166562804366,0.0,0.0,0.0,2027.596337792999
2022-05-12,1900.5520232489355,2030.7979876068878,2353.729553523101,1900.5520232489355,1900.5520232489355,0.0,0.0,0.0,0.0,0.0,0.0,0.0,0.0,0.0,0.0,0.0,0.0,0.0,0.0,0.0,0.0,0.0,0.0,0.0,0.0,0.0,0.0,0.0,0.0,0.0,0.0,0.0,0.0,0.0,0.0,0.0,0.0,0.0,0.0,0.0,0.0,0.0,0.0,0.0,0.0,0.0,0.0,0.0,0.0,0.0,0.0,0.0,0.0,280.0388533893455,280.0388533893455,280.0388533893455,0.0,0.0,0.0,137.1506623429211,137.1506623429211,137.1506623429211,-16.877812963942105,-16.877812963942105,-16.877812963942105,159.76600401036663,159.76600401036663,159.76600401036663,0.0,0.0,0.0,2180.590876638281
2022-05-13,1902.743829809511,2174.429237209268,2491.303862433205,1902.743829809511,1902.743829809511,0.0,0.0,0.0,0.0,0.0,0.0,0.0,0.0,0.0,0.0,0.0,0.0,0.0,0.0,0.0,0.0,0.0,0.0,0.0,0.0,0.0,0.0,0.0,0.0,0.0,0.0,0.0,0.0,0.0,0.0,0.0,0.0,0.0,0.0,0.0,0.0,0.0,0.0,0.0,0.0,0.0,0.0,0.0,0.0,0.0,0.0,0.0,0.0,426.35065034641906,426.35065034641906,426.35065034641906,0.0,0.0,0.0,120.51505649175687,120.51505649175687,120.51505649175687,151.10859487133715,151.10859487133715,151.10859487133715,154.72699898332505,154.72699898332505,154.72699898332505,0.0,0.0,0.0,2329.09448015593
2022-05-14,1904.9356363700865,2201.9102646828824,2522.758765106562,1904.9356363700865,1904.9356363700865,0.0,0.0,0.0,0.0,0.0,0.0,0.0,0.0,0.0,0.0,0.0,0.0,0.0,0.0,0.0,0.0,0.0,0.0,0.0,0.0,0.0,0.0,0.0,0.0,0.0,0.0,0.0,0.0,0.0,0.0,0.0,0.0,0.0,0.0,0.0,0.0,0.0,0.0,0.0,0.0,0.0,0.0,0.0,0.0,0.0,0.0,0.0,0.0,460.8036214768478,460.8036214768478,460.8036214768478,0.0,0.0,0.0,100.97930799020615,100.97930799020615,100.97930799020615,210.1013893641468,210.1013893641468,210.1013893641468,149.72292412249487,149.72292412249487,149.72292412249487,0.0,0.0,0.0,2365.7392578469344
2022-05-15,1907.127442930662,2065.0262524748673,2385.4486301422685,1907.127442930662,1907.127442930662,0.0,0.0,0.0,0.0,0.0,0.0,0.0,0.0,0.0,0.0,0.0,0.0,0.0,0.0,0.0,0.0,0.0,0.0,0.0,0.0,0.0,0.0,0.0,0.0,0.0,0.0,0.0,0.0,0.0,0.0,0.0,0.0,0.0,0.0,0.0,0.0,0.0,0.0,0.0,0.0,0.0,0.0,0.0,0.0,0.0,0.0,0.0,0.0,326.7882347608572,326.7882347608572,326.7882347608572,0.0,0.0,0.0,82.57235539680038,82.57235539680038,82.57235539680038,99.53964739335915,99.53964739335915,99.53964739335915,144.67623197069767,144.67623197069767,144.67623197069767,0.0,0.0,0.0,2233.9156776915192
2022-05-16,1909.3192494912375,1906.0780676464205,2222.722268469871,1909.3192494912375,1909.3192494912375,0.0,0.0,0.0,0.0,0.0,0.0,0.0,0.0,0.0,0.0,0.0,0.0,0.0,0.0,0.0,0.0,0.0,0.0,0.0,0.0,0.0,0.0,0.0,0.0,0.0,0.0,0.0,0.0,0.0,0.0,0.0,0.0,0.0,0.0,0.0,0.0,0.0,0.0,0.0,0.0,0.0,0.0,0.0,0.0,0.0,0.0,0.0,0.0,145.13345334520088,145.13345334520088,145.13345334520088,0.0,0.0,0.0,64.90473781836297,64.90473781836297,64.90473781836297,-59.28245221748716,-59.28245221748716,-59.28245221748716,139.51116774432512,139.51116774432512,139.51116774432512,0.0,0.0,0.0,2054.452702836438
2022-05-17,1911.511056051813,1720.2299386130014,2045.406261398416,1911.511056051813,1911.511056051813,0.0,0.0,0.0,0.0,0.0,0.0,0.0,0.0,0.0,0.0,0.0,0.0,0.0,0.0,0.0,0.0,0.0,0.0,0.0,0.0,0.0,0.0,0.0,0.0,0.0,0.0,0.0,0.0,0.0,0.0,0.0,0.0,0.0,0.0,0.0,0.0,0.0,0.0,0.0,0.0,0.0,0.0,0.0,0.0,0.0,0.0,0.0,0.0,-25.646461557469184,-25.646461557469184,-25.646461557469184,0.0,0.0,0.0,43.07212387422952,43.07212387422952,43.07212387422952,-202.87489051711265,-202.87489051711265,-202.87489051711265,134.15630508541392,134.15630508541392,134.15630508541392,0.0,0.0,0.0,1885.864594494344
2022-05-18,1913.7028626123886,1701.7884790847584,2035.8989663673644,1913.7028626123886,1913.7028626123886,0.0,0.0,0.0,0.0,0.0,0.0,0.0,0.0,0.0,0.0,0.0,0.0,0.0,0.0,0.0,0.0,0.0,0.0,0.0,0.0,0.0,0.0,0.0,0.0,0.0,0.0,0.0,0.0,0.0,0.0,0.0,0.0,0.0,0.0,0.0,0.0,0.0,0.0,0.0,0.0,0.0,0.0,0.0,0.0,0.0,0.0,0.0,0.0,-41.29904522043441,-41.29904522043441,-41.29904522043441,0.0,0.0,0.0,11.86851334316658,11.86851334316658,11.86851334316658,-181.714475930613,-181.714475930613,-181.714475930613,128.54691736701199,128.54691736701199,128.54691736701199,0.0,0.0,0.0,1872.4038173919541
2022-05-19,1915.894669172964,1837.3512088757616,2154.177662995148,1915.894669172964,1915.894669172964,0.0,0.0,0.0,0.0,0.0,0.0,0.0,0.0,0.0,0.0,0.0,0.0,0.0,0.0,0.0,0.0,0.0,0.0,0.0,0.0,0.0,0.0,0.0,0.0,0.0,0.0,0.0,0.0,0.0,0.0,0.0,0.0,0.0,0.0,0.0,0.0,0.0,0.0,0.0,0.0,0.0,0.0,0.0,0.0,0.0,0.0,0.0,0.0,76.97257220766971,76.97257220766971,76.97257220766971,0.0,0.0,0.0,-28.776727607988796,-28.776727607988796,-28.776727607988796,-16.877812963784848,-16.877812963784848,-16.877812963784848,122.62711277944338,122.62711277944338,122.62711277944338,0.0,0.0,0.0,1992.867241380634
2022-05-20,1918.0864757335394,1955.4433711550498,2275.405754914573,1918.0864757335394,1918.0864757335394,0.0,0.0,0.0,0.0,0.0,0.0,0.0,0.0,0.0,0.0,0.0,0.0,0.0,0.0,0.0,0.0,0.0,0.0,0.0,0.0,0.0,0.0,0.0,0.0,0.0,0.0,0.0,0.0,0.0,0.0,0.0,0.0,0.0,0.0,0.0,0.0,0.0,0.0,0.0,0.0,0.0,0.0,0.0,0.0,0.0,0.0,0.0,0.0,195.6841825752224,195.6841825752224,195.6841825752224,0.0,0.0,0.0,-71.77608124493958,-71.77608124493958,-71.77608124493958,151.10859487145908,151.10859487145908,151.10859487145908,116.35166894870287,116.35166894870287,116.35166894870287,0.0,0.0,0.0,2113.770658308762
2022-05-21,1920.2782822941151,1969.7300335469563,2309.2152177041207,1920.2782822941151,1920.2782822941151,0.0,0.0,0.0,0.0,0.0,0.0,0.0,0.0,0.0,0.0,0.0,0.0,0.0,0.0,0.0,0.0,0.0,0.0,0.0,0.0,0.0,0.0,0.0,0.0,0.0,0.0,0.0,0.0,0.0,0.0,0.0,0.0,0.0,0.0,0.0,0.0,0.0,0.0,0.0,0.0,0.0,0.0,0.0,0.0,0.0,0.0,0.0,0.0,213.34277722367685,213.34277722367685,213.34277722367685,0.0,0.0,0.0,-106.44612442306345,-106.44612442306345,-106.44612442306345,210.10138936410806,210.10138936410806,210.10138936410806,109.68751228263221,109.68751228263221,109.68751228263221,0.0,0.0,0.0,2133.6210595177918
2022-05-22,1922.4700888546904,1819.5823459789665,2157.9597811476274,1922.4700888546904,1922.4700888546904,0.0,0.0,0.0,0.0,0.0,0.0,0.0,0.0,0.0,0.0,0.0,0.0,0.0,0.0,0.0,0.0,0.0,0.0,0.0,0.0,0.0,0.0,0.0,0.0,0.0,0.0,0.0,0.0,0.0,0.0,0.0,0.0,0.0,0.0,0.0,0.0,0.0,0.0,0.0,0.0,0.0,0.0,0.0,0.0,0.0,0.0,0.0,0.0,76.90892854610574,76.90892854610574,76.90892854610574,0.0,0.0,0.0,-125.24551716430449,-125.24551716430449,-125.24551716430449,99.53964739324866,99.53964739324866,99.53964739324866,102.61479831716156,102.61479831716156,102.61479831716156,0.0,0.0,0.0,1999.379017400796
2022-05-23,1924.6618954152661,1658.4306320533915,1993.7366985246126,1924.6618954152661,1924.6618954152661,0.0,0.0,0.0,0.0,0.0,0.0,0.0,0.0,0.0,0.0,0.0,0.0,0.0,0.0,0.0,0.0,0.0,0.0,0.0,0.0,0.0,0.0,0.0,0.0,0.0,0.0,0.0,0.0,0.0,0.0,0.0,0.0,0.0,0.0,0.0,0.0,0.0,0.0,0.0,0.0,0.0,0.0,0.0,0.0,0.0,0.0,0.0,0.0,-92.67149552442028,-92.67149552442028,-92.67149552442028,0.0,0.0,0.0,-128.51660501293924,-128.51660501293924,-128.51660501293924,-59.28245221689192,-59.28245221689192,-59.28245221689192,95.12756170541091,95.12756170541091,95.12756170541091,0.0,0.0,0.0,1831.9903998908458
2022-05-24,1926.8537019758417,1525.671389917765,1849.1927487717949,1926.8537019758417,1926.8537019758417,0.0,0.0,0.0,0.0,0.0,0.0,0.0,0.0,0.0,0.0,0.0,0.0,0.0,0.0,0.0,0.0,0.0,0.0,0.0,0.0,0.0,0.0,0.0,0.0,0.0,0.0,0.0,0.0,0.0,0.0,0.0,0.0,0.0,0.0,0.0,0.0,0.0,0.0,0.0,0.0,0.0,0.0,0.0,0.0,0.0,0.0,0.0,0.0,-239.21251208485782,-239.21251208485782,-239.21251208485782,0.0,0.0,0.0,-123.57153935193733,-123.57153935193733,-123.57153935193733,-202.87489051719703,-202.87489051719703,-202.87489051719703,87.23391778427657,87.23391778427657,87.23391778427657,0.0,0.0,0.0,1687.641189890984
2022-05-25,1929.0455085364172,1550.6656603992112,1867.24380740218,1929.0455085364172,1929.0455085364172,0.0,0.0,0.0,0.0,0.0,0.0,0.0,0.0,0.0,0.0,0.0,0.0,0.0,0.0,0.0,0.0,0.0,0.0,0.0,0.0,0.0,0.0,0.0,0.0,0.0,0.0,0.0,0.0,0.0,0.0,0.0,0.0,0.0,0.0,0.0,0.0,0.0,0.0,0.0,0.0,0.0,0.0,0.0,0.0,0.0,0.0,0.0,0.0,-221.75889072990853,-221.75889072990853,-221.75889072990853,0.0,0.0,0.0,-119.00022625871848,-119.00022625871848,-119.00022625871848,-181.71447593054782,-181.71447593054782,-181.71447593054782,78.95581145935776,78.95581145935776,78.95581145935776,0.0,0.0,0.0,1707.2866178065087
2022-05-26,1931.2373150969927,1701.1208808697645,2022.8966067914905,1931.2373150969927,1931.2373150969927,0.0,0.0,0.0,0.0,0.0,0.0,0.0,0.0,0.0,0.0,0.0,0.0,0.0,0.0,0.0,0.0,0.0,0.0,0.0,0.0,0.0,0.0,0.0,0.0,0.0,0.0,0.0,0.0,0.0,0.0,0.0,0.0,0.0,0.0,0.0,0.0,0.0,0.0,0.0,0.0,0.0,0.0,0.0,0.0,0.0,0.0,0.0,0.0,-65.31706401091496,-65.31706401091496,-65.31706401091496,0.0,0.0,0.0,-118.76757410150839,-118.76757410150839,-118.76757410150839,-16.87781296443209,-16.87781296443209,-16.87781296443209,70.32832305502549,70.32832305502549,70.32832305502549,0.0,0.0,0.0,1865.9202510860778
2022-05-27,1933.4291216575682,1865.4176841637052,2191.5264689792034,1933.4291216575682,1933.4291216575682,0.0,0.0,0.0,0.0,0.0,0.0,0.0,0.0,0.0,0.0,0.0,0.0,0.0,0.0,0.0,0.0,0.0,0.0,0.0,0.0,0.0,0.0,0.0,0.0,0.0,0.0,0.0,0.0,0.0,0.0,0.0,0.0,0.0,0.0,0.0,0.0,0.0,0.0,0.0,0.0,0.0,0.0,0.0,0.0,0.0,0.0,0.0,0.0,92.04413640903462,92.04413640903462,92.04413640903462,0.0,0.0,0.0,-120.4630128218141,-120.4630128218141,-120.4630128218141,151.10859487154238,151.10859487154238,151.10859487154238,61.39855435930633,61.39855435930633,61.39855435930633,0.0,0.0,0.0,2025.4732580666027
2022-05-28,1935.6209282181437,1912.676181060644,2230.3785676318653,1935.6209282181437,1935.6209282181437,0.0,0.0,0.0,0.0,0.0,0.0,0.0,0.0,0.0,0.0,0.0,0.0,0.0,0.0,0.0,0.0,0.0,0.0,0.0,0.0,0.0,0.0,0.0,0.0,0.0,0.0,0.0,0.0,0.0,0.0,0.0,0.0,0.0,0.0,0.0,0.0,0.0,0.0,0.0,0.0,0.0,0.0,0.0,0.0,0.0,0.0,0.0,0.0,143.94601141275749,143.94601141275749,143.94601141275749,0.0,0.0,0.0,-118.37950889545503,-118.37950889545503,-118.37950889545503,210.10138936411025,210.10138936411025,210.10138936411025,52.22413094410223,52.22413094410223,52.22413094410223,0.0,0.0,0.0,2079.5669396309013
2022-05-29,1937.8127347787192,1804.2781174020267,2123.2475795427495,1937.8127347787192,1937.8127347787192,0.0,0.0,0.0,0.0,0.0,0.0,0.0,0.0,0.0,0.0,0.0,0.0,0.0,0.0,0.0,0.0,0.0,0.0,0.0,0.0,0.0,0.0,0.0,0.0,0.0,0.0,0.0,0.0,0.0,0.0,0.0,0.0,0.0,0.0,0.0,0.0,0.0,0.0,0.0,0.0,0.0,0.0,0.0,0.0,0.0,0.0,0.0,0.0,34.12781364498932,34.12781364498932,34.12781364498932,0.0,0.0,0.0,-108.28320231883919,-108.28320231883919,-108.28320231883919,99.5396473937489,99.5396473937489,99.5396473937489,42.87136857007958,42.87136857007958,42.87136857007958,0.0,0.0,0.0,1971.9405484237086
2022-05-30,1940.0045413392943,1602.0322438759456,1937.2068940163826,1940.0045413392943,1940.0045413392943,0.0,0.0,0.0,0.0,0.0,0.0,0.0,0.0,0.0,0.0,0.0,0.0,0.0,0.0,0.0,0.0,0.0,0.0,0.0,0.0,0.0,0.0,0.0,0.0,0.0,0.0,0.0,-55.612599545519764,-55.612599545519764,-55.612599545519764,0.0,0.0,0.0,0.0,0.0,0.0,0.0,0.0,0.0,0.0,0.0,0.0,0.0,0.0,0.0,0.0,0.0,0.0,-171.45199931342805,-171.45199931342805,-171.45199931342805,-55.612599545519764,-55.612599545519764,-55.612599545519764,-89.97010929121481,-89.97010929121481,-89.97010929121481,-59.2824522170489,-59.2824522170489,-59.2824522170489,33.413161740355406,33.413161740355406,33.413161740355406,0.0,0.0,0.0,1768.5525420258662
2022-05-31,1942.1785883208465,1522.0995346766103,1861.1063685072168,1942.1785883208465,1942.1785883208465,0.0,0.0,0.0,0.0,0.0,0.0,0.0,0.0,0.0,0.0,0.0,0.0,0.0,0.0,0.0,0.0,0.0,0.0,0.0,0.0,0.0,0.0,0.0,0.0,0.0,0.0,0.0,0.0,0.0,0.0,0.0,0.0,0.0,0.0,0.0,0.0,0.0,0.0,0.0,0.0,0.0,0.0,0.0,0.0,0.0,0.0,0.0,0.0,-245.18654750521245,-245.18654750521245,-245.18654750521245,0.0,0.0,0.0,-66.23831792578967,-66.23831792578967,-66.23831792578967,-202.87489051728144,-202.87489051728144,-202.87489051728144,23.92666093785866,23.92666093785866,23.92666093785866,0.0,0.0,0.0,1696.992040815634
2022-06-01,1944.3526353023985,1570.8290784928304,1897.7952384167095,1944.3526353023985,1944.3526353023985,0.0,0.0,0.0,0.0,0.0,0.0,0.0,0.0,0.0,0.0,0.0,0.0,0.0,0.0,0.0,0.0,0.0,0.0,0.0,0.0,0.0,0.0,0.0,0.0,0.0,0.0,0.0,0.0,0.0,0.0,0.0,0.0,0.0,0.0,0.0,0.0,0.0,0.0,0.0,0.0,0.0,0.0,0.0,0.0,0.0,0.0,0.0,0.0,-207.32223107488315,-207.32223107488315,-207.32223107488315,0.0,0.0,0.0,-40.09856665564089,-40.09856665564089,-40.09856665564089,-181.71447593043268,-181.71447593043268,-181.71447593043268,14.490811511190408,14.490811511190408,14.490811511190408,0.0,0.0,0.0,1737.0304042275154
2022-06-02,1946.5266822839505,1757.757860628564,2074.215608739852,1946.5266822839505,1946.5266822839505,0.0,0.0,0.0,0.0,0.0,0.0,0.0,0.0,0.0,0.0,0.0,0.0,0.0,0.0,0.0,0.0,0.0,0.0,0.0,0.0,0.0,0.0,0.0,0.0,0.0,0.0,0.0,0.0,0.0,0.0,0.0,0.0,0.0,0.0,0.0,0.0,0.0,0.0,0.0,0.0,0.0,0.0,0.0,0.0,0.0,0.0,0.0,0.0,-24.7286709779888,-24.7286709779888,-24.7286709779888,0.0,0.0,0.0,-13.034689386271568,-13.034689386271568,-13.034689386271568,-16.87781296427483,-16.87781296427483,-16.87781296427483,5.183831372557598,5.183831372557598,5.183831372557598,0.0,0.0,0.0,1921.7980113059618
2022-06-03,1948.7007292655026,1953.5617649628718,2261.147559991292,1948.7007292655026,1948.7007292655026,0.0,0.0,0.0,0.0,0.0,0.0,0.0,0.0,0.0,0.0,0.0,0.0,0.0,0.0,0.0,0.0,0.0,0.0,0.0,0.0,0.0,0.0,0.0,0.0,0.0,0.0,0.0,0.0,0.0,0.0,0.0,0.0,0.0,0.0,0.0,0.0,0.0,0.0,0.0,0.0,0.0,0.0,0.0,0.0,0.0,0.0,0.0,0.0,161.76563409889943,161.76563409889943,161.76563409889943,0.0,0.0,0.0,14.576332718333212,14.576332718333212,14.576332718333212,151.1085948711571,151.1085948711571,151.1085948711571,-3.919293490590894,-3.919293490590894,-3.919293490590894,0.0,0.0,0.0,2110.466363364402
2022-06-04,1950.8747762470548,2029.7273135200267,2353.4363498199427,1950.8747762470548,1950.8747762470548,0.0,0.0,0.0,0.0,0.0,0.0,0.0,0.0,0.0,0.0,0.0,0.0,0.0,0.0,0.0,0.0,0.0,0.0,0.0,0.0,0.0,0.0,0.0,0.0,0.0,0.0,0.0,0.0,0.0,0.0,0.0,0.0,0.0,0.0,0.0,0.0,0.0,0.0,0.0,0.0,0.0,0.0,0.0,0.0,0.0,0.0,0.0,0.0,239.45768440574085,239.45768440574085,239.45768440574085,0.0,0.0,0.0,42.10551230440414,42.10551230440414,42.10551230440414,210.1013893640715,210.1013893640715,210.1013893640715,-12.749217262734822,-12.749217262734822,-12.749217262734822,0.0,0.0,0.0,2190.332460652796
2022-06-05,1953.0488232286068,1935.489931651737,2251.3485840462663,1953.0488232286068,1953.0488232286068,0.0,0.0,0.0,0.0,0.0,0.0,0.0,0.0,0.0,0.0,0.0,0.0,0.0,0.0,0.0,0.0,0.0,0.0,0.0,0.0,0.0,0.0,0.0,0.0,0.0,0.0,0.0,0.0,0.0,0.0,0.0,0.0,0.0,0.0,0.0,0.0,0.0,0.0,0.0,0.0,0.0,0.0,0.0,0.0,0.0,0.0,0.0,0.0,146.49461214658356,146.49461214658356,146.49461214658356,0.0,0.0,0.0,68.19943560333739,68.19943560333739,68.19943560333739,99.53964739364012,99.53964739364012,99.53964739364012,-21.244470850393995,-21.244470850393995,-21.244470850393995,0.0,0.0,0.0,2099.5434353751903
2022-06-06,1955.2228702101588,1811.6287026362563,2119.891902150765,1955.2228702101588,1955.2228702101588,0.0,0.0,0.0,0.0,0.0,0.0,0.0,0.0,0.0,0.0,0.0,0.0,0.0,0.0,0.0,0.0,0.0,0.0,0.0,0.0,0.0,0.0,0.0,0.0,0.0,0.0,0.0,0.0,0.0,0.0,0.0,0.0,0.0,0.0,0.0,0.0,0.0,0.0,0.0,0.0,0.0,0.0,0.0,0.0,0.0,0.0,0.0,0.0,2.937787459974935,2.937787459974935,2.937787459974935,0.0,0.0,0.0,91.57369623132284,91.57369623132284,91.57369623132284,-59.2824522171587,-59.2824522171587,-59.2824522171587,-29.353456554189215,-29.353456554189215,-29.353456554189215,0.0,0.0,0.0,1958.1606576701338
2022-06-07,1957.3969171917108,1669.6892008388527,1994.2744403963927,1957.3969171917108,1957.3969171917108,0.0,0.0,0.0,0.0,0.0,0.0,0.0,0.0,0.0,0.0,0.0,0.0,0.0,0.0,0.0,0.0,0.0,0.0,0.0,0.0,0.0,0.0,0.0,0.0,0.0,0.0,0.0,0.0,0.0,0.0,0.0,0.0,0.0,0.0,0.0,0.0,0.0,0.0,0.0,0.0,0.0,0.0,0.0,0.0,0.0,0.0,0.0,0.0,-128.12593572187464,-128.12593572187464,-128.12593572187464,0.0,0.0,0.0,111.78509289801828,111.78509289801828,111.78509289801828,-202.87489051732504,-202.87489051732504,-202.87489051732504,-37.036138102567826,-37.036138102567826,-37.036138102567826,0.0,0.0,0.0,1829.2709814698362
2022-06-08,1959.570964173263,1702.3194673803323,2028.6574301393034,1959.570964173263,1959.570964173263,0.0,0.0,0.0,0.0,0.0,0.0,0.0,0.0,0.0,0.0,0.0,0.0,0.0,0.0,0.0,0.0,0.0,0.0,0.0,0.0,0.0,0.0,0.0,0.0,0.0,0.0,0.0,0.0,0.0,0.0,0.0,0.0,0.0,0.0,0.0,0.0,0.0,0.0,0.0,0.0,0.0,0.0,0.0,0.0,0.0,0.0,0.0,0.0,-97.25415703667318,-97.25415703667318,-97.25415703667318,0.0,0.0,0.0,128.72569152101582,128.72569152101582,128.72569152101582,-181.71447593041736,-181.71447593041736,-181.71447593041736,-44.265372627271574,-44.265372627271574,-44.265372627271574,0.0,0.0,0.0,1862.31680713659
2022-06-09,1961.745011154815,1871.2355597758662,2196.144929155104,1961.745011154815,1961.745011154815,0.0,0.0,0.0,0.0,0.0,0.0,0.0,0.0,0.0,0.0,0.0,0.0,0.0,0.0,0.0,0.0,0.0,0.0,0.0,0.0,0.0,0.0,0.0,0.0,0.0,0.0,0.0,0.0,0.0,0.0,0.0,0.0,0.0,0.0,0.0,0.0,0.0,0.0,0.0,0.0,0.0,0.0,0.0,0.0,0.0,0.0,0.0,0.0,73.35033422663209,73.35033422663209,73.35033422663209,0.0,0.0,0.0,141.25598932784936,141.25598932784936,141.25598932784936,-16.87781296411757,-16.87781296411757,-16.87781296411757,-51.02784213709971,-51.02784213709971,-51.02784213709971,0.0,0.0,0.0,2035.0953453814473
2022-06-10,1963.919058136367,2045.154095908669,2370.078726955333,1963.919058136367,1963.919058136367,0.0,0.0,0.0,0.0,0.0,0.0,0.0,0.0,0.0,0.0,0.0,0.0,0.0,0.0,0.0,0.0,0.0,0.0,0.0,0.0,0.0,0.0,0.0,0.0,0.0,0.0,0.0,0.0,0.0,0.0,0.0,0.0,0.0,0.0,0.0,0.0,0.0,0.0,0.0,0.0,0.0,0.0,0.0,0.0,0.0,0.0,0.0,0.0,240.54874488282954,240.54874488282954,240.54874488282954,0.0,0.0,0.0,146.76470433916037,146.76470433916037,146.76470433916037,151.10859487120177,151.10859487120177,151.10859487120177,-57.32455432753263,-57.32455432753263,-57.32455432753263,0.0,0.0,0.0,2204.4678030191967
2022-06-11,1966.093105117919,2100.986242502213,2416.7451822655485,1966.093105117919,1966.093105117919,0.0,0.0,0.0,0.0,0.0,0.0,0.0,0.0,0.0,0.0,0.0,0.0,0.0,0.0,0.0,0.0,0.0,0.0,0.0,0.0,0.0,0.0,0.0,0.0,0.0,0.0,0.0,0.0,0.0,0.0,0.0,0.0,0.0,0.0,0.0,0.0,0.0,0.0,0.0,0.0,0.0,0.0,0.0,0.0,0.0,0.0,0.0,0.0,289.71289774551747,289.71289774551747,289.71289774551747,0.0,0.0,0.0,142.7824041566843,142.7824041566843,142.7824041566843,210.10138936403277,210.10138936403277,210.10138936403277,-63.170895775199554,-63.170895775199554,-63.170895775199554,0.0,0.0,0.0,2255.8060028634363
2022-06-12,1968.2671520994713,1971.7815534700503,2287.048679671531,1968.2671520994713,1968.2671520994713,0.0,0.0,0.0,0.0,0.0,0.0,0.0,0.0,0.0,0.0,0.0,0.0,0.0,0.0,0.0,0.0,0.0,0.0,0.0,0.0,0.0,0.0,0.0,0.0,0.0,0.0,0.0,0.0,0.0,0.0,0.0,0.0,0.0,0.0,0.0,0.0,0.0,0.0,0.0,0.0,0.0,0.0,0.0,0.0,0.0,0.0,0.0,0.0,160.47436771934298,160.47436771934298,160.47436771934298,0.0,0.0,0.0,129.53095463638766,129.53095463638766,129.53095463638766,99.5396473935279,99.5396473935279,99.5396473935279,-68.59623431057257,-68.59623431057257,-68.59623431057257,0.0,0.0,0.0,2128.741519818814
2022-06-13,1970.4411990810233,1790.451160638975,2103.4315494596713,1970.4411990810233,1970.4411990810233,0.0,0.0,0.0,0.0,0.0,0.0,0.0,0.0,0.0,0.0,0.0,0.0,0.0,0.0,0.0,0.0,0.0,0.0,0.0,0.0,0.0,0.0,0.0,0.0,0.0,0.0,0.0,0.0,0.0,0.0,0.0,0.0,0.0,0.0,0.0,0.0,0.0,0.0,0.0,0.0,0.0,0.0,0.0,0.0,0.0,0.0,0.0,0.0,-22.138831792483064,-22.138831792483064,-22.138831792483064,0.0,0.0,0.0,110.78670164321409,110.78670164321409,110.78670164321409,-59.282452217292104,-59.282452217292104,-59.282452217292104,-73.64308121840503,-73.64308121840503,-73.64308121840503,0.0,0.0,0.0,1948.3023672885404
2022-06-14,1972.6152460625751,1614.0056514795888,1956.8345303327314,1972.6152460625751,1972.6152460625751,0.0,0.0,0.0,0.0,0.0,0.0,0.0,0.0,0.0,0.0,0.0,0.0,0.0,0.0,0.0,0.0,0.0,0.0,0.0,0.0,0.0,0.0,0.0,0.0,0.0,0.0,0.0,0.0,0.0,0.0,0.0,0.0,0.0,0.0,0.0,0.0,0.0,0.0,0.0,0.0,0.0,0.0,0.0,0.0,0.0,0.0,0.0,0.0,-189.7097853649554,-189.7097853649554,-189.7097853649554,0.0,0.0,0.0,91.53094261920845,91.53094261920845,91.53094261920845,-202.87489051711813,-202.87489051711813,-202.87489051711813,-78.36583746704572,-78.36583746704572,-78.36583746704572,0.0,0.0,0.0,1782.9054606976197
2022-06-15,1974.7892930441276,1632.0880962132778,1950.846016190111,1974.7892930441276,1974.7892930441276,0.0,0.0,0.0,0.0,0.0,0.0,0.0,0.0,0.0,0.0,0.0,0.0,0.0,0.0,0.0,0.0,0.0,0.0,0.0,0.0,0.0,0.0,0.0,0.0,0.0,0.0,0.0,0.0,0.0,0.0,0.0,0.0,0.0,0.0,0.0,0.0,0.0,0.0,0.0,0.0,0.0,0.0,0.0,0.0,0.0,0.0,0.0,0.0,-190.66465396932634,-190.66465396932634,-190.66465396932634,0.0,0.0,0.0,73.87898296085352,73.87898296085352,73.87898296085352,-181.71447593030226,-181.71447593030226,-181.71447593030226,-82.82916099987764,-82.82916099987764,-82.82916099987764,0.0,0.0,0.0,1784.1246390748013
2022-06-16,1976.9633400256791,1757.9366444982911,2081.864250855913,1976.9633400256791,1976.9633400256791,0.0,0.0,0.0,0.0,0.0,0.0,0.0,0.0,0.0,0.0,0.0,0.0,0.0,0.0,0.0,0.0,0.0,0.0,0.0,0.0,0.0,0.0,0.0,0.0,0.0,0.0,0.0,0.0,0.0,0.0,0.0,0.0,0.0,0.0,0.0,0.0,0.0,0.0,0.0,0.0,0.0,0.0,0.0,0.0,0.0,0.0,0.0,0.0,-49.086884860162044,-49.086884860162044,-49.086884860162044,0.0,0.0,0.0,54.896931950767275,54.896931950767275,54.896931950767275,-16.877812963960313,-16.877812963960313,-16.877812963960313,-87.10600384696899,-87.10600384696899,-87.10600384696899,0.0,0.0,0.0,1927.8764551655172
2022-06-17,1979.1373870072316,1908.2052086211377,2225.118634436386,1979.1373870072316,1979.1373870072316,0.0,0.0,0.0,0.0,0.0,0.0,0.0,0.0,0.0,0.0,0.0,0.0,0.0,0.0,0.0,0.0,0.0,0.0,0.0,0.0,0.0,0.0,0.0,0.0,0.0,0.0,0.0,0.0,0.0,0.0,0.0,0.0,0.0,0.0,0.0,0.0,0.0,0.0,0.0,0.0,0.0,0.0,0.0,0.0,0.0,0.0,0.0,0.0,88.65000128607386,88.65000128607386,88.65000128607386,0.0,0.0,0.0,28.816784487820673,28.816784487820673,28.816784487820673,151.10859487132373,151.10859487132373,151.10859487132373,-91.27537807307058,-91.27537807307058,-91.27537807307058,0.0,0.0,0.0,2067.7873882933054
2022-06-18,1981.3114339887838,1928.3747400650575,2250.081062542873,1981.3114339887838,1981.3114339887838,0.0,0.0,0.0,0.0,0.0,0.0,0.0,0.0,0.0,0.0,0.0,0.0,0.0,0.0,0.0,0.0,0.0,0.0,0.0,0.0,0.0,0.0,0.0,0.0,0.0,0.0,0.0,0.0,0.0,0.0,0.0,0.0,0.0,0.0,0.0,0.0,0.0,0.0,0.0,0.0,0.0,0.0,0.0,0.0,0.0,0.0,0.0,0.0,107.11690115692112,107.11690115692112,107.11690115692112,0.0,0.0,0.0,-7.564570148749463,-7.564570148749463,-7.564570148749463,210.1013893640145,210.1013893640145,210.1013893640145,-95.41991805834391,-95.41991805834391,-95.41991805834391,0.0,0.0,0.0,2088.4283351457048
2022-06-19,1983.4854809703354,1655.5680079557258,1981.002191406472,1983.4854809703354,1983.4854809703354,0.0,0.0,0.0,0.0,0.0,0.0,0.0,0.0,0.0,0.0,0.0,0.0,0.0,0.0,0.0,-117.09663452419738,-117.09663452419738,-117.09663452419738,0.0,0.0,0.0,0.0,0.0,0.0,0.0,0.0,0.0,0.0,0.0,0.0,0.0,0.0,0.0,0.0,0.0,0.0,0.0,0.0,0.0,0.0,0.0,0.0,0.0,0.0,0.0,0.0,0.0,0.0,-167.8211040138131,-167.8211040138131,-167.8211040138131,-117.09663452419738,-117.09663452419738,-117.09663452419738,-50.64080383391305,-50.64080383391305,-50.64080383391305,99.53964739402812,99.53964739402812,99.53964739402812,-99.6233130497308,-99.6233130497308,-99.6233130497308,0.0,0.0,0.0,1815.6643769565223
2022-06-20,1985.6595279518879,1565.958277859654,1888.3258869181734,1985.6595279518879,1985.6595279518879,0.0,0.0,0.0,0.0,0.0,0.0,0.0,0.0,0.0,0.0,0.0,0.0,0.0,0.0,0.0,0.0,0.0,0.0,-3.7287644988310897,-3.7287644988310897,-3.7287644988310897,0.0,0.0,0.0,0.0,0.0,0.0,0.0,0.0,0.0,0.0,0.0,0.0,0.0,0.0,0.0,0.0,0.0,0.0,0.0,0.0,0.0,0.0,0.0,0.0,0.0,0.0,0.0,-257.75439965240435,-257.75439965240435,-257.75439965240435,-3.7287644988310897,-3.7287644988310897,-3.7287644988310897,-90.77549481102444,-90.77549481102444,-90.77549481102444,-59.28245221742548,-59.28245221742548,-59.28245221742548,-103.96768812512327,-103.96768812512327,-103.96768812512327,0.0,0.0,0.0,1727.9051282994835
2022-06-21,1987.8335749334399,1399.1166558766117,1723.981422831539,1987.8335749334399,1987.8335749334399,0.0,0.0,0.0,0.0,0.0,0.0,0.0,0.0,0.0,0.0,0.0,0.0,0.0,0.0,0.0,0.0,0.0,0.0,0.0,0.0,0.0,0.0,0.0,0.0,0.0,0.0,0.0,0.0,0.0,0.0,0.0,0.0,0.0,0.0,0.0,0.0,0.0,0.0,0.0,0.0,0.0,0.0,0.0,0.0,0.0,0.0,0.0,0.0,-429.41913391219333,-429.41913391219333,-429.41913391219333,0.0,0.0,0.0,-118.01322984613962,-118.01322984613962,-118.01322984613962,-202.87489051712097,-202.87489051712097,-202.87489051712097,-108.53101354893275,-108.53101354893275,-108.53101354893275,0.0,0.0,0.0,1558.4144410212466
2022-06-22,1990.0076219149917,1403.766264217375,1721.2331755024884,1990.0076219149917,1990.0076219149917,0.0,0.0,0.0,0.0,0.0,0.0,0.0,0.0,0.0,0.0,0.0,0.0,0.0,0.0,0.0,0.0,0.0,0.0,0.0,0.0,0.0,0.0,0.0,0.0,0.0,0.0,0.0,0.0,0.0,0.0,0.0,0.0,0.0,0.0,0.0,0.0,0.0,0.0,0.0,0.0,0.0,0.0,0.0,0.0,0.0,0.0,0.0,0.0,-423.5752693846773,-423.5752693846773,-423.5752693846773,0.0,0.0,0.0,-128.4761715477437,-128.4761715477437,-128.4761715477437,-181.7144759307087,-181.7144759307087,-181.7144759307087,-113.384621906225,-113.384621906225,-113.384621906225,0.0,0.0,0.0,1566.4323525303143
2022-06-23,1992.1816688965441,1560.090326746031,1896.7497474363472,1992.1816688965441,1992.1816688965441,0.0,0.0,0.0,0.0,0.0,0.0,0.0,0.0,0.0,0.0,0.0,0.0,0.0,0.0,0.0,0.0,0.0,0.0,0.0,0.0,0.0,0.0,0.0,0.0,0.0,0.0,0.0,0.0,0.0,0.0,0.0,0.0,0.0,0.0,0.0,0.0,0.0,0.0,0.0,0.0,0.0,0.0,0.0,0.0,0.0,0.0,0.0,0.0,-261.9514372109179,-261.9514372109179,-261.9514372109179,0.0,0.0,0.0,-126.48271484953975,-126.48271484953975,-126.48271484953975,-16.87781296385218,-16.87781296385218,-16.87781296385218,-118.59090939752598,-118.59090939752598,-118.59090939752598,0.0,0.0,0.0,1730.2302316856262
2022-06-24,1994.3557158780961,1746.9163297345872,2069.401187617919,1994.3557158780961,1994.3557158780961,0.0,0.0,0.0,0.0,0.0,0.0,0.0,0.0,0.0,0.0,0.0,0.0,0.0,0.0,0.0,0.0,0.0,0.0,0.0,0.0,0.0,0.0,0.0,0.0,0.0,0.0,0.0,0.0,0.0,0.0,0.0,0.0,0.0,0.0,0.0,0.0,0.0,0.0,0.0,0.0,0.0,0.0,0.0,0.0,0.0,0.0,0.0,0.0,-93.92821696262119,-93.92821696262119,-93.92821696262119,0.0,0.0,0.0,-120.83551949207612,-120.83551949207612,-120.83551949207612,151.108594871407,151.108594871407,151.108594871407,-124.20129234195208,-124.20129234195208,-124.20129234195208,0.0,0.0,0.0,1900.4274989154749
2022-06-25,1996.529762859648,1792.7428533537877,2129.564464235785,1996.529762859648,1996.529762859648,0.0,0.0,0.0,0.0,0.0,0.0,0.0,0.0,0.0,0.0,0.0,0.0,0.0,0.0,0.0,0.0,0.0,0.0,0.0,0.0,0.0,0.0,0.0,0.0,0.0,0.0,0.0,0.0,0.0,0.0,0.0,0.0,0.0,0.0,0.0,0.0,0.0,0.0,0.0,0.0,0.0,0.0,0.0,0.0,0.0,0.0,0.0,0.0,-38.51310902852371,-38.51310902852371,-38.51310902852371,0.0,0.0,0.0,-118.36001595907896,-118.36001595907896,-118.36001595907896,210.10138936410203,210.10138936410203,210.10138936410203,-130.2544824335467,-130.2544824335467,-130.2544824335467,0.0,0.0,0.0,1958.0166538311241
2022-06-26,1998.7038098412,1688.244136504888,2012.5080821517108,1998.7038098412,1998.7038098412,0.0,0.0,0.0,0.0,0.0,0.0,0.0,0.0,0.0,0.0,0.0,0.0,0.0,0.0,0.0,0.0,0.0,0.0,0.0,0.0,0.0,0.0,0.0,0.0,0.0,0.0,0.0,0.0,0.0,0.0,0.0,0.0,0.0,0.0,0.0,0.0,0.0,0.0,0.0,0.0,0.0,0.0,0.0,0.0,0.0,0.0,0.0,0.0,-156.9476968938304,-156.9476968938304,-156.9476968938304,0.0,0.0,0.0,-119.71220944512521,-119.71220944512521,-119.71220944512521,99.53964739391589,99.53964739391589,99.53964739391589,-136.7751348426211,-136.7751348426211,-136.7751348426211,0.0,0.0,0.0,1841.7561129473695
2022-06-27,2000.877856822752,1516.0571571999044,1834.7636738057179,2000.877856822752,2000.877856822752,0.0,0.0,0.0,0.0,0.0,0.0,0.0,0.0,0.0,0.0,0.0,0.0,0.0,0.0,0.0,0.0,0.0,0.0,0.0,0.0,0.0,0.0,0.0,0.0,0.0,0.0,0.0,0.0,0.0,0.0,0.0,0.0,0.0,0.0,0.0,0.0,0.0,0.0,0.0,0.0,0.0,0.0,0.0,0.0,0.0,0.0,0.0,0.0,-323.2961581140932,-323.2961581140932,-323.2961581140932,0.0,0.0,0.0,-120.2407937605378,-120.2407937605378,-120.2407937605378,-59.282452217558856,-59.282452217558856,-59.282452217558856,-143.77291213599656,-143.77291213599656,-143.77291213599656,0.0,0.0,0.0,1677.5816987086587
2022-06-28,2003.0519038043044,1378.5203165014516,1688.8645350372537,2003.0519038043044,2003.0519038043044,0.0,0.0,0.0,0.0,0.0,0.0,0.0,0.0,0.0,0.0,0.0,0.0,0.0,0.0,0.0,0.0,0.0,0.0,0.0,0.0,0.0,0.0,0.0,0.0,0.0,0.0,0.0,0.0,0.0,0.0,0.0,0.0,0.0,0.0,0.0,0.0,0.0,0.0,0.0,0.0,0.0,0.0,0.0,0.0,0.0,0.0,0.0,0.0,-468.56078042699926,-468.56078042699926,-468.56078042699926,0.0,0.0,0.0,-114.44389537142618,-114.44389537142618,-114.44389537142618,-202.87489051720533,-202.87489051720533,-202.87489051720533,-151.24199453836775,-151.24199453836775,-151.24199453836775,0.0,0.0,0.0,1534.491123377305
2022-06-29,2005.2259507858562,1407.0545108650547,1709.4989123355344,2005.2259507858562,2005.2259507858562,0.0,0.0,0.0,0.0,0.0,0.0,0.0,0.0,0.0,0.0,0.0,0.0,0.0,0.0,0.0,0.0,0.0,0.0,0.0,0.0,0.0,0.0,0.0,0.0,0.0,0.0,0.0,0.0,0.0,0.0,0.0,0.0,0.0,0.0,0.0,0.0,0.0,0.0,0.0,0.0,0.0,0.0,0.0,0.0,0.0,0.0,0.0,0.0,-440.8931651796599,-440.8931651796599,-440.8931651796599,0.0,0.0,0.0,-100.01763560362448,-100.01763560362448,-100.01763560362448,-181.71447593059355,-181.71447593059355,-181.71447593059355,-159.16105364544194,-159.16105364544194,-159.16105364544194,0.0,0.0,0.0,1564.3327856061962
2022-06-30,2007.3999977674082,1589.805369810554,1913.126745613567,2007.3999977674082,2007.3999977674082,0.0,0.0,0.0,0.0,0.0,0.0,0.0,0.0,0.0,0.0,0.0,0.0,0.0,0.0,0.0,0.0,0.0,0.0,0.0,0.0,0.0,0.0,0.0,0.0,0.0,0.0,0.0,0.0,0.0,0.0,0.0,0.0,0.0,0.0,0.0,0.0,0.0,0.0,0.0,0.0,0.0,0.0,0.0,0.0,0.0,0.0,0.0,0.0,-262.93879974429314,-262.93879974429314,-262.93879974429314,0.0,0.0,0.0,-78.56729404791948,-78.56729404791948,-78.56729404791948,-16.877812964499423,-16.877812964499423,-16.877812964499423,-167.49369273187423,-167.49369273187423,-167.49369273187423,0.0,0.0,0.0,1744.461198023115
2022-07-01,2009.5740447489607,1774.5405709421914,2101.5229727818696,2009.5740447489607,2009.5740447489607,0.0,0.0,0.0,0.0,0.0,0.0,0.0,0.0,0.0,0.0,0.0,0.0,0.0,0.0,0.0,0.0,0.0,0.0,0.0,0.0,0.0,0.0,0.0,0.0,0.0,0.0,0.0,0.0,0.0,0.0,0.0,0.0,0.0,0.0,0.0,0.0,0.0,0.0,0.0,0.0,0.0,0.0,0.0,0.0,0.0,0.0,0.0,0.0,-78.4170413538492,-78.4170413538492,-78.4170413538492,0.0,0.0,0.0,-53.336293533024374,-53.336293533024374,-53.336293533024374,151.1085948714903,151.1085948714903,151.1085948714903,-176.1893426923152,-176.1893426923152,-176.1893426923152,0.0,0.0,0.0,1931.1570033951114
2022-07-02,2011.7480917305122,1848.3262914297097,2158.68546514364,2011.7480917305122,2011.7480917305122,0.0,0.0,0.0,0.0,0.0,0.0,0.0,0.0,0.0,0.0,0.0,0.0,0.0,0.0,0.0,0.0,0.0,0.0,0.0,0.0,0.0,0.0,0.0,0.0,0.0,0.0,0.0,0.0,0.0,0.0,0.0,0.0,0.0,0.0,0.0,0.0,0.0,0.0,0.0,0.0,0.0,0.0,0.0,0.0,0.0,0.0,0.0,0.0,-1.7323388656166434,-1.7323388656166434,-1.7323388656166434,0.0,0.0,0.0,-26.649139388510026,-26.649139388510026,-26.649139388510026,210.10138936410422,210.10138936410422,210.10138936410422,-185.18458884121088,-185.18458884121088,-185.18458884121088,0.0,0.0,0.0,2010.0157528648956
2022-07-03,2013.9221387120645,1752.2560320416178,2086.6338536756493,2013.9221387120645,2013.9221387120645,0.0,0.0,0.0,0.0,0.0,0.0,0.0,0.0,0.0,0.0,0.0,0.0,0.0,0.0,0.0,0.0,0.0,0.0,0.0,0.0,0.0,0.0,0.0,0.0,0.0,0.0,0.0,0.0,0.0,0.0,0.0,0.0,0.0,0.0,0.0,0.0,0.0,0.0,0.0,0.0,0.0,0.0,0.0,0.0,0.0,0.0,0.0,0.0,-94.1424624531028,-94.1424624531028,-94.1424624531028,0.0,0.0,0.0,0.722780842880607,0.722780842880607,0.722780842880607,99.53964739380713,99.53964739380713,99.53964739380713,-194.40489068979056,-194.40489068979056,-194.40489068979056,0.0,0.0,0.0,1919.7796762589617
2022-07-04,2016.096185693617,1612.5872680320044,1923.067629287073,2016.096185693617,2016.096185693617,0.0,0.0,0.0,0.0,0.0,0.0,0.0,0.0,0.0,-14.09509711147287,-14.09509711147287,-14.09509711147287,0.0,0.0,0.0,0.0,0.0,0.0,0.0,0.0,0.0,0.0,0.0,0.0,0.0,0.0,0.0,0.0,0.0,0.0,0.0,0.0,0.0,0.0,0.0,0.0,0.0,0.0,0.0,0.0,0.0,0.0,0.0,0.0,0.0,0.0,0.0,0.0,-248.72034180602284,-248.72034180602284,-248.72034180602284,-14.09509711147287,-14.09509711147287,-14.09509711147287,28.423852341733134,28.423852341733134,28.423852341733134,-59.282452217668656,-59.282452217668656,-59.282452217668656,-203.7666448186144,-203.7666448186144,-203.7666448186144,0.0,0.0,0.0,1767.375843887594
2022-07-05,2018.2702326751685,1499.3057858080867,1818.8613859263398,2018.2702326751685,2018.2702326751685,0.0,0.0,0.0,0.0,0.0,0.0,0.0,0.0,0.0,0.0,0.0,0.0,0.0,0.0,0.0,0.0,0.0,0.0,0.0,0.0,0.0,0.0,0.0,0.0,0.0,0.0,0.0,0.0,0.0,0.0,0.0,0.0,0.0,0.0,0.0,0.0,0.0,0.0,0.0,0.0,0.0,0.0,0.0,0.0,0.0,0.0,0.0,0.0,-360.62719548774203,-360.62719548774203,-360.62719548774203,0.0,0.0,0.0,55.42722546230384,55.42722546230384,55.42722546230384,-202.87489051724896,-202.87489051724896,-202.87489051724896,-213.17953043279692,-213.17953043279692,-213.17953043279692,0.0,0.0,0.0,1657.6430371874264
2022-07-06,2020.4442796567207,1537.2111968579334,1860.2779604864552,2020.4442796567207,2020.4442796567207,0.0,0.0,0.0,0.0,0.0,0.0,0.0,0.0,0.0,0.0,0.0,0.0,0.0,0.0,0.0,0.0,0.0,0.0,0.0,0.0,0.0,0.0,0.0,0.0,0.0,0.0,0.0,0.0,0.0,0.0,0.0,0.0,0.0,0.0,0.0,0.0,0.0,0.0,0.0,0.0,0.0,0.0,0.0,0.0,0.0,0.0,0.0,0.0,-323.9880960797869,-323.9880960797869,-323.9880960797869,0.0,0.0,0.0,80.27544829877017,80.27544829877017,80.27544829877017,-181.71447593047844,-181.71447593047844,-181.71447593047844,-222.54906844807866,-222.54906844807866,-222.54906844807866,0.0,0.0,0.0,1696.4561835769339
2022-07-07,2022.6183266382727,1716.880992719494,2039.671543061426,2022.6183266382727,2022.6183266382727,0.0,0.0,0.0,0.0,0.0,0.0,0.0,0.0,0.0,0.0,0.0,0.0,0.0,0.0,0.0,0.0,0.0,0.0,0.0,0.0,0.0,0.0,0.0,0.0,0.0,0.0,0.0,0.0,0.0,0.0,0.0,0.0,0.0,0.0,0.0,0.0,0.0,0.0,0.0,0.0,0.0,0.0,0.0,0.0,0.0,0.0,0.0,0.0,-146.5833581658911,-146.5833581658911,-146.5833581658911,0.0,0.0,0.0,102.07377307511655,102.07377307511655,102.07377307511655,-16.877812964391286,-16.877812964391286,-16.877812964391286,-231.77931827661635,-231.77931827661635,-231.77931827661635,0.0,0.0,0.0,1876.0349684723817
2022-07-08,2024.7923736198247,1896.6135574710245,2217.2345324168573,2024.7923736198247,2024.7923736198247,0.0,0.0,0.0,0.0,0.0,0.0,0.0,0.0,0.0,0.0,0.0,0.0,0.0,0.0,0.0,0.0,0.0,0.0,0.0,0.0,0.0,0.0,0.0,0.0,0.0,0.0,0.0,0.0,0.0,0.0,0.0,0.0,0.0,0.0,0.0,0.0,0.0,0.0,0.0,0.0,0.0,0.0,0.0,0.0,0.0,0.0,0.0,0.0,31.029832748458922,31.029832748458922,31.029832748458922,0.0,0.0,0.0,120.69686994448006,120.69686994448006,120.69686994448006,151.10859487157362,151.10859487157362,151.10859487157362,-240.77563206759476,-240.77563206759476,-240.77563206759476,0.0,0.0,0.0,2055.822206368284
2022-07-09,2026.9664206013772,1963.0513168682521,2293.859142671829,2026.9664206013772,2026.9664206013772,0.0,0.0,0.0,0.0,0.0,0.0,0.0,0.0,0.0,0.0,0.0,0.0,0.0,0.0,0.0,0.0,0.0,0.0,0.0,0.0,0.0,0.0,0.0,0.0,0.0,0.0,0.0,0.0,0.0,0.0,0.0,0.0,0.0,0.0,0.0,0.0,0.0,0.0,0.0,0.0,0.0,0.0,0.0,0.0,0.0,0.0,0.0,0.0,96.33378974091862,96.33378974091862,96.33378974091862,0.0,0.0,0.0,135.67978452797718,135.67978452797718,135.67978452797718,210.10138936408592,210.10138936408592,210.10138936408592,-249.4473841511446,-249.4473841511446,-249.4473841511446,0.0,0.0,0.0,2123.300210342296
2022-07-10,2029.1404675829287,1854.2995940835792,2165.266944352316,2029.1404675829287,2029.1404675829287,0.0,0.0,0.0,0.0,0.0,0.0,0.0,0.0,0.0,0.0,0.0,0.0,0.0,0.0,0.0,0.0,0.0,0.0,0.0,0.0,0.0,0.0,0.0,0.0,0.0,0.0,0.0,0.0,0.0,0.0,0.0,0.0,0.0,0.0,0.0,0.0,0.0,0.0,0.0,0.0,0.0,0.0,0.0,0.0,0.0,0.0,0.0,0.0,-13.093952309020652,-13.093952309020652,-13.093952309020652,0.0,0.0,0.0,145.0769941952849,145.0769941952849,145.0769941952849,99.5396473936949,99.5396473936949,99.5396473936949,-257.7105938980004,-257.7105938980004,-257.7105938980004,0.0,0.0,0.0,2016.0465152739082
2022-07-11,2031.314514564481,1682.9124390098175,2017.1170981358,2031.314514564481,2031.314514564481,0.0,0.0,0.0,0.0,0.0,0.0,0.0,0.0,0.0,0.0,0.0,0.0,0.0,0.0,0.0,0.0,0.0,0.0,0.0,0.0,0.0,0.0,0.0,0.0,0.0,0.0,0.0,0.0,0.0,0.0,0.0,0.0,0.0,0.0,0.0,0.0,0.0,0.0,0.0,0.0,0.0,0.0,0.0,0.0,0.0,0.0,0.0,0.0,-178.73887459942813,-178.73887459942813,-178.73887459942813,0.0,0.0,0.0,146.03394075445752,146.03394075445752,146.03394075445752,-59.282452217096996,-59.282452217096996,-59.282452217096996,-265.49036313678863,-265.49036313678863,-265.49036313678863,0.0,0.0,0.0,1852.575639965053
2022-07-12,2033.4885496938555,1527.1925970763732,1845.204016006939,2033.4885496938555,2033.4885496938555,0.0,0.0,0.0,0.0,0.0,0.0,0.0,0.0,0.0,0.0,0.0,0.0,0.0,0.0,0.0,0.0,0.0,0.0,0.0,0.0,0.0,0.0,0.0,0.0,0.0,0.0,0.0,0.0,0.0,0.0,0.0,0.0,0.0,0.0,0.0,0.0,0.0,0.0,0.0,0.0,0.0,0.0,0.0,0.0,0.0,0.0,0.0,0.0,-338.44728275828317,-338.44728275828317,-338.44728275828317,0.0,0.0,0.0,137.15066234292527,137.15066234292527,137.15066234292527,-202.87489051729256,-202.87489051729256,-202.87489051729256,-272.7230545839159,-272.7230545839159,-272.7230545839159,0.0,0.0,0.0,1695.0412669355724
2022-07-13,2035.6625848232295,1544.4610773533625,1852.398992684117,2035.6625848232295,2035.6625848232295,0.0,0.0,0.0,0.0,0.0,0.0,0.0,0.0,0.0,0.0,0.0,0.0,0.0,0.0,0.0,0.0,0.0,0.0,0.0,0.0,0.0,0.0,0.0,0.0,0.0,0.0,0.0,0.0,0.0,0.0,0.0,0.0,0.0,0.0,0.0,0.0,0.0,0.0,0.0,0.0,0.0,0.0,0.0,0.0,0.0,0.0,0.0,0.0,-340.55756472167604,-340.55756472167604,-340.55756472167604,0.0,0.0,0.0,120.5150564917651,120.5150564917651,120.5150564917651,-181.71447593046312,-181.71447593046312,-181.71447593046312,-279.358145282978,-279.358145282978,-279.358145282978,0.0,0.0,0.0,1695.1050201015535
2022-07-14,2037.8366199526038,1670.3820762358723,1993.734978189263,2037.8366199526038,2037.8366199526038,0.0,0.0,0.0,0.0,0.0,0.0,0.0,0.0,0.0,0.0,0.0,0.0,0.0,0.0,0.0,0.0,0.0,0.0,0.0,0.0,0.0,0.0,0.0,0.0,0.0,0.0,0.0,0.0,0.0,0.0,0.0,0.0,0.0,0.0,0.0,0.0,0.0,0.0,0.0,0.0,0.0,0.0,0.0,0.0,0.0,0.0,0.0,0.0,-201.2582035759159,-201.2582035759159,-201.2582035759159,0.0,0.0,0.0,100.97930799021513,100.97930799021513,100.97930799021513,-16.8778129641849,-16.8778129641849,-16.8778129641849,-285.35969860194615,-285.35969860194615,-285.35969860194615,0.0,0.0,0.0,1836.578416376688
2022-07-15,2040.0106550819778,1819.6393966113199,2153.5826393961866,2040.0106550819778,2040.0106550819778,0.0,0.0,0.0,0.0,0.0,0.0,0.0,0.0,0.0,0.0,0.0,0.0,0.0,0.0,0.0,0.0,0.0,0.0,0.0,0.0,0.0,0.0,0.0,0.0,0.0,0.0,0.0,0.0,0.0,0.0,0.0,0.0,0.0,0.0,0.0,0.0,0.0,0.0,0.0,0.0,0.0,0.0,0.0,0.0,0.0,0.0,0.0,0.0,-57.02645934517632,-57.02645934517632,-57.02645934517632,0.0,0.0,0.0,82.57235539680686,82.57235539680686,82.57235539680686,151.10859487169552,151.10859487169552,151.10859487169552,-290.70740961367864,-290.70740961367864,-290.70740961367864,0.0,0.0,0.0,1982.9841957368014
2022-07-16,2042.1846902113518,1848.9758278875906,2186.296770980561,2042.1846902113518,2042.1846902113518,0.0,0.0,0.0,0.0,0.0,0.0,0.0,0.0,0.0,0.0,0.0,0.0,0.0,0.0,0.0,0.0,0.0,0.0,0.0,0.0,0.0,0.0,0.0,0.0,0.0,0.0,0.0,0.0,0.0,0.0,0.0,0.0,0.0,0.0,0.0,0.0,0.0,0.0,0.0,0.0,0.0,0.0,0.0,0.0,0.0,0.0,0.0,0.0,-20.39106417324114,-20.39106417324114,-20.39106417324114,0.0,0.0,0.0,64.90473781831312,64.90473781831312,64.90473781831312,210.10138936419398,210.10138936419398,210.10138936419398,-295.39719135574825,-295.39719135574825,-295.39719135574825,0.0,0.0,0.0,2021.7936260381107
2022-07-17,2044.3587253407259,1729.5332418736775,2039.2148310218165,2044.3587253407259,2044.3587253407259,0.0,0.0,0.0,0.0,0.0,0.0,0.0,0.0,0.0,0.0,0.0,0.0,0.0,0.0,0.0,0.0,0.0,0.0,0.0,0.0,0.0,0.0,0.0,0.0,0.0,0.0,0.0,0.0,0.0,0.0,0.0,0.0,0.0,0.0,0.0,0.0,0.0,0.0,0.0,0.0,0.0,0.0,0.0,0.0,0.0,0.0,0.0,0.0,-156.82951188132748,-156.82951188132748,-156.82951188132748,0.0,0.0,0.0,43.07212387424417,43.07212387424417,43.07212387424417,99.53964739358268,99.53964739358268,99.53964739358268,-299.4412831491543,-299.4412831491543,-299.4412831491543,0.0,0.0,0.0,1887.5292134593983
2022-07-18,2046.5327604701,1539.5179832521542,1849.704956790728,2046.5327604701,2046.5327604701,0.0,0.0,0.0,0.0,0.0,0.0,0.0,0.0,0.0,0.0,0.0,0.0,0.0,0.0,0.0,0.0,0.0,0.0,0.0,0.0,0.0,0.0,0.0,0.0,0.0,0.0,0.0,0.0,0.0,0.0,0.0,0.0,0.0,0.0,0.0,0.0,0.0,0.0,0.0,0.0,0.0,0.0,0.0,0.0,0.0,0.0,0.0,0.0,-350.2818153204308,-350.2818153204308,-350.2818153204308,0.0,0.0,0.0,11.86851334317337,11.86851334317337,11.86851334317337,-59.28245221720681,-59.28245221720681,-59.28245221720681,-302.86787644639736,-302.86787644639736,-302.86787644639736,0.0,0.0,0.0,1696.2509451496692
2022-07-19,2048.7067955994744,1351.340540519871,1669.3863268079535,2048.7067955994744,2048.7067955994744,0.0,0.0,0.0,0.0,0.0,0.0,0.0,0.0,0.0,0.0,0.0,0.0,0.0,0.0,0.0,0.0,0.0,0.0,0.0,0.0,0.0,0.0,0.0,0.0,0.0,0.0,0.0,0.0,0.0,0.0,0.0,0.0,0.0,0.0,0.0,0.0,0.0,0.0,0.0,0.0,0.0,0.0,0.0,0.0,0.0,0.0,0.0,0.0,-537.371886271442,-537.371886271442,-537.371886271442,0.0,0.0,0.0,-28.77672760790227,-28.77672760790227,-28.77672760790227,-202.87489051704486,-202.87489051704486,-202.87489051704486,-305.7202681464949,-305.7202681464949,-305.7202681464949,0.0,0.0,0.0,1511.3349093280324
2022-07-20,2050.880830728848,1324.8060108389782,1642.7575584710662,2050.880830728848,2050.880830728848,0.0,0.0,0.0,0.0,0.0,0.0,0.0,0.0,0.0,0.0,0.0,0.0,0.0,0.0,0.0,0.0,0.0,0.0,0.0,0.0,0.0,0.0,0.0,0.0,0.0,0.0,0.0,0.0,0.0,0.0,0.0,0.0,0.0,0.0,0.0,0.0,0.0,0.0,0.0,0.0,0.0,0.0,0.0,0.0,0.0,0.0,0.0,0.0,-561.546122701146,-561.546122701146,-561.546122701146,0.0,0.0,0.0,-71.77608124493229,-71.77608124493229,-71.77608124493229,-181.714475930348,-181.714475930348,-181.714475930348,-308.0555655258659,-308.0555655258659,-308.0555655258659,0.0,0.0,0.0,1489.3347080277022
2022-07-21,2053.0548658582225,1458.2184237927643,1780.6387270217642,2053.0548658582225,2053.0548658582225,0.0,0.0,0.0,0.0,0.0,0.0,0.0,0.0,0.0,0.0,0.0,0.0,0.0,0.0,0.0,0.0,0.0,0.0,0.0,0.0,0.0,0.0,0.0,0.0,0.0,0.0,0.0,0.0,0.0,0.0,0.0,0.0,0.0,0.0,0.0,0.0,0.0,0.0,0.0,0.0,0.0,0.0,0.0,0.0,0.0,0.0,0.0,0.0,-433.266917845701,-433.266917845701,-433.266917845701,0.0,0.0,0.0,-106.44612442305532,-106.44612442305532,-106.44612442305532,-16.87781296407677,-16.87781296407677,-16.87781296407677,-309.9429804585689,-309.9429804585689,-309.9429804585689,0.0,0.0,0.0,1619.7879480125214
2022-07-22,2055.2289009875967,1604.9162501444464,1935.0874916903476,2055.2289009875967,2055.2289009875967,0.0,0.0,0.0,0.0,0.0,0.0,0.0,0.0,0.0,0.0,0.0,0.0,0.0,0.0,0.0,0.0,0.0,0.0,0.0,0.0,0.0,0.0,0.0,0.0,0.0,0.0,0.0,0.0,0.0,0.0,0.0,0.0,0.0,0.0,0.0,0.0,0.0,0.0,0.0,0.0,0.0,0.0,0.0,0.0,0.0,0.0,0.0,0.0,-285.5986853247281,-285.5986853247281,-285.5986853247281,0.0,0.0,0.0,-125.24551716433405,-125.24551716433405,-125.24551716433405,151.10859487127163,151.10859487127163,151.10859487127163,-311.4617630316657,-311.4617630316657,-311.4617630316657,0.0,0.0,0.0,1769.6302156628685
2022-07-23,2057.4029361169705,1655.0421522137947,1989.6739974298473,2057.4029361169705,2057.4029361169705,0.0,0.0,0.0,0.0,0.0,0.0,0.0,0.0,0.0,0.0,0.0,0.0,0.0,0.0,0.0,0.0,0.0,0.0,0.0,0.0,0.0,0.0,0.0,0.0,0.0,0.0,0.0,0.0,0.0,0.0,0.0,0.0,0.0,0.0,0.0,0.0,0.0,0.0,0.0,0.0,0.0,0.0,0.0,0.0,0.0,0.0,0.0,0.0,-231.11405126997158,-231.11405126997158,-231.11405126997158,0.0,0.0,0.0,-128.51660501293847,-128.51660501293847,-128.51660501293847,210.10138936415524,210.10138936415524,210.10138936415524,-312.69883562118844,-312.69883562118844,-312.69883562118844,0.0,0.0,0.0,1826.2888848469988
2022-07-24,2059.576971246345,1552.4691658512052,1878.379531817758,2059.576971246345,2059.576971246345,0.0,0.0,0.0,0.0,0.0,0.0,0.0,0.0,0.0,0.0,0.0,0.0,0.0,0.0,0.0,0.0,0.0,0.0,0.0,0.0,0.0,0.0,0.0,0.0,0.0,0.0,0.0,0.0,0.0,0.0,0.0,0.0,0.0,0.0,0.0,0.0,0.0,0.0,0.0,0.0,0.0,0.0,0.0,0.0,0.0,0.0,0.0,0.0,-337.77808960843106,-337.77808960843106,-337.77808960843106,0.0,0.0,0.0,-123.57153935194943,-123.57153935194943,-123.57153935194943,99.5396473934739,99.5396473934739,99.5396473934739,-313.74619764995555,-313.74619764995555,-313.74619764995555,0.0,0.0,0.0,1721.7988816379138
2022-07-25,2061.7510063757186,1392.994968390989,1722.9047128174013,2061.7510063757186,2061.7510063757186,0.0,0.0,0.0,0.0,0.0,0.0,0.0,0.0,0.0,0.0,0.0,0.0,0.0,0.0,0.0,0.0,0.0,0.0,0.0,0.0,0.0,0.0,0.0,0.0,0.0,0.0,0.0,0.0,0.0,0.0,0.0,0.0,0.0,0.0,0.0,0.0,0.0,0.0,0.0,0.0,0.0,0.0,0.0,0.0,0.0,0.0,0.0,0.0,-492.9808567946626,-492.9808567946626,-492.9808567946626,0.0,0.0,0.0,-119.00022625871776,-119.00022625871776,-119.00022625871776,-59.282452217363776,-59.282452217363776,-59.282452217363776,-314.69817831858103,-314.69817831858103,-314.69817831858103,0.0,0.0,0.0,1568.770149581056
2022-07-26,2063.9250415050924,1262.6130215039666,1594.2954107145779,2063.9250415050924,2063.9250415050924,0.0,0.0,0.0,0.0,0.0,0.0,0.0,0.0,0.0,0.0,0.0,0.0,0.0,0.0,0.0,0.0,0.0,0.0,0.0,0.0,0.0,0.0,0.0,0.0,0.0,0.0,0.0,0.0,0.0,0.0,0.0,0.0,0.0,0.0,0.0,0.0,0.0,0.0,0.0,0.0,0.0,0.0,0.0,0.0,0.0,0.0,0.0,0.0,-637.2910839847692,-637.2910839847692,-637.2910839847692,0.0,0.0,0.0,-118.76757410149739,-118.76757410149739,-118.76757410149739,-202.8748905170885,-202.8748905170885,-202.8748905170885,-315.6486193661833,-315.6486193661833,-315.6486193661833,0.0,0.0,0.0,1426.6339575203233
2022-07-27,2066.099076634467,1286.23660592654,1615.476244914787,2066.099076634467,2066.099076634467,0.0,0.0,0.0,0.0,0.0,0.0,0.0,0.0,0.0,0.0,0.0,0.0,0.0,0.0,0.0,0.0,0.0,0.0,0.0,0.0,0.0,0.0,0.0,0.0,0.0,0.0,0.0,0.0,0.0,0.0,0.0,0.0,0.0,0.0,0.0,0.0,0.0,0.0,0.0,0.0,0.0,0.0,0.0,0.0,0.0,0.0,0.0,0.0,-618.8655609814892,-618.8655609814892,-618.8655609814892,0.0,0.0,0.0,-120.46301282181864,-120.46301282181864,-120.46301282181864,-181.7144759307045,-181.7144759307045,-181.7144759307045,-316.68807222896606,-316.68807222896606,-316.68807222896606,0.0,0.0,0.0,1447.233515652978
2022-07-28,2068.2731117638414,1452.6614571988255,1769.550563901823,2068.2731117638414,2068.2731117638414,0.0,0.0,0.0,0.0,0.0,0.0,0.0,0.0,0.0,0.0,0.0,0.0,0.0,0.0,0.0,0.0,0.0,0.0,0.0,0.0,0.0,0.0,0.0,0.0,0.0,0.0,0.0,0.0,0.0,0.0,0.0,0.0,0.0,0.0,0.0,0.0,0.0,0.0,0.0,0.0,0.0,0.0,0.0,0.0,0.0,0.0,0.0,0.0,-453.15841560283934,-453.15841560283934,-453.15841560283934,0.0,0.0,0.0,-118.379508895447,-118.379508895447,-118.379508895447,-16.877812963968637,-16.877812963968637,-16.877812963968637,-317.90109374342376,-317.90109374342376,-317.90109374342376,0.0,0.0,0.0,1615.114696161002
2022-07-29,2070.4471468932156,1625.5505280484044,1959.9205047877751,2070.4471468932156,2070.4471468932156,0.0,0.0,0.0,0.0,0.0,0.0,0.0,0.0,0.0,0.0,0.0,0.0,0.0,0.0,0.0,0.0,0.0,0.0,0.0,0.0,0.0,0.0,0.0,0.0,0.0,0.0,0.0,0.0,0.0,0.0,0.0,0.0,0.0,0.0,0.0,0.0,0.0,0.0,0.0,0.0,0.0,0.0,0.0,0.0,0.0,0.0,0.0,0.0,-276.5383292360523,-276.5383292360523,-276.5383292360523,0.0,0.0,0.0,-108.28320231884841,-108.28320231884841,-108.28320231884841,151.1085948713936,151.1085948713936,151.1085948713936,-319.36372178859745,-319.36372178859745,-319.36372178859745,0.0,0.0,0.0,1793.9088176571634
2022-07-30,2072.6211820225894,1713.9020877062244,2028.2054104337226,2072.6211820225894,2072.6211820225894,0.0,0.0,0.0,0.0,0.0,0.0,0.0,0.0,0.0,0.0,0.0,0.0,0.0,0.0,0.0,0.0,0.0,0.0,0.0,0.0,0.0,0.0,0.0,0.0,0.0,0.0,0.0,0.0,0.0,0.0,0.0,0.0,0.0,0.0,0.0,0.0,0.0,0.0,0.0,0.0,0.0,0.0,0.0,0.0,0.0,0.0,0.0,0.0,-201.00992697691123,-201.00992697691123,-201.00992697691123,0.0,0.0,0.0,-89.9701092912346,-89.9701092912346,-89.9701092912346,210.101389364137,210.101389364137,210.101389364137,-321.14120704981366,-321.14120704981366,-321.14120704981366,0.0,0.0,0.0,1871.6112550456783
2022-07-31,2074.7952171519632,1616.894580623793,1943.582426378717,2074.7952171519632,2074.7952171519632,0.0,0.0,0.0,0.0,0.0,0.0,0.0,0.0,0.0,0.0,0.0,0.0,0.0,0.0,0.0,0.0,0.0,0.0,0.0,0.0,0.0,0.0,0.0,0.0,0.0,0.0,0.0,0.0,0.0,0.0,0.0,0.0,0.0,0.0,0.0,0.0,0.0,0.0,0.0,0.0,0.0,0.0,0.0,0.0,0.0,0.0,0.0,0.0,-289.984740098927,-289.984740098927,-289.984740098927,0.0,0.0,0.0,-66.23831792579534,-66.23831792579534,-66.23831792579534,99.53964739336166,99.53964739336166,99.53964739336166,-323.28606956649327,-323.28606956649327,-323.28606956649327,0.0,0.0,0.0,1784.8104770530363
2022-08-01,2076.9692522813375,1488.0406571213023,1816.5990484858235,2076.9692522813375,2076.9692522813375,0.0,0.0,0.0,0.0,0.0,0.0,0.0,0.0,0.0,0.0,0.0,0.0,0.0,0.0,0.0,0.0,0.0,0.0,0.0,0.0,0.0,0.0,0.0,0.0,0.0,0.0,0.0,0.0,0.0,0.0,0.0,0.0,0.0,0.0,0.0,0.0,0.0,0.0,0.0,0.0,0.0,0.0,0.0,0.0,0.0,0.0,0.0,0.0,-425.21755798928166,-425.21755798928166,-425.21755798928166,0.0,0.0,0.0,-40.098566655647204,-40.098566655647204,-40.098566655647204,-59.282452217473576,-59.282452217473576,-59.282452217473576,-325.8365391161609,-325.8365391161609,-325.8365391161609,0.0,0.0,0.0,1651.7516942920558
2022-08-02,2079.1432874107113,1358.867865965151,1690.0706968711359,2079.1432874107113,2079.1432874107113,0.0,0.0,0.0,0.0,0.0,0.0,0.0,0.0,0.0,0.0,0.0,0.0,0.0,0.0,0.0,0.0,0.0,0.0,0.0,0.0,0.0,0.0,0.0,0.0,0.0,0.0,0.0,0.0,0.0,0.0,0.0,0.0,0.0,0.0,0.0,0.0,0.0,0.0,0.0,0.0,0.0,0.0,0.0,0.0,0.0,0.0,0.0,0.0,-544.7250069712734,-544.7250069712734,-544.7250069712734,0.0,0.0,0.0,-13.03468938628437,-13.03468938628437,-13.03468938628437,-202.87489051713212,-202.87489051713212,-202.87489051713212,-328.8154270678569,-328.8154270678569,-328.8154270678569,0.0,0.0,0.0,1534.418280439438
2022-08-03,2081.317322540086,1418.4209060065227,1756.5742186184175,2081.317322540086,2081.317322540086,0.0,0.0,0.0,0.0,0.0,0.0,0.0,0.0,0.0,0.0,0.0,0.0,0.0,0.0,0.0,0.0,0.0,0.0,0.0,0.0,0.0,0.0,0.0,0.0,0.0,0.0,0.0,0.0,0.0,0.0,0.0,0.0,0.0,0.0,0.0,0.0,0.0,0.0,0.0,0.0,0.0,0.0,0.0,0.0,0.0,0.0,0.0,0.0,-499.36760766118243,-499.36760766118243,-499.36760766118243,0.0,0.0,0.0,14.57633271836268,14.57633271836268,14.57633271836268,-181.7144759305894,-181.7144759305894,-181.7144759305894,-332.2294644489557,-332.2294644489557,-332.2294644489557,0.0,0.0,0.0,1581.9497148789037
2022-08-04,2083.4913576694603,1610.3086539159865,1934.27509112127,2083.4913576694603,2083.4913576694603,0.0,0.0,0.0,0.0,0.0,0.0,0.0,0.0,0.0,0.0,0.0,0.0,0.0,0.0,0.0,0.0,0.0,0.0,0.0,0.0,0.0,0.0,0.0,0.0,0.0,0.0,0.0,0.0,0.0,0.0,0.0,0.0,0.0,0.0,0.0,0.0,0.0,0.0,0.0,0.0,0.0,0.0,0.0,0.0,0.0,0.0,0.0,0.0,-310.84142765087483,-310.84142765087483,-310.84142765087483,0.0,0.0,0.0,42.1055123043878,42.1055123043878,42.1055123043878,-16.877812963762253,-16.877812963762253,-16.877812963762253,-336.06912699150035,-336.06912699150035,-336.06912699150035,0.0,0.0,0.0,1772.6499300185856
2022-08-05,2085.665392798834,1792.7513839729088,2121.4820113377996,2085.665392798834,2085.665392798834,0.0,0.0,0.0,0.0,0.0,0.0,0.0,0.0,0.0,0.0,0.0,0.0,0.0,0.0,0.0,0.0,0.0,0.0,0.0,0.0,0.0,0.0,0.0,0.0,0.0,0.0,0.0,0.0,0.0,0.0,0.0,0.0,0.0,0.0,0.0,0.0,0.0,0.0,0.0,0.0,0.0,0.0,0.0,0.0,0.0,0.0,0.0,0.0,-121.0009228001419,-121.0009228001419,-121.0009228001419,0.0,0.0,0.0,68.19943560333898,68.19943560333898,68.19943560333898,151.1085948713996,151.1085948713996,151.1085948713996,-340.3089532748804,-340.3089532748804,-340.3089532748804,0.0,0.0,0.0,1964.6644699986923
2022-08-06,2087.8394279282084,1880.5963807273492,2207.1219416209183,2087.8394279282084,2087.8394279282084,0.0,0.0,0.0,0.0,0.0,0.0,0.0,0.0,0.0,0.0,0.0,0.0,0.0,0.0,0.0,0.0,0.0,0.0,0.0,0.0,0.0,0.0,0.0,0.0,0.0,0.0,0.0,0.0,0.0,0.0,0.0,0.0,0.0,0.0,0.0,0.0,0.0,0.0,0.0,0.0,0.0,0.0,0.0,0.0,0.0,0.0,0.0,0.0,-43.233261603985994,-43.233261603985994,-43.233261603985994,0.0,0.0,0.0,91.57369623131193,91.57369623131193,91.57369623131193,210.1013893641187,210.1013893641187,210.1013893641187,-344.9083471994166,-344.9083471994166,-344.9083471994166,0.0,0.0,0.0,2044.6061663242224
2022-08-07,2090.013463057582,1788.1851807178905,2096.4840662179345,2090.013463057582,2090.013463057582,0.0,0.0,0.0,0.0,0.0,0.0,0.0,0.0,0.0,0.0,0.0,0.0,0.0,0.0,0.0,0.0,0.0,0.0,0.0,0.0,0.0,0.0,0.0,0.0,0.0,0.0,0.0,0.0,0.0,0.0,0.0,0.0,0.0,0.0,0.0,0.0,0.0,0.0,0.0,0.0,0.0,0.0,0.0,0.0,0.0,0.0,0.0,0.0,-138.48810106345888,-138.48810106345888,-138.48810106345888,0.0,0.0,0.0,111.78509289800071,111.78509289800071,111.78509289800071,99.53964739386191,99.53964739386191,99.53964739386191,-349.8128413553215,-349.8128413553215,-349.8128413553215,0.0,0.0,0.0,1951.5253619941232
2022-08-08,2092.1874981869564,1641.4124341343572,1967.742282322231,2092.1874981869564,2092.1874981869564,0.0,0.0,0.0,0.0,0.0,0.0,0.0,0.0,0.0,0.0,0.0,0.0,0.0,0.0,0.0,0.0,0.0,0.0,0.0,0.0,0.0,0.0,0.0,0.0,0.0,0.0,0.0,0.0,0.0,0.0,0.0,0.0,0.0,0.0,0.0,0.0,0.0,0.0,0.0,0.0,0.0,0.0,0.0,0.0,0.0,0.0,0.0,0.0,-285.5125445344307,-285.5125445344307,-285.5125445344307,0.0,0.0,0.0,128.72569152099635,128.72569152099635,128.72569152099635,-59.282452217583376,-59.282452217583376,-59.282452217583376,-354.9557838378437,-354.9557838378437,-354.9557838378437,0.0,0.0,0.0,1806.6749536525258
2022-08-09,2094.36153331633,1501.904911495687,1832.4616824050133,2094.36153331633,2094.36153331633,0.0,0.0,0.0,0.0,0.0,0.0,0.0,0.0,0.0,0.0,0.0,0.0,0.0,0.0,0.0,0.0,0.0,0.0,0.0,0.0,0.0,0.0,0.0,0.0,0.0,0.0,0.0,0.0,0.0,0.0,0.0,0.0,0.0,0.0,0.0,0.0,0.0,0.0,0.0,0.0,0.0,0.0,0.0,0.0,0.0,0.0,0.0,0.0,-421.87929931355,-421.87929931355,-421.87929931355,0.0,0.0,0.0,141.2559893278435,141.2559893278435,141.2559893278435,-202.87489051721647,-202.87489051721647,-202.87489051721647,-360.26039812417696,-360.26039812417696,-360.26039812417696,0.0,0.0,0.0,1672.4822340027802
2022-08-10,2096.5355684457045,1536.9846921977244,1862.1764819497098,2096.5355684457045,2096.5355684457045,0.0,0.0,0.0,0.0,0.0,0.0,0.0,0.0,0.0,0.0,0.0,0.0,0.0,0.0,0.0,0.0,0.0,0.0,0.0,0.0,0.0,0.0,0.0,0.0,0.0,0.0,0.0,0.0,0.0,0.0,0.0,0.0,0.0,0.0,0.0,0.0,0.0,0.0,0.0,0.0,0.0,0.0,0.0,0.0,0.0,0.0,0.0,0.0,-400.5919257562161,-400.5919257562161,-400.5919257562161,0.0,0.0,0.0,146.76470433915694,146.76470433915694,146.76470433915694,-181.7144759305242,-181.7144759305242,-181.7144759305242,-365.64215416484893,-365.64215416484893,-365.64215416484893,0.0,0.0,0.0,1695.9436426894883
2022-08-11,2098.709603575079,1692.8691694055249,2009.245215417553,2098.709603575079,2098.709603575079,0.0,0.0,0.0,0.0,0.0,0.0,0.0,0.0,0.0,0.0,0.0,0.0,0.0,0.0,0.0,0.0,0.0,0.0,0.0,0.0,0.0,0.0,0.0,0.0,0.0,0.0,0.0,0.0,0.0,0.0,0.0,0.0,0.0,0.0,0.0,0.0,0.0,0.0,0.0,0.0,0.0,0.0,0.0,0.0,0.0,0.0,0.0,0.0,-245.10678800891216,-245.10678800891216,-245.10678800891216,0.0,0.0,0.0,142.78240415668395,142.78240415668395,142.78240415668395,-16.87781296365412,-16.87781296365412,-16.87781296365412,-371.01137920194196,-371.01137920194196,-371.01137920194196,0.0,0.0,0.0,1853.602815566167
2022-08-12,2100.883638704453,1849.8499986145437,2161.3147376058428,2100.883638704453,2100.883638704453,0.0,0.0,0.0,0.0,0.0,0.0,0.0,0.0,0.0,0.0,0.0,0.0,0.0,0.0,0.0,0.0,0.0,0.0,0.0,0.0,0.0,0.0,0.0,0.0,0.0,0.0,0.0,0.0,0.0,0.0,0.0,0.0,0.0,0.0,0.0,0.0,0.0,0.0,0.0,0.0,0.0,0.0,0.0,0.0,0.0,0.0,0.0,0.0,-95.63647979840263,-95.63647979840263,-95.63647979840263,0.0,0.0,0.0,129.53095463638485,129.53095463638485,129.53095463638485,151.10859487101436,151.10859487101436,151.10859487101436,-376.27602930580184,-376.27602930580184,-376.27602930580184,0.0,0.0,0.0,2005.2471589060503
2022-08-13,2103.057673833827,1886.4062596100555,2205.0168502269216,2103.057673833827,2103.057673833827,0.0,0.0,0.0,0.0,0.0,0.0,0.0,0.0,0.0,0.0,0.0,0.0,0.0,0.0,0.0,0.0,0.0,0.0,0.0,0.0,0.0,0.0,0.0,0.0,0.0,0.0,0.0,0.0,0.0,0.0,0.0,0.0,0.0,0.0,0.0,0.0,0.0,0.0,0.0,0.0,0.0,0.0,0.0,0.0,0.0,0.0,0.0,0.0,-60.45644644919729,-60.45644644919729,-60.45644644919729,0.0,0.0,0.0,110.78670164323599,110.78670164323599,110.78670164323599,210.10138936410044,210.10138936410044,210.10138936410044,-381.34453745653377,-381.34453745653377,-381.34453745653377,0.0,0.0,0.0,2042.6012273846295
2022-08-14,2105.231708963201,1751.7488535038508,2082.1876566674996,2105.231708963201,2105.231708963201,0.0,0.0,0.0,0.0,0.0,0.0,0.0,0.0,0.0,0.0,0.0,0.0,0.0,0.0,0.0,0.0,0.0,0.0,0.0,0.0,0.0,0.0,0.0,0.0,0.0,0.0,0.0,0.0,0.0,0.0,0.0,0.0,0.0,0.0,0.0,0.0,0.0,0.0,0.0,0.0,0.0,0.0,0.0,0.0,0.0,0.0,0.0,0.0,-195.05806133598088,-195.05806133598088,-195.05806133598088,0.0,0.0,0.0,91.53094261921646,91.53094261921646,91.53094261921646,99.53964739374969,99.53964739374969,99.53964739374969,-386.12865134894713,-386.12865134894713,-386.12865134894713,0.0,0.0,0.0,1910.1736476272201
2022-08-15,2107.405744092575,1573.2843313362732,1897.1059108738996,2107.405744092575,2107.405744092575,0.0,0.0,0.0,0.0,0.0,0.0,0.0,0.0,0.0,0.0,0.0,0.0,0.0,0.0,0.0,0.0,0.0,0.0,0.0,0.0,0.0,0.0,0.0,0.0,0.0,0.0,0.0,0.0,0.0,0.0,0.0,0.0,0.0,0.0,0.0,0.0,0.0,0.0,0.0,0.0,0.0,0.0,0.0,0.0,0.0,0.0,0.0,0.0,-375.949643320773,-375.949643320773,-375.949643320773,0.0,0.0,0.0,73.87898296081627,73.87898296081627,73.87898296081627,-59.28245221774034,-59.28245221774034,-59.28245221774034,-390.546174063849,-390.546174063849,-390.546174063849,0.0,0.0,0.0,1731.4561007718019
2022-08-16,2109.579779221949,1400.9957286381793,1731.0023815533518,2109.579779221949,2109.579779221949,0.0,0.0,0.0,0.0,0.0,0.0,0.0,0.0,0.0,0.0,0.0,0.0,0.0,0.0,0.0,0.0,0.0,0.0,0.0,0.0,0.0,0.0,0.0,0.0,0.0,0.0,0.0,0.0,0.0,0.0,0.0,0.0,0.0,0.0,0.0,0.0,0.0,0.0,0.0,0.0,0.0,0.0,0.0,0.0,0.0,0.0,0.0,0.0,-542.5014819002921,-542.5014819002921,-542.5014819002921,0.0,0.0,0.0,54.89693195078263,54.89693195078263,54.89693195078263,-202.8748905172193,-202.8748905172193,-202.8748905172193,-394.52352333385534,-394.52352333385534,-394.52352333385534,0.0,0.0,0.0,1567.078297321657
2022-08-17,2111.7538143513234,1404.2935888473696,1716.134635225977,2111.7538143513234,2111.7538143513234,0.0,0.0,0.0,0.0,0.0,0.0,0.0,0.0,0.0,0.0,0.0,0.0,0.0,0.0,0.0,0.0,0.0,0.0,0.0,0.0,0.0,0.0,0.0,0.0,0.0,0.0,0.0,0.0,0.0,0.0,0.0,0.0,0.0,0.0,0.0,0.0,0.0,0.0,0.0,0.0,0.0,0.0,0.0,0.0,0.0,0.0,0.0,0.0,-550.8957217165228,-550.8957217165228,-550.8957217165228,0.0,0.0,0.0,28.816784487832763,28.816784487832763,28.816784487832763,-181.71447593045895,-181.71447593045895,-181.71447593045895,-397.9980302738965,-397.9980302738965,-397.9980302738965,0.0,0.0,0.0,1560.8580926348006
2022-08-18,2113.927849480697,1524.266302909783,1833.5636890423489,2113.927849480697,2113.927849480697,0.0,0.0,0.0,0.0,0.0,0.0,0.0,0.0,0.0,0.0,0.0,0.0,0.0,0.0,0.0,0.0,0.0,0.0,0.0,0.0,0.0,0.0,0.0,0.0,0.0,0.0,0.0,0.0,0.0,0.0,0.0,0.0,0.0,0.0,0.0,0.0,0.0,0.0,0.0,0.0,0.0,0.0,0.0,0.0,0.0,0.0,0.0,0.0,-425.3622891147917,-425.3622891147917,-425.3622891147917,0.0,0.0,0.0,-7.564570148730343,-7.564570148730343,-7.564570148730343,-16.877812964301363,-16.877812964301363,-16.877812964301363,-400.91990600175995,-400.91990600175995,-400.91990600175995,0.0,0.0,0.0,1688.5655603659056
2022-08-19,2116.101884610072,1649.8013981218946,1980.1570095504826,2116.101884610072,2116.101884610072,0.0,0.0,0.0,0.0,0.0,0.0,0.0,0.0,0.0,0.0,0.0,0.0,0.0,0.0,0.0,0.0,0.0,0.0,0.0,0.0,0.0,0.0,0.0,0.0,0.0,0.0,0.0,0.0,0.0,0.0,0.0,0.0,0.0,0.0,0.0,0.0,0.0,0.0,0.0,0.0,0.0,0.0,0.0,0.0,0.0,0.0,0.0,0.0,-302.78602328978747,-302.78602328978747,-302.78602328978747,0.0,0.0,0.0,-50.64080383389264,-50.64080383389264,-50.64080383389264,151.10859487109764,151.10859487109764,151.10859487109764,-403.25381432699254,-403.25381432699254,-403.25381432699254,0.0,0.0,0.0,1813.3158613202845
2022-08-20,2118.2759197394457,1665.2319468424619,1993.2928953004553,2118.2759197394457,2118.2759197394457,0.0,0.0,0.0,0.0,0.0,0.0,0.0,0.0,0.0,0.0,0.0,0.0,0.0,0.0,0.0,0.0,0.0,0.0,0.0,0.0,0.0,0.0,0.0,0.0,0.0,0.0,0.0,0.0,0.0,0.0,0.0,0.0,0.0,0.0,0.0,0.0,0.0,0.0,0.0,0.0,0.0,0.0,0.0,0.0,0.0,0.0,0.0,0.0,-285.6541058021562,-285.6541058021562,-285.6541058021562,0.0,0.0,0.0,-90.77549481102577,-90.77549481102577,-90.77549481102577,210.10138936406167,210.10138936406167,210.10138936406167,-404.98000035519215,-404.98000035519215,-404.98000035519215,0.0,0.0,0.0,1832.6218139372895
2022-08-21,2120.44995486882,1538.9842648342503,1862.2992259469863,2120.44995486882,2120.44995486882,0.0,0.0,0.0,0.0,0.0,0.0,0.0,0.0,0.0,0.0,0.0,0.0,0.0,0.0,0.0,0.0,0.0,0.0,0.0,0.0,0.0,0.0,0.0,0.0,0.0,0.0,0.0,0.0,0.0,0.0,0.0,0.0,0.0,0.0,0.0,0.0,0.0,0.0,0.0,0.0,0.0,0.0,0.0,0.0,0.0,0.0,0.0,0.0,-424.5685205484698,-424.5685205484698,-424.5685205484698,0.0,0.0,0.0,-118.01322984617966,-118.01322984617966,-118.01322984617966,99.53964739363919,99.53964739363919,99.53964739363919,-406.09493809592936,-406.09493809592936,-406.09493809592936,0.0,0.0,0.0,1695.8814343203503
2022-08-22,2122.623989998194,1364.3000413088882,1686.4775755418755,2122.623989998194,2122.623989998194,0.0,0.0,0.0,0.0,0.0,0.0,0.0,0.0,0.0,0.0,0.0,0.0,0.0,0.0,0.0,0.0,0.0,0.0,0.0,0.0,0.0,0.0,0.0,0.0,0.0,0.0,0.0,0.0,0.0,0.0,0.0,0.0,0.0,0.0,0.0,0.0,0.0,0.0,0.0,0.0,0.0,0.0,0.0,0.0,0.0,0.0,0.0,0.0,-594.3700983554915,-594.3700983554915,-594.3700983554915,0.0,0.0,0.0,-128.47617154773428,-128.47617154773428,-128.47617154773428,-59.282452217145114,-59.282452217145114,-59.282452217145114,-406.61147459061203,-406.61147459061203,-406.61147459061203,0.0,0.0,0.0,1528.2538916427025
2022-08-23,2124.7980251275676,1236.276118052918,1548.4176248573751,2124.7980251275676,2124.7980251275676,0.0,0.0,0.0,0.0,0.0,0.0,0.0,0.0,0.0,0.0,0.0,0.0,0.0,0.0,0.0,0.0,0.0,0.0,0.0,0.0,0.0,0.0,0.0,0.0,0.0,0.0,0.0,0.0,0.0,0.0,0.0,0.0,0.0,0.0,0.0,0.0,0.0,0.0,0.0,0.0,0.0,0.0,0.0,0.0,0.0,0.0,0.0,0.0,-735.9160686264937,-735.9160686264937,-735.9160686264937,0.0,0.0,0.0,-126.48271484953871,-126.48271484953871,-126.48271484953871,-202.87489051701237,-202.87489051701237,-202.87489051701237,-406.55846325994264,-406.55846325994264,-406.55846325994264,0.0,0.0,0.0,1388.881956501074
2022-08-24,2126.9719559058763,1258.9729519722177,1573.767600621783,2126.9719559058763,2126.9719559058763,0.0,0.0,0.0,0.0,0.0,0.0,0.0,0.0,0.0,0.0,0.0,0.0,0.0,0.0,0.0,0.0,0.0,0.0,0.0,0.0,0.0,0.0,0.0,0.0,0.0,0.0,0.0,0.0,0.0,0.0,0.0,0.0,0.0,0.0,0.0,0.0,0.0,0.0,0.0,0.0,0.0,0.0,0.0,0.0,0.0,0.0,0.0,0.0,-708.5298900840357,-708.5298900840357,-708.5298900840357,0.0,0.0,0.0,-120.83551949207636,-120.83551949207636,-120.83551949207636,-181.71447593039377,-181.71447593039377,-181.71447593039377,-405.9798946615657,-405.9798946615657,-405.9798946615657,0.0,0.0,0.0,1418.4420658218405
2022-08-25,2129.1458866841845,1433.1331951526506,1758.8352972209266,2129.1458866841845,2129.1458866841845,0.0,0.0,0.0,0.0,0.0,0.0,0.0,0.0,0.0,0.0,0.0,0.0,0.0,0.0,0.0,0.0,0.0,0.0,0.0,0.0,0.0,0.0,0.0,0.0,0.0,0.0,0.0,0.0,0.0,0.0,0.0,0.0,0.0,0.0,0.0,0.0,0.0,0.0,0.0,0.0,0.0,0.0,0.0,0.0,0.0,0.0,0.0,0.0,-540.1713771049217,-540.1713771049217,-540.1713771049217,0.0,0.0,0.0,-118.36001595909592,-118.36001595909592,-118.36001595909592,-16.87781296419323,-16.87781296419323,-16.87781296419323,-404.93354818163255,-404.93354818163255,-404.93354818163255,0.0,0.0,0.0,1588.9745095792628
2022-08-26,2131.3198174624927,1592.7763678220103,1921.674074452013,2131.3198174624927,2131.3198174624927,0.0,0.0,0.0,0.0,0.0,0.0,0.0,0.0,0.0,0.0,0.0,0.0,0.0,0.0,0.0,0.0,0.0,0.0,0.0,0.0,0.0,0.0,0.0,0.0,0.0,0.0,0.0,0.0,0.0,0.0,0.0,0.0,0.0,0.0,0.0,0.0,0.0,0.0,0.0,0.0,0.0,0.0,0.0,0.0,0.0,0.0,0.0,0.0,-372.0928174738937,-372.0928174738937,-372.0928174738937,0.0,0.0,0.0,-119.7122094451336,-119.7122094451336,-119.7122094451336,151.1085948712196,151.1085948712196,151.1085948712196,-403.4892028999797,-403.4892028999797,-403.4892028999797,0.0,0.0,0.0,1759.226999988599
2022-08-27,2133.4937482408004,1653.7278621026746,1978.7952096847932,2133.4937482408004,2133.4937482408004,0.0,0.0,0.0,0.0,0.0,0.0,0.0,0.0,0.0,0.0,0.0,0.0,0.0,0.0,0.0,0.0,0.0,0.0,0.0,0.0,0.0,0.0,0.0,0.0,0.0,0.0,0.0,0.0,0.0,0.0,0.0,0.0,0.0,0.0,0.0,0.0,0.0,0.0,0.0,0.0,0.0,0.0,0.0,0.0,0.0,0.0,0.0,0.0,-311.8658639195274,-311.8658639195274,-311.8658639195274,0.0,0.0,0.0,-120.2407937605305,-120.2407937605305,-120.2407937605305,210.10138936406386,210.10138936406386,210.10138936406386,-401.7264595230607,-401.7264595230607,-401.7264595230607,0.0,0.0,0.0,1821.627884321273
2022-08-28,2135.6676790191086,1547.2494244510208,1888.281852391609,2135.6676790191086,2135.6676790191086,0.0,0.0,0.0,0.0,0.0,0.0,0.0,0.0,0.0,0.0,0.0,0.0,0.0,0.0,0.0,0.0,0.0,0.0,0.0,0.0,0.0,0.0,0.0,0.0,0.0,0.0,0.0,0.0,0.0,0.0,0.0,0.0,0.0,0.0,0.0,0.0,0.0,0.0,0.0,0.0,0.0,0.0,0.0,0.0,0.0,0.0,0.0,0.0,-414.63648543410613,-414.63648543410613,-414.63648543410613,0.0,0.0,0.0,-114.44389537142011,-114.44389537142011,-114.44389537142011,99.53964739352868,99.53964739352868,99.53964739352868,-399.73223745621465,-399.73223745621465,-399.73223745621465,0.0,0.0,0.0,1721.0311935850025
2022-08-29,2137.8416097974164,1433.4472688258525,1732.26962961408,2137.8416097974164,2137.8416097974164,0.0,0.0,0.0,0.0,0.0,0.0,0.0,0.0,0.0,0.0,0.0,0.0,0.0,0.0,0.0,0.0,0.0,0.0,0.0,0.0,0.0,0.0,0.0,0.0,0.0,0.0,0.0,0.0,0.0,0.0,0.0,0.0,0.0,0.0,0.0,0.0,0.0,0.0,0.0,0.0,0.0,0.0,0.0,0.0,0.0,0.0,0.0,0.0,-556.8981092355149,-556.8981092355149,-556.8981092355149,0.0,0.0,0.0,-100.01763560363297,-100.01763560363297,-100.01763560363297,-59.28245221730209,-59.28245221730209,-59.28245221730209,-397.59802141457993,-397.59802141457993,-397.59802141457993,0.0,0.0,0.0,1580.9435005619016
2022-08-30,2140.0155405757246,1301.008695023632,1618.053624578903,2140.0155405757246,2140.0155405757246,0.0,0.0,0.0,0.0,0.0,0.0,0.0,0.0,0.0,0.0,0.0,0.0,0.0,0.0,0.0,0.0,0.0,0.0,0.0,0.0,0.0,0.0,0.0,0.0,0.0,0.0,0.0,0.0,0.0,0.0,0.0,0.0,0.0,0.0,0.0,0.0,0.0,0.0,0.0,0.0,0.0,0.0,0.0,0.0,0.0,0.0,0.0,0.0,-676.8591246960441,-676.8591246960441,-676.8591246960441,0.0,0.0,0.0,-78.56729404792651,-78.56729404792651,-78.56729404792651,-202.874890517056,-202.874890517056,-202.874890517056,-395.41694013106155,-395.41694013106155,-395.41694013106155,0.0,0.0,0.0,1463.1564158796805
2022-08-31,2142.189471354033,1350.129067069228,1670.0864857297145,2142.189471354033,2142.189471354033,0.0,0.0,0.0,0.0,0.0,0.0,0.0,0.0,0.0,0.0,0.0,0.0,0.0,0.0,0.0,0.0,0.0,0.0,0.0,0.0,0.0,0.0,0.0,0.0,0.0,0.0,0.0,0.0,0.0,0.0,0.0,0.0,0.0,0.0,0.0,0.0,0.0,0.0,0.0,0.0,0.0,0.0,0.0,0.0,0.0,0.0,0.0,0.0,-628.331534914595,-628.331534914595,-628.331534914595,0.0,0.0,0.0,-53.33629353302985,-53.33629353302985,-53.33629353302985,-181.71447593027867,-181.71447593027867,-181.71447593027867,-393.28076545128647,-393.28076545128647,-393.28076545128647,0.0,0.0,0.0,1513.8579364394377
2022-09-01,2144.363402132341,1562.47355211916,1881.1173793106295,2144.363402132341,2144.363402132341,0.0,0.0,0.0,0.0,0.0,0.0,0.0,0.0,0.0,0.0,0.0,0.0,0.0,0.0,0.0,0.0,0.0,0.0,0.0,0.0,0.0,0.0,0.0,0.0,0.0,0.0,0.0,0.0,0.0,0.0,0.0,0.0,0.0,0.0,0.0,0.0,0.0,0.0,0.0,0.0,0.0,0.0,0.0,0.0,0.0,0.0,0.0,0.0,-434.80387557832864,-434.80387557832864,-434.80387557832864,0.0,0.0,0.0,-26.649139388573644,-26.649139388573644,-26.649139388573644,-16.877812963986845,-16.877812963986845,-16.877812963986845,-391.27692322576814,-391.27692322576814,-391.27692322576814,0.0,0.0,0.0,1709.5595265540123
2022-09-02,2146.537332910649,1744.182127347963,2080.3455683783423,2146.537332910649,2146.537332910649,0.0,0.0,0.0,0.0,0.0,0.0,0.0,0.0,0.0,0.0,0.0,0.0,0.0,0.0,0.0,0.0,0.0,0.0,0.0,0.0,0.0,0.0,0.0,0.0,0.0,0.0,0.0,0.0,0.0,0.0,0.0,0.0,0.0,0.0,0.0,0.0,0.0,0.0,0.0,0.0,0.0,0.0,0.0,0.0,0.0,0.0,0.0,0.0,-237.6542320934228,-237.6542320934228,-237.6542320934228,0.0,0.0,0.0,0.722780842877861,0.722780842877861,0.722780842877861,151.10859487134152,151.10859487134152,151.10859487134152,-389.48560780764217,-389.48560780764217,-389.48560780764217,0.0,0.0,0.0,1908.8831008172265
2022-09-03,2148.711263688957,1838.3802071442346,2149.294483295154,2148.711263688957,2148.711263688957,0.0,0.0,0.0,0.0,0.0,0.0,0.0,0.0,0.0,0.0,0.0,0.0,0.0,0.0,0.0,0.0,0.0,0.0,0.0,0.0,0.0,0.0,0.0,0.0,0.0,0.0,0.0,0.0,0.0,0.0,0.0,0.0,0.0,0.0,0.0,0.0,0.0,0.0,0.0,0.0,0.0,0.0,0.0,0.0,0.0,0.0,0.0,0.0,-149.45184790619948,-149.45184790619948,-149.45184790619948,0.0,0.0,0.0,28.423852341727205,28.423852341727205,28.423852341727205,210.10138936415143,210.10138936415143,210.10138936415143,-387.97708961207815,-387.97708961207815,-387.97708961207815,0.0,0.0,0.0,1999.2594157827575
2022-09-04,2150.885194467265,1755.8363465632478,2083.8143156468172,2150.885194467265,2150.885194467265,0.0,0.0,0.0,0.0,0.0,0.0,0.0,0.0,0.0,0.0,0.0,0.0,0.0,0.0,0.0,0.0,0.0,0.0,0.0,0.0,0.0,0.0,0.0,0.0,0.0,0.0,0.0,0.0,0.0,0.0,0.0,0.0,0.0,0.0,0.0,0.0,0.0,0.0,0.0,0.0,0.0,0.0,0.0,0.0,0.0,0.0,0.0,0.0,-231.84242728814908,-231.84242728814908,-231.84242728814908,0.0,0.0,0.0,55.42722546228992,55.42722546228992,55.42722546228992,99.53964739341818,99.53964739341818,99.53964739341818,-386.80930014385723,-386.80930014385723,-386.80930014385723,0.0,0.0,0.0,1919.042767179116
2022-09-05,2153.059125245573,1665.5651169177827,2002.7102210309254,2153.059125245573,2153.059125245573,0.0,0.0,0.0,0.0,0.0,0.0,0.0,0.0,0.0,0.0,0.0,0.0,0.0,0.0,0.0,0.0,0.0,0.0,0.0,0.0,0.0,44.38666092395592,44.38666092395592,44.38666092395592,0.0,0.0,0.0,0.0,0.0,0.0,0.0,0.0,0.0,0.0,0.0,0.0,0.0,0.0,0.0,0.0,0.0,0.0,0.0,0.0,0.0,0.0,0.0,0.0,-320.646114278002,-320.646114278002,-320.646114278002,44.38666092395592,44.38666092395592,44.38666092395592,80.2754482987639,80.2754482987639,80.2754482987639,-59.28245221741187,-59.28245221741187,-59.28245221741187,-386.02577128331,-386.02577128331,-386.02577128331,0.0,0.0,0.0,1832.413010967571
2022-09-06,2155.2330560238815,1504.6033968199142,1840.7485100046251,2155.2330560238815,2155.2330560238815,0.0,0.0,0.0,0.0,0.0,0.0,0.0,0.0,0.0,0.0,0.0,0.0,0.0,0.0,0.0,0.0,0.0,0.0,0.0,0.0,0.0,0.0,0.0,0.0,0.0,0.0,0.0,0.0,0.0,0.0,0.0,0.0,0.0,0.0,0.0,0.0,0.0,0.0,0.0,0.0,0.0,0.0,0.0,0.0,0.0,0.0,0.0,0.0,-486.45511309477166,-486.45511309477166,-486.45511309477166,0.0,0.0,0.0,102.0737730751121,102.0737730751121,102.0737730751121,-202.8748905171404,-202.8748905171404,-202.8748905171404,-385.65399565274345,-385.65399565274345,-385.65399565274345,0.0,0.0,0.0,1668.77794292911
2022-09-07,2157.4069868021897,1549.8581866168884,1861.0352014502016,2157.4069868021897,2157.4069868021897,0.0,0.0,0.0,0.0,0.0,0.0,0.0,0.0,0.0,0.0,0.0,0.0,0.0,0.0,0.0,0.0,0.0,0.0,0.0,0.0,0.0,0.0,0.0,0.0,0.0,0.0,0.0,0.0,0.0,0.0,0.0,0.0,0.0,0.0,0.0,0.0,0.0,0.0,0.0,0.0,0.0,0.0,0.0,0.0,0.0,0.0,0.0,0.0,-446.721868825375,-446.721868825375,-446.721868825375,0.0,0.0,0.0,120.69686994447481,120.69686994447481,120.69686994447481,-181.71447593026332,-181.71447593026332,-181.71447593026332,-385.7042628395865,-385.7042628395865,-385.7042628395865,0.0,0.0,0.0,1710.6851179768148
2022-09-08,2159.580917580498,1733.3783098839945,2047.7465382724836,2159.580917580498,2159.580917580498,0.0,0.0,0.0,0.0,0.0,0.0,0.0,0.0,0.0,0.0,0.0,0.0,0.0,0.0,0.0,0.0,0.0,0.0,0.0,0.0,0.0,0.0,0.0,0.0,0.0,0.0,0.0,0.0,0.0,0.0,0.0,0.0,0.0,0.0,0.0,0.0,0.0,0.0,0.0,0.0,0.0,0.0,0.0,0.0,0.0,0.0,0.0,0.0,-267.3670409162211,-267.3670409162211,-267.3670409162211,0.0,0.0,0.0,135.67978452797118,135.67978452797118,135.67978452797118,-16.87781296463409,-16.87781296463409,-16.87781296463409,-386.1690124795582,-386.1690124795582,-386.1690124795582,0.0,0.0,0.0,1892.213876664277
2022-09-09,2161.7548483588057,1911.277684296656,2242.659661148607,2161.7548483588057,2161.7548483588057,0.0,0.0,0.0,0.0,0.0,0.0,0.0,0.0,0.0,0.0,0.0,0.0,0.0,0.0,0.0,0.0,0.0,0.0,0.0,0.0,0.0,0.0,0.0,0.0,0.0,0.0,0.0,0.0,0.0,0.0,0.0,0.0,0.0,0.0,0.0,0.0,0.0,0.0,0.0,0.0,0.0,0.0,0.0,0.0,0.0,0.0,0.0,0.0,-90.837141028716,-90.837141028716,-90.837141028716,0.0,0.0,0.0,145.07699419526904,145.07699419526904,145.07699419526904,151.1085948713862,151.1085948713862,151.1085948713862,-387.02273009537123,-387.02273009537123,-387.02273009537123,0.0,0.0,0.0,2070.91770733009
2022-09-10,2163.928779137114,1970.9758452159542,2284.19654212052,2163.928779137114,2163.928779137114,0.0,0.0,0.0,0.0,0.0,0.0,0.0,0.0,0.0,0.0,0.0,0.0,0.0,0.0,0.0,0.0,0.0,0.0,0.0,0.0,0.0,0.0,0.0,0.0,0.0,0.0,0.0,0.0,0.0,0.0,0.0,0.0,0.0,0.0,0.0,0.0,0.0,0.0,0.0,0.0,0.0,0.0,0.0,0.0,0.0,0.0,0.0,0.0,-32.08706546694338,-32.08706546694338,-32.08706546694338,0.0,0.0,0.0,146.03394075445888,146.03394075445888,146.03394075445888,210.10138936413318,210.10138936413318,210.10138936413318,-388.2223955855354,-388.2223955855354,-388.2223955855354,0.0,0.0,0.0,2131.8417136701705
2022-09-11,2166.1027099154217,1849.3928785375028,2165.6595720743994,2166.1027099154217,2166.1027099154217,0.0,0.0,0.0,0.0,0.0,0.0,0.0,0.0,0.0,0.0,0.0,0.0,0.0,0.0,0.0,0.0,0.0,0.0,0.0,0.0,0.0,0.0,0.0,0.0,0.0,0.0,0.0,0.0,0.0,0.0,0.0,0.0,0.0,0.0,0.0,0.0,0.0,0.0,0.0,0.0,0.0,0.0,0.0,0.0,0.0,0.0,0.0,0.0,-153.0181680941382,-153.0181680941382,-153.0181680941382,0.0,0.0,0.0,137.1506623429294,137.1506623429294,137.1506623429294,99.53964739330596,99.53964739330596,99.53964739330596,-389.70847783037357,-389.70847783037357,-389.70847783037357,0.0,0.0,0.0,2013.0845418212834
2022-09-12,2168.27664069373,1687.9186054984677,1987.5607923201667,2168.27664069373,2168.27664069373,0.0,0.0,0.0,0.0,0.0,0.0,0.0,0.0,0.0,0.0,0.0,0.0,0.0,0.0,0.0,0.0,0.0,0.0,0.0,0.0,0.0,0.0,0.0,0.0,0.0,0.0,0.0,0.0,0.0,0.0,0.0,0.0,0.0,0.0,0.0,0.0,0.0,0.0,0.0,0.0,0.0,0.0,0.0,0.0,0.0,0.0,0.0,0.0,-330.17384823740707,-330.17384823740707,-330.17384823740707,0.0,0.0,0.0,120.51505649177341,120.51505649177341,120.51505649177341,-59.28245221754526,-59.28245221754526,-59.28245221754526,-391.4064525116352,-391.4064525116352,-391.4064525116352,0.0,0.0,0.0,1838.1027924563227
2022-09-13,2170.450571472038,1507.6158890150812,1828.7308987482643,2170.450571472038,2170.450571472038,0.0,0.0,0.0,0.0,0.0,0.0,0.0,0.0,0.0,0.0,0.0,0.0,0.0,0.0,0.0,0.0,0.0,0.0,0.0,0.0,0.0,0.0,0.0,0.0,0.0,0.0,0.0,0.0,0.0,0.0,0.0,0.0,0.0,0.0,0.0,0.0,0.0,0.0,0.0,0.0,0.0,0.0,0.0,0.0,0.0,0.0,0.0,0.0,-495.124386940326,-495.124386940326,-495.124386940326,0.0,0.0,0.0,100.97930799022608,100.97930799022608,100.97930799022608,-202.8748905172248,-202.8748905172248,-202.8748905172248,-393.22880441332734,-393.22880441332734,-393.22880441332734,0.0,0.0,0.0,1675.326184531712
2022-09-14,2172.6245022503463,1504.92142619637,1825.4530859601273,2172.6245022503463,2172.6245022503463,0.0,0.0,0.0,0.0,0.0,0.0,0.0,0.0,0.0,0.0,0.0,0.0,0.0,0.0,0.0,0.0,0.0,0.0,0.0,0.0,0.0,0.0,0.0,0.0,0.0,0.0,0.0,0.0,0.0,0.0,0.0,0.0,0.0,0.0,0.0,0.0,0.0,0.0,0.0,0.0,0.0,0.0,0.0,0.0,0.0,0.0,0.0,0.0,-494.2195811878338,-494.2195811878338,-494.2195811878338,0.0,0.0,0.0,82.57235539681166,82.57235539681166,82.57235539681166,-181.71447593056996,-181.71447593056996,-181.71447593056996,-395.0774606540755,-395.0774606540755,-395.0774606540755,0.0,0.0,0.0,1678.4049210625126
2022-09-15,2174.7984330286545,1673.0491508895213,1996.5659874056655,2174.7984330286545,2174.7984330286545,0.0,0.0,0.0,0.0,0.0,0.0,0.0,0.0,0.0,0.0,0.0,0.0,0.0,0.0,0.0,0.0,0.0,0.0,0.0,0.0,0.0,0.0,0.0,0.0,0.0,0.0,0.0,0.0,0.0,0.0,0.0,0.0,0.0,0.0,0.0,0.0,0.0,0.0,0.0,0.0,0.0,0.0,0.0,0.0,0.0,0.0,0.0,0.0,-348.81966308778584,-348.81966308778584,-348.81966308778584,0.0,0.0,0.0,64.90473781832665,64.90473781832665,64.90473781832665,-16.877812964476824,-16.877812964476824,-16.877812964476824,-396.8465879416356,-396.8465879416356,-396.8465879416356,0.0,0.0,0.0,1825.9787699408687
2022-09-16,2176.972363806962,1810.7657122369908,2145.7958947603547,2176.972363806962,2176.972363806962,0.0,0.0,0.0,0.0,0.0,0.0,0.0,0.0,0.0,0.0,0.0,0.0,0.0,0.0,0.0,0.0,0.0,0.0,0.0,0.0,0.0,0.0,0.0,0.0,0.0,0.0,0.0,0.0,0.0,0.0,0.0,0.0,0.0,0.0,0.0,0.0,0.0,0.0,0.0,0.0,0.0,0.0,0.0,0.0,0.0,0.0,0.0,0.0,-204.24495669421904,-204.24495669421904,-204.24495669421904,0.0,0.0,0.0,43.07212387424681,43.07212387424681,43.07212387424681,151.10859487150813,151.10859487150813,151.10859487150813,-398.42567543997393,-398.42567543997393,-398.42567543997393,0.0,0.0,0.0,1972.727407112743
2022-09-17,2179.1462945852704,1848.274101856866,2157.5632773545703,2179.1462945852704,2179.1462945852704,0.0,0.0,0.0,0.0,0.0,0.0,0.0,0.0,0.0,0.0,0.0,0.0,0.0,0.0,0.0,0.0,0.0,0.0,0.0,0.0,0.0,0.0,0.0,0.0,0.0,0.0,0.0,0.0,0.0,0.0,0.0,0.0,0.0,0.0,0.0,0.0,0.0,0.0,0.0,0.0,0.0,0.0,0.0,0.0,0.0,0.0,0.0,0.0,-177.73291284461857,-177.73291284461857,-177.73291284461857,0.0,0.0,0.0,11.868513343177824,11.868513343177824,11.868513343177824,210.10138936409442,210.10138936409442,210.10138936409442,-399.70281555189075,-399.70281555189075,-399.70281555189075,0.0,0.0,0.0,2001.4133817406519
2022-09-18,2181.320225363578,1683.4587118221473,2018.1093184109413,2181.320225363578,2181.320225363578,0.0,0.0,0.0,0.0,0.0,0.0,0.0,0.0,0.0,0.0,0.0,0.0,0.0,0.0,0.0,0.0,0.0,0.0,0.0,0.0,0.0,0.0,0.0,0.0,0.0,0.0,0.0,0.0,0.0,0.0,0.0,0.0,0.0,0.0,0.0,0.0,0.0,0.0,0.0,0.0,0.0,0.0,0.0,0.0,0.0,0.0,0.0,0.0,-329.8051683466344,-329.8051683466344,-329.8051683466344,0.0,0.0,0.0,-28.7767276078816,-28.7767276078816,-28.7767276078816,99.53964739380791,99.53964739380791,99.53964739380791,-400.56808813256066,-400.56808813256066,-400.56808813256066,0.0,0.0,0.0,1851.5150570169437
2022-09-19,2183.494156141887,1505.5929717029762,1804.6344323984526,2183.494156141887,2183.494156141887,0.0,0.0,0.0,0.0,0.0,0.0,0.0,0.0,0.0,0.0,0.0,0.0,0.0,0.0,0.0,0.0,0.0,0.0,0.0,0.0,0.0,0.0,0.0,0.0,0.0,0.0,0.0,0.0,0.0,0.0,0.0,0.0,0.0,0.0,0.0,0.0,0.0,0.0,0.0,0.0,0.0,0.0,0.0,0.0,0.0,0.0,0.0,0.0,-531.9754830411705,-531.9754830411705,-531.9754830411705,0.0,0.0,0.0,-71.77608124491405,-71.77608124491405,-71.77608124491405,-59.28245221697362,-59.28245221697362,-59.28245221697362,-400.91694957928286,-400.91694957928286,-400.91694957928286,0.0,0.0,0.0,1651.5186731007163
2022-09-20,2185.668086920195,1307.4041111702732,1641.2766436704746,2185.668086920195,2185.668086920195,0.0,0.0,0.0,0.0,0.0,0.0,0.0,0.0,0.0,0.0,0.0,0.0,0.0,0.0,0.0,0.0,0.0,0.0,0.0,0.0,0.0,0.0,0.0,0.0,0.0,0.0,0.0,0.0,0.0,0.0,0.0,0.0,0.0,0.0,0.0,0.0,0.0,0.0,0.0,0.0,0.0,0.0,0.0,0.0,0.0,0.0,0.0,0.0,-709.9745419689249,-709.9745419689249,-709.9745419689249,0.0,0.0,0.0,-106.44612442304626,-106.44612442304626,-106.44612442304626,-202.87489051722764,-202.87489051722764,-202.87489051722764,-400.653527028651,-400.653527028651,-400.653527028651,0.0,0.0,0.0,1475.6935449512703
2022-09-21,2187.8420176985032,1319.7519864891624,1643.4729883919913,2187.8420176985032,2187.8420176985032,0.0,0.0,0.0,0.0,0.0,0.0,0.0,0.0,0.0,0.0,0.0,0.0,0.0,0.0,0.0,0.0,0.0,0.0,0.0,0.0,0.0,0.0,0.0,0.0,0.0,0.0,0.0,0.0,0.0,0.0,0.0,0.0,0.0,0.0,0.0,0.0,0.0,0.0,0.0,0.0,0.0,0.0,0.0,0.0,0.0,0.0,0.0,0.0,-706.6537126839622,-706.6537126839622,-706.6537126839622,0.0,0.0,0.0,-125.24551716433639,-125.24551716433639,-125.24551716433639,-181.71447593050473,-181.71447593050473,-181.71447593050473,-399.6937195891209,-399.6937195891209,-399.6937195891209,0.0,0.0,0.0,1481.1883050145411
2022-09-22,2190.015948476811,1477.8985802938714,1800.8212005066118,2190.015948476811,2190.015948476811,0.0,0.0,0.0,0.0,0.0,0.0,0.0,0.0,0.0,0.0,0.0,0.0,0.0,0.0,0.0,0.0,0.0,0.0,0.0,0.0,0.0,0.0,0.0,0.0,0.0,0.0,0.0,0.0,0.0,0.0,0.0,0.0,0.0,0.0,0.0,0.0,0.0,0.0,0.0,0.0,0.0,0.0,0.0,0.0,0.0,0.0,0.0,0.0,-543.3624310928325,-543.3624310928325,-543.3624310928325,0.0,0.0,0.0,-128.51660501293776,-128.51660501293776,-128.51660501293776,-16.877812964368694,-16.877812964368694,-16.877812964368694,-397.96801311552616,-397.96801311552616,-397.96801311552616,0.0,0.0,0.0,1646.6535173839784
2022-09-23,2192.189879255119,1660.3238021672835,1978.513481993732,2192.189879255119,2192.189879255119,0.0,0.0,0.0,0.0,0.0,0.0,0.0,0.0,0.0,0.0,0.0,0.0,0.0,0.0,0.0,0.0,0.0,0.0,0.0,0.0,0.0,0.0,0.0,0.0,0.0,0.0,0.0,0.0,0.0,0.0,0.0,0.0,0.0,0.0,0.0,0.0,0.0,0.0,0.0,0.0,0.0,0.0,0.0,0.0,0.0,0.0,0.0,0.0,-367.8868668593141,-367.8868668593141,-367.8868668593141,0.0,0.0,0.0,-123.57153935193018,-123.57153935193018,-123.57153935193018,151.10859487159138,151.10859487159138,151.10859487159138,-395.4239223789752,-395.4239223789752,-395.4239223789752,0.0,0.0,0.0,1824.3030123958051
2022-09-24,2194.363810033427,1737.152421743969,2059.3417271631374,2194.363810033427,2194.363810033427,0.0,0.0,0.0,0.0,0.0,0.0,0.0,0.0,0.0,0.0,0.0,0.0,0.0,0.0,0.0,0.0,0.0,0.0,0.0,0.0,0.0,0.0,0.0,0.0,0.0,0.0,0.0,0.0,0.0,0.0,0.0,0.0,0.0,0.0,0.0,0.0,0.0,0.0,0.0,0.0,0.0,0.0,0.0,0.0,0.0,0.0,0.0,0.0,-300.9268212993103,-300.9268212993103,-300.9268212993103,0.0,0.0,0.0,-119.0002262587117,-119.0002262587117,-119.0002262587117,210.10138936405565,210.10138936405565,210.10138936405565,-392.0279844046542,-392.0279844046542,-392.0279844046542,0.0,0.0,0.0,1893.4369887341168
2022-09-25,2196.537740811735,1623.926997580043,1950.5229284955988,2196.537740811735,2196.537740811735,0.0,0.0,0.0,0.0,0.0,0.0,0.0,0.0,0.0,0.0,0.0,0.0,0.0,0.0,0.0,0.0,0.0,0.0,0.0,0.0,0.0,0.0,0.0,0.0,0.0,0.0,0.0,0.0,0.0,0.0,0.0,0.0,0.0,0.0,0.0,0.0,0.0,0.0,0.0,0.0,0.0,0.0,0.0,0.0,0.0,0.0,0.0,0.0,-406.9951656776748,-406.9951656776748,-406.9951656776748,0.0,0.0,0.0,-118.76757410150225,-118.76757410150225,-118.76757410150225,99.53964739369569,99.53964739369569,99.53964739369569,-387.76723896986823,-387.76723896986823,-387.76723896986823,0.0,0.0,0.0,1789.5425751340604
2022-09-26,2198.7116715900434,1461.9234982656094,1797.5843882361994,2198.7116715900434,2198.7116715900434,0.0,0.0,0.0,0.0,0.0,0.0,0.0,0.0,0.0,0.0,0.0,0.0,0.0,0.0,0.0,0.0,0.0,0.0,0.0,0.0,0.0,0.0,0.0,0.0,0.0,0.0,0.0,0.0,0.0,0.0,0.0,0.0,0.0,0.0,0.0,0.0,0.0,0.0,0.0,0.0,0.0,0.0,0.0,0.0,0.0,0.0,0.0,0.0,-562.3956114742793,-562.3956114742793,-562.3956114742793,0.0,0.0,0.0,-120.46301282181511,-120.46301282181511,-120.46301282181511,-59.282452217107,-59.282452217107,-59.282452217107,-382.65014643535727,-382.65014643535727,-382.65014643535727,0.0,0.0,0.0,1636.316060115764
2022-09-27,2200.8856023683516,1344.046319102228,1667.2844346180227,2200.8856023683516,2200.8856023683516,0.0,0.0,0.0,0.0,0.0,0.0,0.0,0.0,0.0,0.0,0.0,0.0,0.0,0.0,0.0,0.0,0.0,0.0,0.0,0.0,0.0,0.0,0.0,0.0,0.0,0.0,0.0,0.0,0.0,0.0,0.0,0.0,0.0,0.0,0.0,0.0,0.0,0.0,0.0,0.0,0.0,0.0,0.0,0.0,0.0,0.0,0.0,0.0,-697.9613082377072,-697.9613082377072,-697.9613082377072,0.0,0.0,0.0,-118.37950889544929,-118.37950889544929,-118.37950889544929,-202.874890517312,-202.874890517312,-202.874890517312,-376.70690882494597,-376.70690882494597,-376.70690882494597,0.0,0.0,0.0,1502.9242941306443
2022-09-28,2203.0595331466598,1381.599973178559,1715.9762532866418,2203.0595331466598,2203.0595331466598,0.0,0.0,0.0,0.0,0.0,0.0,0.0,0.0,0.0,0.0,0.0,0.0,0.0,0.0,0.0,0.0,0.0,0.0,0.0,0.0,0.0,0.0,0.0,0.0,0.0,0.0,0.0,0.0,0.0,0.0,0.0,0.0,0.0,0.0,0.0,0.0,0.0,0.0,0.0,0.0,0.0,0.0,0.0,0.0,0.0,0.0,0.0,0.0,-659.9868551735009,-659.9868551735009,-659.9868551735009,0.0,0.0,0.0,-108.28320231884264,-108.28320231884264,-108.28320231884264,-181.71447593038963,-181.71447593038963,-181.71447593038963,-369.98917692426863,-369.98917692426863,-369.98917692426863,0.0,0.0,0.0,1543.072677973159
2022-09-29,2205.2334639249675,1581.5314692329541,1894.5811895751235,2205.2334639249675,2205.2334639249675,0.0,0.0,0.0,0.0,0.0,0.0,0.0,0.0,0.0,0.0,0.0,0.0,0.0,0.0,0.0,0.0,0.0,0.0,0.0,0.0,0.0,0.0,0.0,0.0,0.0,0.0,0.0,0.0,0.0,0.0,0.0,0.0,0.0,0.0,0.0,0.0,0.0,0.0,0.0,0.0,0.0,0.0,0.0,0.0,0.0,0.0,0.0,0.0,-469.4170659137133,-469.4170659137133,-469.4170659137133,0.0,0.0,0.0,-89.97010929123094,-89.97010929123094,-89.97010929123094,-16.877812964211433,-16.877812964211433,-16.877812964211433,-362.56914365827083,-362.56914365827083,-362.56914365827083,0.0,0.0,0.0,1735.8163980112543
2022-09-30,2207.4073947032757,1777.577358310773,2093.106282759951,2207.4073947032757,2207.4073947032757,0.0,0.0,0.0,0.0,0.0,0.0,0.0,0.0,0.0,0.0,0.0,0.0,0.0,0.0,0.0,0.0,0.0,0.0,0.0,0.0,0.0,0.0,0.0,0.0,0.0,0.0,0.0,0.0,0.0,0.0,0.0,0.0,0.0,0.0,0.0,0.0,0.0,0.0,0.0,0.0,0.0,0.0,0.0,0.0,0.0,0.0,0.0,0.0,-269.6677646799244,-269.6677646799244,-269.6677646799244,0.0,0.0,0.0,-66.23831792580101,-66.23831792580101,-66.23831792580101,151.1085948711675,151.1085948711675,151.1085948711675,-354.5380416252909,-354.5380416252909,-354.5380416252909,0.0,0.0,0.0,1937.7396300233513
2022-10-01,2209.5813254815835,1872.9731003625843,2197.3324233102085,2209.5813254815835,2209.5813254815835,0.0,0.0,0.0,0.0,0.0,0.0,0.0,0.0,0.0,0.0,0.0,0.0,0.0,0.0,0.0,0.0,0.0,0.0,0.0,0.0,0.0,0.0,0.0,0.0,0.0,0.0,0.0,0.0,0.0,0.0,0.0,0.0,0.0,0.0,0.0,0.0,0.0,0.0,0.0,0.0,0.0,0.0,0.0,0.0,0.0,0.0,0.0,0.0,-176.00125719653872,-176.00125719653872,-176.00125719653872,0.0,0.0,0.0,-40.098566655637654,-40.098566655637654,-40.098566655637654,210.1013893640579,210.1013893640579,210.1013893640579,-346.0040799049589,-346.0040799049589,-346.0040799049589,0.0,0.0,0.0,2033.5800682850447
2022-10-02,2211.755256259892,1798.907557370119,2108.864440301431,2211.755256259892,2211.755256259892,0.0,0.0,0.0,0.0,0.0,0.0,0.0,0.0,0.0,0.0,0.0,0.0,0.0,0.0,0.0,0.0,0.0,0.0,0.0,0.0,0.0,0.0,0.0,0.0,0.0,0.0,0.0,0.0,0.0,0.0,0.0,0.0,0.0,0.0,0.0,0.0,0.0,0.0,0.0,0.0,0.0,0.0,0.0,0.0,0.0,0.0,0.0,0.0,-250.58491360779712,-250.58491360779712,-250.58491360779712,0.0,0.0,0.0,-13.034689386286836,-13.034689386286836,-13.034689386286836,99.53964739358692,99.53964739358692,99.53964739358692,-337.0898716150972,-337.0898716150972,-337.0898716150972,0.0,0.0,0.0,1961.170342652095
2022-10-03,2213.9291870382,1683.8065349521066,2003.3963377941311,2213.9291870382,2213.9291870382,0.0,0.0,0.0,0.0,0.0,0.0,0.0,0.0,0.0,0.0,0.0,0.0,0.0,0.0,0.0,0.0,0.0,0.0,0.0,0.0,0.0,0.0,0.0,0.0,0.0,0.0,0.0,0.0,0.0,0.0,0.0,0.0,0.0,0.0,0.0,0.0,0.0,0.0,0.0,0.0,0.0,0.0,0.0,0.0,0.0,0.0,0.0,0.0,-372.635538193082,-372.635538193082,-372.635538193082,0.0,0.0,0.0,14.576332718366537,14.576332718366537,14.576332718366537,-59.2824522172168,-59.2824522172168,-59.2824522172168,-327.92941869423186,-327.92941869423186,-327.92941869423186,0.0,0.0,0.0,1841.2936488451178
2022-10-04,2216.1031178165085,1573.581148220702,1898.6698460465782,2216.1031178165085,2216.1031178165085,0.0,0.0,0.0,0.0,0.0,0.0,0.0,0.0,0.0,0.0,0.0,0.0,0.0,0.0,0.0,0.0,0.0,0.0,0.0,0.0,0.0,0.0,0.0,0.0,0.0,0.0,0.0,0.0,0.0,0.0,0.0,0.0,0.0,0.0,0.0,0.0,0.0,0.0,0.0,0.0,0.0,0.0,0.0,0.0,0.0,0.0,0.0,0.0,-479.43411180136513,-479.43411180136513,-479.43411180136513,0.0,0.0,0.0,42.10551230440846,42.10551230440846,42.10551230440846,-202.87489051735562,-202.87489051735562,-202.87489051735562,-318.6647335884181,-318.6647335884181,-318.6647335884181,0.0,0.0,0.0,1736.6690060151434
2022-10-05,2218.2770485948163,1622.671976536964,1960.0785499044387,2218.2770485948163,2218.2770485948163,0.0,0.0,0.0,0.0,0.0,0.0,0.0,0.0,0.0,0.0,0.0,0.0,0.0,0.0,0.0,0.0,0.0,0.0,0.0,0.0,0.0,0.0,0.0,0.0,0.0,0.0,0.0,0.0,0.0,0.0,0.0,0.0,0.0,0.0,0.0,0.0,0.0,0.0,0.0,0.0,0.0,0.0,0.0,0.0,0.0,0.0,0.0,0.0,-422.9572288604214,-422.9572288604214,-422.9572288604214,0.0,0.0,0.0,68.19943560333452,68.19943560333452,68.19943560333452,-181.714475930796,-181.714475930796,-181.714475930796,-309.44218853295996,-309.44218853295996,-309.44218853295996,0.0,0.0,0.0,1795.319819734395
2022-10-06,2220.450979268211,1844.5694301817095,2166.692601309225,2220.450979268211,2220.450979268211,0.0,0.0,0.0,0.0,0.0,0.0,0.0,0.0,0.0,0.0,0.0,0.0,0.0,0.0,0.0,0.0,0.0,0.0,0.0,0.0,0.0,0.0,0.0,0.0,0.0,0.0,0.0,0.0,0.0,0.0,0.0,0.0,0.0,0.0,0.0,0.0,0.0,0.0,0.0,0.0,0.0,0.0,0.0,0.0,0.0,0.0,0.0,0.0,-225.71280834585494,-225.71280834585494,-225.71280834585494,0.0,0.0,0.0,91.57369623130758,91.57369623130758,91.57369623130758,-16.877812964103303,-16.877812964103303,-16.877812964103303,-300.4086916130591,-300.4086916130591,-300.4086916130591,0.0,0.0,0.0,1994.7381709223562
2022-10-07,2222.624909941606,2035.0323728931694,2356.5407416654866,2222.624909941606,2222.624909941606,0.0,0.0,0.0,0.0,0.0,0.0,0.0,0.0,0.0,0.0,0.0,0.0,0.0,0.0,0.0,0.0,0.0,0.0,0.0,0.0,0.0,0.0,0.0,0.0,0.0,0.0,0.0,0.0,0.0,0.0,0.0,0.0,0.0,0.0,0.0,0.0,0.0,0.0,0.0,0.0,0.0,0.0,0.0,0.0,0.0,0.0,0.0,0.0,-28.814106735141852,-28.814106735141852,-28.814106735141852,0.0,0.0,0.0,111.7850928980058,111.7850928980058,111.7850928980058,151.10859487125083,151.10859487125083,151.10859487125083,-291.70779450439846,-291.70779450439846,-291.70779450439846,0.0,0.0,0.0,2193.8108032064642
2022-10-08,2224.798840615,2109.2134890692023,2444.908506247753,2224.798840615,2224.798840615,0.0,0.0,0.0,0.0,0.0,0.0,0.0,0.0,0.0,0.0,0.0,0.0,0.0,0.0,0.0,0.0,0.0,0.0,0.0,0.0,0.0,0.0,0.0,0.0,0.0,0.0,0.0,0.0,0.0,0.0,0.0,0.0,0.0,0.0,0.0,0.0,0.0,0.0,0.0,0.0,0.0,0.0,0.0,0.0,0.0,0.0,0.0,0.0,55.35124133169085,55.35124133169085,55.35124133169085,0.0,0.0,0.0,128.72569152099064,128.72569152099064,128.72569152099064,210.10138936401913,210.10138936401913,210.10138936401913,-283.4758395533189,-283.4758395533189,-283.4758395533189,0.0,0.0,0.0,2280.1500819466905
2022-10-09,2226.972771288394,2023.675405462363,2365.5035865995937,2226.972771288394,2226.972771288394,0.0,0.0,0.0,0.0,0.0,0.0,0.0,0.0,0.0,0.0,0.0,0.0,0.0,0.0,0.0,0.0,0.0,0.0,0.0,0.0,0.0,0.0,0.0,0.0,0.0,0.0,0.0,0.0,0.0,0.0,0.0,0.0,0.0,0.0,0.0,0.0,0.0,0.0,0.0,0.0,0.0,0.0,0.0,0.0,0.0,0.0,0.0,0.0,-35.042616845192455,-35.042616845192455,-35.042616845192455,0.0,0.0,0.0,141.25598932786426,141.25598932786426,141.25598932786426,99.53964739347468,99.53964739347468,99.53964739347468,-275.8382535665313,-275.8382535665313,-275.8382535665313,0.0,0.0,0.0,2191.930154443202
2022-10-10,2229.146701961789,1810.062890640282,2145.8902378074913,2229.146701961789,2229.146701961789,0.0,0.0,0.0,0.0,0.0,0.0,-71.68881778582676,-71.68881778582676,-71.68881778582676,0.0,0.0,0.0,0.0,0.0,0.0,0.0,0.0,0.0,0.0,0.0,0.0,0.0,0.0,0.0,0.0,0.0,0.0,0.0,0.0,0.0,0.0,0.0,0.0,0.0,0.0,0.0,0.0,0.0,0.0,0.0,0.0,0.0,0.0,0.0,0.0,0.0,0.0,0.0,-253.11265799508172,-253.11265799508172,-253.11265799508172,-71.68881778582676,-71.68881778582676,-71.68881778582676,146.76470433915347,146.76470433915347,146.76470433915347,-59.28245221735019,-59.28245221735019,-59.28245221735019,-268.9060923310583,-268.9060923310583,-268.9060923310583,0.0,0.0,0.0,1976.0340439667073
2022-10-11,2231.3206326351838,1745.332933846283,2067.301641960285,2231.3206326351838,2231.3206326351838,0.0,0.0,0.0,0.0,0.0,0.0,0.0,0.0,0.0,0.0,0.0,0.0,0.0,0.0,0.0,0.0,0.0,0.0,0.0,0.0,0.0,0.0,0.0,0.0,0.0,0.0,0.0,0.0,0.0,0.0,0.0,0.0,0.0,0.0,0.0,0.0,0.0,0.0,0.0,0.0,0.0,0.0,0.0,0.0,0.0,0.0,0.0,0.0,-322.8654199216791,-322.8654199216791,-322.8654199216791,0.0,0.0,0.0,142.7824041566854,142.7824041566854,142.7824041566854,-202.87489051710793,-202.87489051710793,-202.87489051710793,-262.7729335612566,-262.7729335612566,-262.7729335612566,0.0,0.0,0.0,1908.4552127135046
2022-10-12,2233.494563308578,1769.5740511767829,2095.016032806469,2233.494563308578,2233.494563308578,0.0,0.0,0.0,0.0,0.0,0.0,0.0,0.0,0.0,0.0,0.0,0.0,0.0,0.0,0.0,0.0,0.0,0.0,0.0,0.0,0.0,0.0,0.0,0.0,0.0,0.0,0.0,0.0,0.0,0.0,0.0,0.0,0.0,0.0,0.0,0.0,0.0,0.0,0.0,0.0,0.0,0.0,0.0,0.0,0.0,0.0,0.0,0.0,-309.6957281285024,-309.6957281285024,-309.6957281285024,0.0,0.0,0.0,129.53095463638604,129.53095463638604,129.53095463638604,-181.7144759307308,-181.7144759307308,-181.7144759307308,-257.5122068341576,-257.5122068341576,-257.5122068341576,0.0,0.0,0.0,1923.7988351800757
2022-10-13,2235.6684939819725,1918.5255999390974,2232.160592167404,2235.6684939819725,2235.6684939819725,0.0,0.0,0.0,0.0,0.0,0.0,0.0,0.0,0.0,0.0,0.0,0.0,0.0,0.0,0.0,0.0,0.0,0.0,0.0,0.0,0.0,0.0,0.0,0.0,0.0,0.0,0.0,0.0,0.0,0.0,0.0,0.0,0.0,0.0,0.0,0.0,0.0,0.0,0.0,0.0,0.0,0.0,0.0,0.0,0.0,0.0,0.0,0.0,-159.26614870197432,-159.26614870197432,-159.26614870197432,0.0,0.0,0.0,110.78670164321876,110.78670164321876,110.78670164321876,-16.87781296389692,-16.87781296389692,-16.87781296389692,-253.17503738129605,-253.17503738129605,-253.17503738129605,0.0,0.0,0.0,2076.4023452799984
2022-10-14,2237.842424655367,2056.988877099336,2396.162679600655,2237.842424655367,2237.842424655367,0.0,0.0,0.0,0.0,0.0,0.0,0.0,0.0,0.0,0.0,0.0,0.0,0.0,0.0,0.0,0.0,0.0,0.0,0.0,0.0,0.0,0.0,0.0,0.0,0.0,0.0,0.0,0.0,0.0,0.0,0.0,0.0,0.0,0.0,0.0,0.0,0.0,0.0,0.0,0.0,0.0,0.0,0.0,0.0,0.0,0.0,0.0,0.0,-7.1491291826335175,-7.1491291826335175,-7.1491291826335175,0.0,0.0,0.0,91.530942619204,91.530942619204,91.530942619204,151.10859487137273,151.10859487137273,151.10859487137273,-249.7886666732103,-249.7886666732103,-249.7886666732103,0.0,0.0,0.0,2230.693295472733
2022-10-15,2240.0163553287616,2121.960841019779,2442.1367532856525,2240.0163553287616,2240.0163553287616,0.0,0.0,0.0,0.0,0.0,0.0,0.0,0.0,0.0,0.0,0.0,0.0,0.0,0.0,0.0,0.0,0.0,0.0,0.0,0.0,0.0,0.0,0.0,0.0,0.0,0.0,0.0,0.0,0.0,0.0,0.0,0.0,0.0,0.0,0.0,0.0,0.0,0.0,0.0,0.0,0.0,0.0,0.0,0.0,0.0,0.0,0.0,0.0,36.6248753717519,36.6248753717519,36.6248753717519,0.0,0.0,0.0,73.87898296085602,73.87898296085602,73.87898296085602,210.10138936414762,210.10138936414762,210.10138936414762,-247.35549695325173,-247.35549695325173,-247.35549695325173,0.0,0.0,0.0,2276.6412307005135
2022-10-16,2242.1902860021564,1998.737581893174,2324.187985611795,2242.1902860021564,2242.1902860021564,0.0,0.0,0.0,0.0,0.0,0.0,0.0,0.0,0.0,0.0,0.0,0.0,0.0,0.0,0.0,0.0,0.0,0.0,0.0,0.0,0.0,0.0,0.0,0.0,0.0,0.0,0.0,0.0,0.0,0.0,0.0,0.0,0.0,0.0,0.0,0.0,0.0,0.0,0.0,0.0,0.0,0.0,0.0,0.0,0.0,0.0,0.0,0.0,-91.41621034943599,-91.41621034943599,-91.41621034943599,0.0,0.0,0.0,54.896931950784335,54.896931950784335,54.896931950784335,99.53964739397493,99.53964739397493,99.53964739397493,-245.8527896941953,-245.8527896941953,-245.8527896941953,0.0,0.0,0.0,2150.7740756527205
2022-10-17,2244.3642166755512,1813.933648663614,2135.8413539400785,2244.3642166755512,2244.3642166755512,0.0,0.0,0.0,0.0,0.0,0.0,0.0,0.0,0.0,0.0,0.0,0.0,0.0,0.0,0.0,0.0,0.0,0.0,0.0,0.0,0.0,0.0,0.0,0.0,0.0,0.0,0.0,0.0,0.0,0.0,0.0,0.0,0.0,0.0,0.0,0.0,0.0,0.0,0.0,0.0,0.0,0.0,0.0,0.0,0.0,0.0,0.0,0.0,-275.6986975773377,-275.6986975773377,-275.6986975773377,0.0,0.0,0.0,28.816784487827263,28.816784487827263,28.816784487827263,-59.28245221745998,-59.28245221745998,-59.28245221745998,-245.2330298477051,-245.2330298477051,-245.2330298477051,0.0,0.0,0.0,1968.6655190982135
2022-10-18,2246.538147348945,1636.5426702244142,1956.3397345519506,2246.538147348945,2246.538147348945,0.0,0.0,0.0,0.0,0.0,0.0,0.0,0.0,0.0,0.0,0.0,0.0,0.0,0.0,0.0,0.0,0.0,0.0,0.0,0.0,0.0,0.0,0.0,0.0,0.0,0.0,0.0,0.0,0.0,0.0,0.0,0.0,0.0,0.0,0.0,0.0,0.0,0.0,0.0,0.0,0.0,0.0,0.0,0.0,0.0,0.0,0.0,0.0,-455.86440991421574,-455.86440991421574,-455.86440991421574,0.0,0.0,0.0,-7.564570148724593,-7.564570148724593,-7.564570148724593,-202.87489051715153,-202.87489051715153,-202.87489051715153,-245.4249492483396,-245.4249492483396,-245.4249492483396,0.0,0.0,0.0,1790.6737374347294
2022-10-19,2248.7120780223395,1607.9417481613484,1926.9502870858796,2248.7120780223395,2248.7120780223395,0.0,0.0,0.0,0.0,0.0,0.0,0.0,0.0,0.0,0.0,0.0,0.0,0.0,0.0,0.0,0.0,0.0,0.0,0.0,0.0,0.0,0.0,0.0,0.0,0.0,0.0,0.0,0.0,0.0,0.0,0.0,0.0,0.0,0.0,0.0,0.0,0.0,0.0,0.0,0.0,0.0,0.0,0.0,0.0,0.0,0.0,0.0,0.0,-478.6904639097428,-478.6904639097428,-478.6904639097428,0.0,0.0,0.0,-50.64080383388522,-50.64080383388522,-50.64080383388522,-181.71447593066557,-181.71447593066557,-181.71447593066557,-246.33518414519202,-246.33518414519202,-246.33518414519202,0.0,0.0,0.0,1770.0216141125966
2022-10-20,2250.8860086957343,1730.4397560820673,2051.856137040153,2250.8860086957343,2250.8860086957343,0.0,0.0,0.0,0.0,0.0,0.0,0.0,0.0,0.0,0.0,0.0,0.0,0.0,0.0,0.0,0.0,0.0,0.0,0.0,0.0,0.0,0.0,0.0,0.0,0.0,0.0,0.0,0.0,0.0,0.0,0.0,0.0,0.0,0.0,0.0,0.0,0.0,0.0,0.0,0.0,0.0,0.0,0.0,0.0,0.0,0.0,0.0,0.0,-355.50383186727356,-355.50383186727356,-355.50383186727356,0.0,0.0,0.0,-90.77549481100276,-90.77549481100276,-90.77549481100276,-16.877812963788784,-16.877812963788784,-16.877812963788784,-247.85052409248206,-247.85052409248206,-247.85052409248206,0.0,0.0,0.0,1895.3821768284606
2022-10-21,2253.059939369129,1885.1692590785578,2210.8270960716236,2253.059939369129,2253.059939369129,0.0,0.0,0.0,0.0,0.0,0.0,0.0,0.0,0.0,0.0,0.0,0.0,0.0,0.0,0.0,0.0,0.0,0.0,0.0,0.0,0.0,0.0,0.0,0.0,0.0,0.0,0.0,0.0,0.0,0.0,0.0,0.0,0.0,0.0,0.0,0.0,0.0,0.0,0.0,0.0,0.0,0.0,0.0,0.0,0.0,0.0,0.0,0.0,-216.74532781455355,-216.74532781455355,-216.74532781455355,0.0,0.0,0.0,-118.01322984617283,-118.01322984617283,-118.01322984617283,151.10859487145603,151.10859487145603,151.10859487145603,-249.8406928398368,-249.8406928398368,-249.8406928398368,0.0,0.0,0.0,2036.3146115545755
2022-10-22,2255.2338700425234,1928.9682592421364,2253.2993085391286,2255.2338700425234,2255.2338700425234,0.0,0.0,0.0,0.0,0.0,0.0,0.0,0.0,0.0,0.0,0.0,0.0,0.0,0.0,0.0,0.0,0.0,0.0,0.0,0.0,0.0,0.0,0.0,0.0,0.0,0.0,0.0,0.0,0.0,0.0,0.0,0.0,0.0,0.0,0.0,0.0,0.0,0.0,0.0,0.0,0.0,0.0,0.0,0.0,0.0,0.0,0.0,0.0,-170.53636908611878,-170.53636908611878,-170.53636908611878,0.0,0.0,0.0,-128.47617154772902,-128.47617154772902,-128.47617154772902,210.10138936410888,210.10138936410888,210.10138936410888,-252.1615869024987,-252.1615869024987,-252.1615869024987,0.0,0.0,0.0,2084.697500956405
2022-10-23,2257.407800715918,1812.1165837518427,2137.0369817813244,2257.407800715918,2257.407800715918,0.0,0.0,0.0,0.0,0.0,0.0,0.0,0.0,0.0,0.0,0.0,0.0,0.0,0.0,0.0,0.0,0.0,0.0,0.0,0.0,0.0,0.0,0.0,0.0,0.0,0.0,0.0,0.0,0.0,0.0,0.0,0.0,0.0,0.0,0.0,0.0,0.0,0.0,0.0,0.0,0.0,0.0,0.0,0.0,0.0,0.0,0.0,0.0,-281.6019520460996,-281.6019520460996,-281.6019520460996,0.0,0.0,0.0,-126.48271484954164,-126.48271484954164,-126.48271484954164,99.53964739386443,99.53964739386443,99.53964739386443,-254.65888459042247,-254.65888459042247,-254.65888459042247,0.0,0.0,0.0,1975.8058486698183
2022-10-24,2259.581731389312,1664.411483196901,1980.2622096428238,2259.581731389312,2259.581731389312,0.0,0.0,0.0,0.0,0.0,0.0,0.0,0.0,0.0,0.0,0.0,0.0,0.0,0.0,0.0,0.0,0.0,0.0,0.0,0.0,0.0,0.0,0.0,0.0,0.0,0.0,0.0,0.0,0.0,0.0,0.0,0.0,0.0,0.0,0.0,0.0,0.0,0.0,0.0,0.0,0.0,0.0,0.0,0.0,0.0,0.0,0.0,0.0,-437.28989951436677,-437.28989951436677,-437.28989951436677,0.0,0.0,0.0,-120.83551949207079,-120.83551949207079,-120.83551949207079,-59.282452217616964,-59.282452217616964,-59.282452217616964,-257.17192780467906,-257.17192780467906,-257.17192780467906,0.0,0.0,0.0,1822.2918318749453
2022-10-25,2261.755662062707,1527.6063598113255,1843.4034879761857,2261.755662062707,2261.755662062707,0.0,0.0,0.0,0.0,0.0,0.0,0.0,0.0,0.0,0.0,0.0,0.0,0.0,0.0,0.0,0.0,0.0,0.0,0.0,0.0,0.0,0.0,0.0,0.0,0.0,0.0,0.0,0.0,0.0,0.0,0.0,0.0,0.0,0.0,0.0,0.0,0.0,0.0,0.0,0.0,0.0,0.0,0.0,0.0,0.0,0.0,0.0,0.0,-580.7726776516048,-580.7726776516048,-580.7726776516048,0.0,0.0,0.0,-118.3600159590923,-118.3600159590923,-118.3600159590923,-202.8748905172359,-202.8748905172359,-202.8748905172359,-259.5377711752766,-259.5377711752766,-259.5377711752766,0.0,0.0,0.0,1680.9829844111023
2022-10-26,2263.9295927361018,1532.0221377908,1851.003620477229,2263.9295927361018,2263.9295927361018,0.0,0.0,0.0,0.0,0.0,0.0,0.0,0.0,0.0,0.0,0.0,0.0,0.0,0.0,0.0,0.0,0.0,0.0,0.0,0.0,0.0,0.0,0.0,0.0,0.0,0.0,0.0,0.0,0.0,0.0,0.0,0.0,0.0,0.0,0.0,0.0,0.0,0.0,0.0,0.0,0.0,0.0,0.0,0.0,0.0,0.0,0.0,0.0,-563.0219737162408,-563.0219737162408,-563.0219737162408,0.0,0.0,0.0,-119.71220944513189,-119.71220944513189,-119.71220944513189,-181.71447593055046,-181.71447593055046,-181.71447593055046,-261.59528834055845,-261.59528834055845,-261.59528834055845,0.0,0.0,0.0,1700.907619019861
2022-10-27,2266.103523409496,1695.1308215797133,2033.327929409693,2266.103523409496,2266.103523409496,0.0,0.0,0.0,0.0,0.0,0.0,0.0,0.0,0.0,0.0,0.0,0.0,0.0,0.0,0.0,0.0,0.0,0.0,0.0,0.0,0.0,0.0,0.0,0.0,0.0,0.0,0.0,0.0,0.0,0.0,0.0,0.0,0.0,0.0,0.0,0.0,0.0,0.0,0.0,0.0,0.0,0.0,0.0,0.0,0.0,0.0,0.0,0.0,-400.3078302217796,-400.3078302217796,-400.3078302217796,0.0,0.0,0.0,-120.24079376053221,-120.24079376053221,-120.24079376053221,-16.877812964436025,-16.877812964436025,-16.877812964436025,-263.1892234968114,-263.1892234968114,-263.1892234968114,0.0,0.0,0.0,1865.7956931877166
2022-10-28,2268.2774540828905,1881.9111583783551,2206.058687078145,2268.2774540828905,2268.2774540828905,0.0,0.0,0.0,0.0,0.0,0.0,0.0,0.0,0.0,0.0,0.0,0.0,0.0,0.0,0.0,0.0,0.0,0.0,0.0,0.0,0.0,0.0,0.0,0.0,0.0,0.0,0.0,0.0,0.0,0.0,0.0,0.0,0.0,0.0,0.0,0.0,0.0,0.0,0.0,0.0,0.0,0.0,0.0,0.0,0.0,0.0,0.0,0.0,-227.50937832993313,-227.50937832993313,-227.50937832993313,0.0,0.0,0.0,-114.44389537143987,-114.44389537143987,-114.44389537143987,151.10859487157794,151.10859487157794,151.10859487157794,-264.1740778300712,-264.1740778300712,-264.1740778300712,0.0,0.0,0.0,2040.7680757529574
2022-10-29,2270.451384756285,1952.8023634551791,2266.6306301723707,2270.451384756285,2270.451384756285,0.0,0.0,0.0,0.0,0.0,0.0,0.0,0.0,0.0,0.0,0.0,0.0,0.0,0.0,0.0,0.0,0.0,0.0,0.0,0.0,0.0,0.0,0.0,0.0,0.0,0.0,0.0,0.0,0.0,0.0,0.0,0.0,0.0,0.0,0.0,0.0,0.0,0.0,0.0,0.0,0.0,0.0,0.0,0.0,0.0,0.0,0.0,0.0,-154.33397128286276,-154.33397128286276,-154.33397128286276,0.0,0.0,0.0,-100.01763560364144,-100.01763560364144,-100.01763560364144,210.10138936409066,210.10138936409066,210.10138936409066,-264.4177250433119,-264.4177250433119,-264.4177250433119,0.0,0.0,0.0,2116.117413473422
2022-10-30,2272.6253154296796,1855.6664309810435,2187.471534904843,2272.6253154296796,2272.6253154296796,0.0,0.0,0.0,0.0,0.0,0.0,0.0,0.0,0.0,0.0,0.0,0.0,0.0,0.0,0.0,0.0,0.0,0.0,0.0,0.0,0.0,0.0,0.0,0.0,0.0,0.0,0.0,0.0,0.0,0.0,0.0,0.0,0.0,0.0,0.0,0.0,0.0,0.0,0.0,0.0,0.0,0.0,0.0,0.0,0.0,0.0,0.0,0.0,-242.83230443751748,-242.83230443751748,-242.83230443751748,0.0,0.0,0.0,-78.56729404792459,-78.56729404792459,-78.56729404792459,99.53964739375392,99.53964739375392,99.53964739375392,-263.8046577833469,-263.8046577833469,-263.8046577833469,0.0,0.0,0.0,2029.7930109921622
2022-10-31,2274.7992461030744,1745.8945959768869,2065.7762379781,2274.7992461030744,2274.7992461030744,0.0,0.0,0.0,0.0,0.0,0.0,0.0,0.0,0.0,0.0,0.0,0.0,0.0,0.0,0.0,0.0,0.0,0.0,0.0,0.0,0.0,0.0,0.0,0.0,0.0,0.0,0.0,0.0,0.0,0.0,0.0,0.0,0.0,0.0,0.0,0.0,0.0,0.0,0.0,0.0,0.0,0.0,0.0,0.0,0.0,0.0,0.0,0.0,-374.8575228917217,-374.8575228917217,-374.8575228917217,0.0,0.0,0.0,-53.33629353304472,-53.33629353304472,-53.33629353304472,-59.282452217726764,-59.282452217726764,-59.282452217726764,-262.2387771409501,-262.2387771409501,-262.2387771409501,0.0,0.0,0.0,1899.9417232113528
2022-11-01,2276.973176776469,1623.2803182354585,1955.3383942557182,2276.973176776469,2276.973176776469,0.0,0.0,0.0,0.0,0.0,0.0,0.0,0.0,0.0,0.0,0.0,0.0,0.0,0.0,0.0,0.0,0.0,0.0,0.0,0.0,0.0,0.0,0.0,0.0,0.0,0.0,0.0,0.0,0.0,0.0,0.0,0.0,0.0,0.0,0.0,0.0,0.0,0.0,0.0,0.0,0.0,0.0,0.0,0.0,0.0,0.0,0.0,0.0,-489.16968015674047,-489.16968015674047,-489.16968015674047,0.0,0.0,0.0,-26.64913938858671,-26.64913938858671,-26.64913938858671,-202.8748905169474,-202.8748905169474,-202.8748905169474,-259.64565025120635,-259.64565025120635,-259.64565025120635,0.0,0.0,0.0,1787.8034966197283
2022-11-02,2279.147107449863,1669.9587132093784,2000.5704591111833,2279.147107449863,2279.147107449863,0.0,0.0,0.0,0.0,0.0,0.0,0.0,0.0,0.0,0.0,0.0,0.0,0.0,0.0,0.0,0.0,0.0,0.0,0.0,0.0,0.0,0.0,0.0,0.0,0.0,0.0,0.0,0.0,0.0,0.0,0.0,0.0,0.0,0.0,0.0,0.0,0.0,0.0,0.0,0.0,0.0,0.0,0.0,0.0,0.0,0.0,0.0,0.0,-436.96587108339037,-436.96587108339037,-436.96587108339037,0.0,0.0,0.0,0.7227808429269899,0.7227808429269899,0.7227808429269899,-181.71447593043536,-181.71447593043536,-181.71447593043536,-255.974175995882,-255.974175995882,-255.974175995882,0.0,0.0,0.0,1842.1812363664728
2022-11-03,2281.3210381232575,1869.5095087455554,2213.6511295823857,2281.3210381232575,2281.3210381232575,0.0,0.0,0.0,0.0,0.0,0.0,0.0,0.0,0.0,0.0,0.0,0.0,0.0,0.0,0.0,0.0,0.0,0.0,0.0,0.0,0.0,0.0,0.0,0.0,0.0,0.0,0.0,0.0,0.0,0.0,0.0,0.0,0.0,0.0,0.0,0.0,0.0,0.0,0.0,0.0,0.0,0.0,0.0,0.0,0.0,0.0,0.0,0.0,-239.6515761011894,-239.6515761011894,-239.6515761011894,0.0,0.0,0.0,28.42385234172339,28.42385234172339,28.42385234172339,-16.877812964278768,-16.877812964278768,-16.877812964278768,-251.19761547863405,-251.19761547863405,-251.19761547863405,0.0,0.0,0.0,2041.669462022068
2022-11-04,2283.4949687966523,2085.008637108838,2412.7348648099955,2283.4949687966523,2283.4949687966523,0.0,0.0,0.0,0.0,0.0,0.0,0.0,0.0,0.0,0.0,0.0,0.0,0.0,0.0,0.0,0.0,0.0,0.0,0.0,0.0,0.0,0.0,0.0,0.0,0.0,0.0,0.0,0.0,0.0,0.0,0.0,0.0,0.0,0.0,0.0,0.0,0.0,0.0,0.0,0.0,0.0,0.0,0.0,0.0,0.0,0.0,0.0,0.0,-38.778141500047035,-38.778141500047035,-38.778141500047035,0.0,0.0,0.0,55.427225462285456,55.427225462285456,55.427225462285456,151.10859487162264,151.10859487162264,151.10859487162264,-245.3139618339551,-245.3139618339551,-245.3139618339551,0.0,0.0,0.0,2244.716827296605
2022-11-05,2285.668899470047,2174.3249575499976,2493.947702942626,2285.668899470047,2285.668899470047,0.0,0.0,0.0,0.0,0.0,0.0,0.0,0.0,0.0,0.0,0.0,0.0,0.0,0.0,0.0,0.0,0.0,0.0,0.0,0.0,0.0,0.0,0.0,0.0,0.0,0.0,0.0,0.0,0.0,0.0,0.0,0.0,0.0,0.0,0.0,0.0,0.0,0.0,0.0,0.0,0.0,0.0,0.0,0.0,0.0,0.0,0.0,0.0,52.03119513165104,52.03119513165104,52.03119513165104,0.0,0.0,0.0,80.2754482987595,80.2754482987595,80.2754482987595,210.10138936407233,210.10138936407233,210.10138936407233,-238.34564253118083,-238.34564253118083,-238.34564253118083,0.0,0.0,0.0,2337.7000946016983
2022-11-06,2287.8428301434415,2096.8648058087238,2426.0741228478023,2287.8428301434415,2287.8428301434415,0.0,0.0,0.0,0.0,0.0,0.0,0.0,0.0,0.0,0.0,0.0,0.0,0.0,0.0,0.0,0.0,0.0,0.0,0.0,0.0,0.0,0.0,0.0,0.0,0.0,0.0,0.0,0.0,0.0,0.0,0.0,0.0,0.0,0.0,0.0,0.0,0.0,0.0,0.0,0.0,0.0,0.0,0.0,0.0,0.0,0.0,0.0,0.0,-28.72514564664506,-28.72514564664506,-28.72514564664506,0.0,0.0,0.0,102.07377307511409,102.07377307511409,102.07377307511409,99.5396473936417,99.5396473936417,99.5396473936417,-230.33856611540085,-230.33856611540085,-230.33856611540085,0.0,0.0,0.0,2259.1176844967963
2022-11-07,2290.016760816836,1966.7109090600138,2289.8906453086365,2290.016760816836,2290.016760816836,0.0,0.0,0.0,0.0,0.0,0.0,0.0,0.0,0.0,0.0,0.0,0.0,0.0,0.0,0.0,0.0,0.0,0.0,0.0,0.0,0.0,0.0,0.0,0.0,0.0,0.0,0.0,0.0,0.0,0.0,0.0,0.0,0.0,0.0,0.0,0.0,0.0,0.0,0.0,0.0,0.0,0.0,0.0,0.0,0.0,0.0,0.0,0.0,-159.94612602425428,-159.94612602425428,-159.94612602425428,0.0,0.0,0.0,120.69686994446958,120.69686994446958,120.69686994446958,-59.282452217155104,-59.282452217155104,-59.282452217155104,-221.36054375156883,-221.36054375156883,-221.36054375156883,0.0,0.0,0.0,2130.0706347925816
2022-11-08,2292.19069149023,1845.499901590922,2184.581733967327,2292.19069149023,2292.19069149023,0.0,0.0,0.0,0.0,0.0,0.0,0.0,0.0,0.0,0.0,0.0,0.0,0.0,0.0,0.0,0.0,0.0,0.0,0.0,0.0,0.0,0.0,0.0,0.0,0.0,0.0,0.0,0.0,0.0,0.0,0.0,0.0,0.0,0.0,0.0,0.0,0.0,0.0,0.0,0.0,0.0,0.0,0.0,0.0,0.0,0.0,0.0,0.0,-278.69423946766426,-278.69423946766426,-278.69423946766426,0.0,0.0,0.0,135.67978452800358,135.67978452800358,135.67978452800358,-202.87489051703182,-202.87489051703182,-202.87489051703182,-211.49913347863608,-211.49913347863608,-211.49913347863608,0.0,0.0,0.0,2013.4964520225658
2022-11-09,2294.364622163625,1901.6566856961397,2230.5178283185305,2294.364622163625,2294.364622163625,0.0,0.0,0.0,0.0,0.0,0.0,0.0,0.0,0.0,0.0,0.0,0.0,0.0,0.0,0.0,0.0,0.0,0.0,0.0,0.0,0.0,0.0,0.0,0.0,0.0,0.0,0.0,0.0,0.0,0.0,0.0,0.0,0.0,0.0,0.0,0.0,0.0,0.0,0.0,0.0,0.0,0.0,0.0,0.0,0.0,0.0,0.0,0.0,-237.49645297443035,-237.49645297443035,-237.49645297443035,0.0,0.0,0.0,145.07699419525403,145.07699419525403,145.07699419525403,-181.71447593037018,-181.71447593037018,-181.71447593037018,-200.8589712393143,-200.8589712393143,-200.8589712393143,0.0,0.0,0.0,2056.8681691891948
2022-11-10,2296.53855283702,2077.915264135795,2402.717190381366,2296.53855283702,2296.53855283702,0.0,0.0,0.0,0.0,0.0,0.0,0.0,0.0,0.0,0.0,0.0,0.0,0.0,0.0,0.0,0.0,0.0,0.0,0.0,0.0,0.0,0.0,0.0,0.0,0.0,0.0,0.0,0.0,0.0,0.0,0.0,0.0,0.0,0.0,0.0,0.0,0.0,0.0,0.0,0.0,0.0,0.0,0.0,0.0,0.0,0.0,0.0,0.0,-60.40253927215441,-60.40253927215441,-60.40253927215441,0.0,0.0,0.0,146.03394075446906,146.03394075446906,146.03394075446906,-16.87781296412151,-16.87781296412151,-16.87781296412151,-189.558667062502,-189.558667062502,-189.558667062502,0.0,0.0,0.0,2236.136013564865
2022-11-11,2298.7124835104137,2277.1896682107576,2607.3187460296663,2298.7124835104137,2298.7124835104137,0.0,0.0,0.0,0.0,0.0,0.0,0.0,0.0,0.0,0.0,0.0,0.0,0.0,0.0,0.0,0.0,0.0,0.0,0.0,0.0,0.0,0.0,0.0,0.0,0.0,0.0,0.0,0.0,0.0,0.0,0.0,0.0,0.0,0.0,0.0,0.0,0.0,0.0,0.0,28.753142494870637,28.753142494870637,28.753142494870637,0.0,0.0,0.0,0.0,0.0,0.0,139.28504287686394,139.28504287686394,139.28504287686394,28.753142494870637,28.753142494870637,28.753142494870637,137.15066234293351,137.15066234293351,137.15066234293351,151.10859487174454,151.10859487174454,151.10859487174454,-177.72735683268476,-177.72735683268476,-177.72735683268476,0.0,0.0,0.0,2437.9975263872775
2022-11-12,2300.8864141838085,2304.1261832079063,2623.4655065981583,2300.8864141838085,2300.8864141838085,0.0,0.0,0.0,0.0,0.0,0.0,0.0,0.0,0.0,0.0,0.0,0.0,0.0,0.0,0.0,0.0,0.0,0.0,0.0,0.0,0.0,0.0,0.0,0.0,0.0,0.0,0.0,0.0,0.0,0.0,0.0,0.0,0.0,0.0,0.0,0.0,0.0,0.0,0.0,0.0,0.0,0.0,0.0,0.0,0.0,0.0,0.0,0.0,165.11543631681283,165.11543631681283,165.11543631681283,0.0,0.0,0.0,120.51505649178165,120.51505649178165,120.51505649178165,210.10138936418036,210.10138936418036,210.10138936418036,-165.50100953914924,-165.50100953914924,-165.50100953914924,0.0,0.0,0.0,2466.0018505006215
2022-11-13,2303.060344857203,2190.665272416895,2514.530906853801,2303.060344857203,2303.060344857203,0.0,0.0,0.0,0.0,0.0,0.0,0.0,0.0,0.0,0.0,0.0,0.0,0.0,0.0,0.0,0.0,0.0,0.0,0.0,0.0,0.0,0.0,0.0,0.0,0.0,0.0,0.0,0.0,0.0,0.0,0.0,0.0,0.0,0.0,0.0,0.0,0.0,0.0,0.0,0.0,0.0,0.0,0.0,0.0,0.0,0.0,0.0,0.0,47.500358895585585,47.500358895585585,47.500358895585585,0.0,0.0,0.0,100.97930799022127,100.97930799022127,100.97930799022127,99.53964739352946,99.53964739352946,99.53964739352946,-153.01859648816514,-153.01859648816514,-153.01859648816514,0.0,0.0,0.0,2350.5607037527884
2022-11-14,2305.2342755305976,2014.2642144837428,2352.446588312424,2305.2342755305976,2305.2342755305976,0.0,0.0,0.0,0.0,0.0,0.0,0.0,0.0,0.0,0.0,0.0,0.0,0.0,0.0,0.0,0.0,0.0,0.0,0.0,0.0,0.0,0.0,0.0,0.0,0.0,0.0,0.0,0.0,0.0,0.0,0.0,0.0,0.0,0.0,0.0,0.0,0.0,0.0,0.0,0.0,0.0,0.0,0.0,0.0,0.0,0.0,0.0,0.0,-117.12832931515517,-117.12832931515517,-117.12832931515517,0.0,0.0,0.0,82.57235539676225,82.57235539676225,82.57235539676225,-59.282452217288494,-59.282452217288494,-59.282452217288494,-140.4182324946289,-140.4182324946289,-140.4182324946289,0.0,0.0,0.0,2188.1059462154426
2022-11-15,2307.408206203992,1870.8217055119212,2190.3125929552316,2307.408206203992,2307.408206203992,0.0,0.0,0.0,0.0,0.0,0.0,0.0,0.0,0.0,0.0,0.0,0.0,0.0,0.0,0.0,0.0,0.0,0.0,0.0,0.0,0.0,0.0,0.0,0.0,0.0,0.0,0.0,0.0,0.0,0.0,0.0,0.0,0.0,0.0,0.0,0.0,0.0,0.0,0.0,0.0,0.0,0.0,0.0,0.0,0.0,0.0,0.0,0.0,-265.80355214675734,-265.80355214675734,-265.80355214675734,0.0,0.0,0.0,64.90473781832685,64.90473781832685,64.90473781832685,-202.87489051703463,-202.87489051703463,-202.87489051703463,-127.83339944804956,-127.83339944804956,-127.83339944804956,0.0,0.0,0.0,2041.6046540572347
2022-11-16,2309.582136877387,1893.9178505966718,2217.0766438488563,2309.582136877387,2309.582136877387,0.0,0.0,0.0,0.0,0.0,0.0,0.0,0.0,0.0,0.0,0.0,0.0,0.0,0.0,0.0,0.0,0.0,0.0,0.0,0.0,0.0,0.0,0.0,0.0,0.0,0.0,0.0,0.0,0.0,0.0,0.0,0.0,0.0,0.0,0.0,0.0,0.0,0.0,0.0,0.0,0.0,0.0,0.0,0.0,0.0,0.0,0.0,0.0,-254.03171191773146,-254.03171191773146,-254.03171191773146,0.0,0.0,0.0,43.07212387424258,43.07212387424258,43.07212387424258,-181.71447593030496,-181.71447593030496,-181.71447593030496,-115.38935986166913,-115.38935986166913,-115.38935986166913,0.0,0.0,0.0,2055.550424959655
2022-11-17,2311.756067550781,2053.0443982945967,2384.6320966690723,2311.756067550781,2311.756067550781,0.0,0.0,0.0,0.0,0.0,0.0,0.0,0.0,0.0,0.0,0.0,0.0,0.0,0.0,0.0,0.0,0.0,0.0,0.0,0.0,0.0,0.0,0.0,0.0,0.0,0.0,0.0,0.0,0.0,0.0,0.0,0.0,0.0,0.0,0.0,0.0,0.0,0.0,0.0,0.0,0.0,0.0,0.0,0.0,0.0,0.0,0.0,0.0,-108.2091617660239,-108.2091617660239,-108.2091617660239,0.0,0.0,0.0,11.868513343182272,11.868513343182272,11.868513343182272,-16.877812964013376,-16.877812964013376,-16.877812964013376,-103.19986214519278,-103.19986214519278,-103.19986214519278,0.0,0.0,0.0,2203.546905784757
2022-11-18,2313.6086658318973,2191.5558114330156,2518.545405727637,2313.6086658318973,2313.6086658318973,0.0,0.0,0.0,0.0,0.0,0.0,0.0,0.0,0.0,0.0,0.0,0.0,0.0,0.0,0.0,0.0,0.0,0.0,0.0,0.0,0.0,0.0,0.0,0.0,0.0,0.0,0.0,0.0,0.0,0.0,0.0,0.0,0.0,0.0,0.0,0.0,0.0,0.0,0.0,0.0,0.0,0.0,0.0,0.0,0.0,0.0,0.0,0.0,30.967636702648253,30.967636702648253,30.967636702648253,0.0,0.0,0.0,-28.776727607874747,-28.776727607874747,-28.776727607874747,151.10859487128204,151.10859487128204,151.10859487128204,-91.364230560759,-91.364230560759,-91.364230560759,0.0,0.0,0.0,2344.5763025345454
2022-11-19,2315.461264113014,2211.2965977765152,2534.9496388790535,2315.461264113014,2315.461264113014,0.0,0.0,0.0,0.0,0.0,0.0,0.0,0.0,0.0,0.0,0.0,0.0,0.0,0.0,0.0,0.0,0.0,0.0,0.0,0.0,0.0,0.0,0.0,0.0,0.0,0.0,0.0,0.0,0.0,0.0,0.0,0.0,0.0,0.0,0.0,0.0,0.0,0.0,0.0,0.0,0.0,0.0,0.0,0.0,0.0,0.0,0.0,0.0,58.36038673468829,58.36038673468829,58.36038673468829,0.0,0.0,0.0,-71.7760812449299,-71.7760812449299,-71.7760812449299,210.10138936414162,210.10138936414162,210.10138936414162,-79.96492138452341,-79.96492138452341,-79.96492138452341,0.0,0.0,0.0,2373.821650847702
2022-11-20,2317.31386239413,2067.0455938268965,2410.3210691681043,2317.31386239413,2317.31386239413,0.0,0.0,0.0,0.0,0.0,0.0,0.0,0.0,0.0,0.0,0.0,0.0,0.0,0.0,0.0,0.0,0.0,0.0,0.0,0.0,0.0,0.0,0.0,0.0,0.0,0.0,0.0,0.0,0.0,0.0,0.0,0.0,0.0,0.0,0.0,0.0,0.0,0.0,0.0,0.0,0.0,0.0,0.0,0.0,0.0,0.0,0.0,0.0,-75.97209006307786,-75.97209006307786,-75.97209006307786,0.0,0.0,0.0,-106.44612442310375,-106.44612442310375,-106.44612442310375,99.53964739341896,99.53964739341896,99.53964739341896,-69.06561303339303,-69.06561303339303,-69.06561303339303,0.0,0.0,0.0,2241.341772331052
2022-11-21,2319.166460675246,1911.9881060505884,2239.1230505259396,2319.166460675246,2319.166460675246,0.0,0.0,0.0,0.0,0.0,0.0,0.0,0.0,0.0,0.0,0.0,0.0,0.0,0.0,0.0,0.0,0.0,0.0,0.0,0.0,0.0,0.0,0.0,0.0,0.0,0.0,0.0,0.0,0.0,0.0,0.0,0.0,0.0,0.0,0.0,0.0,0.0,0.0,0.0,0.0,0.0,0.0,0.0,0.0,0.0,0.0,0.0,0.0,-243.23785160358003,-243.23785160358003,-243.23785160358003,0.0,0.0,0.0,-125.24551716432515,-125.24551716432515,-125.24551716432515,-59.28245221742187,-59.28245221742187,-59.28245221742187,-58.70988222183301,-58.70988222183301,-58.70988222183301,0.0,0.0,0.0,2075.928609071666
2022-11-22,2321.0190589563626,1766.6448697362644,2093.2247684124986,2321.0190589563626,2321.0190589563626,0.0,0.0,0.0,0.0,0.0,0.0,0.0,0.0,0.0,0.0,0.0,0.0,0.0,0.0,0.0,0.0,0.0,0.0,0.0,0.0,0.0,0.0,0.0,0.0,0.0,0.0,0.0,0.0,0.0,0.0,0.0,0.0,0.0,0.0,0.0,0.0,0.0,0.0,0.0,0.0,0.0,0.0,0.0,0.0,0.0,0.0,0.0,0.0,-380.31199657799584,-380.31199657799584,-380.31199657799584,0.0,0.0,0.0,-128.5166050129358,-128.5166050129358,-128.5166050129358,-202.87489051711904,-202.87489051711904,-202.87489051711904,-48.92050104794099,-48.92050104794099,-48.92050104794099,0.0,0.0,0.0,1940.7070623783668
2022-11-23,2322.8716572374783,1804.9499906735,2136.584256538988,2322.8716572374783,2322.8716572374783,0.0,0.0,0.0,0.0,0.0,0.0,0.0,0.0,0.0,0.0,0.0,0.0,0.0,0.0,0.0,0.0,0.0,0.0,0.0,0.0,0.0,0.0,0.0,0.0,0.0,0.0,0.0,0.0,0.0,0.0,0.0,0.0,0.0,0.0,0.0,0.0,0.0,0.0,0.0,0.0,0.0,0.0,0.0,0.0,0.0,0.0,0.0,0.0,-344.98538704060536,-344.98538704060536,-344.98538704060536,0.0,0.0,0.0,-123.57153935194225,-123.57153935194225,-123.57153935194225,-181.71447593066145,-181.71447593066145,-181.71447593066145,-39.69937175800169,-39.69937175800169,-39.69937175800169,0.0,0.0,0.0,1977.8862701968728
2022-11-24,2324.724255518595,1850.1716608721663,2180.456570488631,2324.724255518595,2324.724255518595,0.0,0.0,0.0,0.0,0.0,0.0,0.0,0.0,0.0,0.0,0.0,0.0,0.0,0.0,0.0,0.0,0.0,0.0,0.0,0.0,0.0,0.0,0.0,0.0,0.0,0.0,0.0,0.0,0.0,0.0,0.0,0.0,0.0,0.0,0.0,0.0,-148.4755809062341,-148.4755809062341,-148.4755809062341,0.0,0.0,0.0,0.0,0.0,0.0,0.0,0.0,0.0,-315.3817174641642,-315.3817174641642,-315.3817174641642,-148.4755809062341,-148.4755809062341,-148.4755809062341,-119.00022625871966,-119.00022625871966,-119.00022625871966,-16.877812963905242,-16.877812963905242,-16.877812963905242,-31.02809733530519,-31.02809733530519,-31.02809733530519,0.0,0.0,0.0,2009.3425380544306
2022-11-25,2326.576853799711,2173.95534454712,2498.4294566753183,2326.576853799711,2326.576853799711,0.0,0.0,0.0,0.0,0.0,0.0,0.0,0.0,0.0,0.0,0.0,0.0,0.0,0.0,0.0,0.0,0.0,0.0,0.0,0.0,0.0,0.0,0.0,0.0,0.0,0.0,0.0,0.0,0.0,0.0,0.0,0.0,0.0,0.0,0.0,0.0,0.0,0.0,0.0,0.0,0.0,0.0,0.0,0.0,0.0,0.0,0.0,0.0,9.471853236706314,9.471853236706314,9.471853236706314,0.0,0.0,0.0,-118.76757410149922,-118.76757410149922,-118.76757410149922,151.10859487140397,151.10859487140397,151.10859487140397,-22.869167533198397,-22.869167533198397,-22.869167533198397,0.0,0.0,0.0,2336.0487070364175
2022-11-26,2328.429452080827,2239.51232869017,2559.4375906852138,2328.429452080827,2328.429452080827,0.0,0.0,0.0,0.0,0.0,0.0,0.0,0.0,0.0,0.0,0.0,0.0,0.0,0.0,0.0,0.0,0.0,0.0,0.0,0.0,0.0,0.0,0.0,0.0,0.0,0.0,0.0,0.0,0.0,0.0,0.0,0.0,0.0,0.0,0.0,0.0,0.0,0.0,0.0,0.0,0.0,0.0,0.0,0.0,0.0,0.0,0.0,0.0,74.47065447993029,74.47065447993029,74.47065447993029,0.0,0.0,0.0,-120.46301282181157,-120.46301282181157,-120.46301282181157,210.10138936414384,210.10138936414384,210.10138936414384,-15.167722062401962,-15.167722062401962,-15.167722062401962,0.0,0.0,0.0,2402.900106560757
2022-11-27,2330.282050361943,2136.7966435127973,2462.423405053312,2330.282050361943,2330.282050361943,0.0,0.0,0.0,0.0,0.0,0.0,0.0,0.0,0.0,0.0,0.0,0.0,0.0,0.0,0.0,0.0,0.0,0.0,0.0,0.0,0.0,0.0,0.0,0.0,0.0,0.0,0.0,0.0,0.0,0.0,0.0,0.0,0.0,0.0,0.0,0.0,0.0,0.0,0.0,0.0,0.0,0.0,0.0,0.0,0.0,0.0,0.0,0.0,-26.693697363806535,-26.693697363806535,-26.693697363806535,0.0,0.0,0.0,-118.37950889545418,-118.37950889545418,-118.37950889545418,99.53964739330847,99.53964739330847,99.53964739330847,-7.853835861660822,-7.853835861660822,-7.853835861660822,0.0,0.0,0.0,2303.5883529981365
2022-11-28,2332.1346486430593,1998.3170268643405,2326.5429491055083,2332.1346486430593,2332.1346486430593,0.0,0.0,0.0,0.0,0.0,0.0,0.0,0.0,0.0,0.0,0.0,0.0,0.0,0.0,0.0,0.0,0.0,0.0,0.0,0.0,0.0,0.0,0.0,0.0,0.0,0.0,0.0,0.0,0.0,0.0,0.0,0.0,0.0,0.0,0.0,0.0,0.0,0.0,0.0,0.0,0.0,0.0,0.0,0.0,0.0,0.0,0.0,0.0,-168.41091074943577,-168.41091074943577,-168.41091074943577,0.0,0.0,0.0,-108.28320231888405,-108.28320231888405,-108.28320231888405,-59.28245221685021,-59.28245221685021,-59.28245221685021,-0.8452562137015213,-0.8452562137015213,-0.8452562137015213,0.0,0.0,0.0,2163.7237378936234
2022-11-29,2333.987246924176,1888.5863681013614,2214.5067608832946,2333.987246924176,2333.987246924176,0.0,0.0,0.0,0.0,0.0,0.0,0.0,0.0,0.0,0.0,0.0,0.0,0.0,0.0,0.0,0.0,0.0,0.0,0.0,0.0,0.0,0.0,0.0,0.0,0.0,0.0,0.0,0.0,0.0,0.0,0.0,0.0,0.0,0.0,0.0,0.0,0.0,0.0,0.0,0.0,0.0,0.0,0.0,0.0,0.0,0.0,0.0,0.0,-286.89550815959797,-286.89550815959797,-286.89550815959797,0.0,0.0,0.0,-89.9701092912341,-89.9701092912341,-89.9701092912341,-202.87489051716267,-202.87489051716267,-202.87489051716267,5.949491648798774,5.949491648798774,5.949491648798774,0.0,0.0,0.0,2047.091738764578
2022-11-30,2335.839845205292,1934.353215045142,2255.2112838768094,2335.839845205292,2335.839845205292,0.0,0.0,0.0,0.0,0.0,0.0,0.0,0.0,0.0,0.0,0.0,0.0,0.0,0.0,0.0,0.0,0.0,0.0,0.0,0.0,0.0,0.0,0.0,0.0,0.0,0.0,0.0,0.0,0.0,0.0,0.0,0.0,0.0,0.0,0.0,0.0,0.0,0.0,0.0,0.0,0.0,0.0,0.0,0.0,0.0,0.0,0.0,0.0,-235.3250693653109,-235.3250693653109,-235.3250693653109,0.0,0.0,0.0,-66.23831792581433,-66.23831792581433,-66.23831792581433,-181.7144759305463,-181.7144759305463,-181.7144759305463,12.627724491049749,12.627724491049749,12.627724491049749,0.0,0.0,0.0,2100.514775839981
2022-12-01,2337.692443486408,2145.147398565332,2470.7889643364624,2337.692443486408,2337.692443486408,0.0,0.0,0.0,0.0,0.0,0.0,0.0,0.0,0.0,0.0,0.0,0.0,0.0,0.0,0.0,0.0,0.0,0.0,0.0,0.0,0.0,0.0,0.0,0.0,0.0,0.0,0.0,0.0,0.0,0.0,0.0,0.0,0.0,0.0,0.0,0.0,0.0,0.0,0.0,0.0,0.0,0.0,0.0,0.0,0.0,0.0,0.0,0.0,-37.687331042037066,-37.687331042037066,-37.687331042037066,0.0,0.0,0.0,-40.09856665565364,-40.09856665565364,-40.09856665565364,-16.87781296374798,-16.87781296374798,-16.87781296374798,19.28904857736456,19.28904857736456,19.28904857736456,0.0,0.0,0.0,2300.005112444371
2022-12-02,2339.5450417675243,2340.8189301421703,2659.378327163309,2339.5450417675243,2339.5450417675243,0.0,0.0,0.0,0.0,0.0,0.0,0.0,0.0,0.0,0.0,0.0,0.0,0.0,0.0,0.0,0.0,0.0,0.0,0.0,0.0,0.0,0.0,0.0,0.0,0.0,0.0,0.0,0.0,0.0,0.0,0.0,0.0,0.0,0.0,0.0,0.0,0.0,0.0,0.0,0.0,0.0,0.0,0.0,0.0,0.0,0.0,0.0,0.0,164.1056472005097,164.1056472005097,164.1056472005097,0.0,0.0,0.0,-13.034689386233195,-13.034689386233195,-13.034689386233195,151.10859487148727,151.10859487148727,151.10859487148727,26.031741715255617,26.031741715255617,26.031741715255617,0.0,0.0,0.0,2503.650688968034
2022-12-03,2341.397640048641,2441.46008220699,2757.0040880552583,2341.397640048641,2341.397640048641,0.0,0.0,0.0,0.0,0.0,0.0,0.0,0.0,0.0,0.0,0.0,0.0,0.0,0.0,0.0,0.0,0.0,0.0,0.0,0.0,0.0,0.0,0.0,0.0,0.0,0.0,0.0,0.0,0.0,0.0,0.0,0.0,0.0,0.0,0.0,0.0,0.0,0.0,0.0,0.0,0.0,0.0,0.0,0.0,0.0,0.0,0.0,0.0,257.62690080054654,257.62690080054654,257.62690080054654,0.0,0.0,0.0,14.576332718363282,14.576332718363282,14.576332718363282,210.1013893641051,210.1013893641051,210.1013893641051,32.94917871807816,32.94917871807816,32.94917871807816,0.0,0.0,0.0,2599.0245408491874
2022-12-04,2343.2502383297565,2347.6925961851803,2683.2197432573985,2343.2502383297565,2343.2502383297565,0.0,0.0,0.0,0.0,0.0,0.0,0.0,0.0,0.0,0.0,0.0,0.0,0.0,0.0,0.0,0.0,0.0,0.0,0.0,0.0,0.0,0.0,0.0,0.0,0.0,0.0,0.0,0.0,0.0,0.0,0.0,0.0,0.0,0.0,0.0,0.0,0.0,0.0,0.0,0.0,0.0,0.0,0.0,0.0,0.0,0.0,0.0,0.0,181.77156758554864,181.77156758554864,181.77156758554864,0.0,0.0,0.0,42.105512304391404,42.105512304391404,42.105512304391404,99.5396473938087,99.5396473938087,99.5396473938087,40.12640788734852,40.12640788734852,40.12640788734852,0.0,0.0,0.0,2525.0218059153053
2022-12-05,2345.102836610873,2252.809872583915,2583.7731643603133,2345.102836610873,2345.102836610873,0.0,0.0,0.0,0.0,0.0,0.0,0.0,0.0,0.0,0.0,0.0,0.0,0.0,0.0,0.0,0.0,0.0,0.0,0.0,0.0,0.0,0.0,0.0,0.0,0.0,0.0,0.0,0.0,0.0,0.0,0.0,0.0,0.0,0.0,0.0,0.0,0.0,0.0,0.0,0.0,0.0,0.0,0.0,0.0,0.0,0.0,0.0,0.0,56.55396510637235,56.55396510637235,56.55396510637235,0.0,0.0,0.0,68.19943560332395,68.19943560332395,68.19943560332395,-59.2824522169836,-59.2824522169836,-59.2824522169836,47.636981720032,47.636981720032,47.636981720032,0.0,0.0,0.0,2401.6568017172453
2022-12-06,2346.955434891989,2131.882390229975,2450.741675590067,2346.955434891989,2346.955434891989,0.0,0.0,0.0,0.0,0.0,0.0,0.0,0.0,0.0,0.0,0.0,0.0,0.0,0.0,0.0,0.0,0.0,0.0,0.0,0.0,0.0,0.0,0.0,0.0,0.0,0.0,0.0,0.0,0.0,0.0,0.0,0.0,0.0,0.0,0.0,0.0,0.0,0.0,0.0,0.0,0.0,0.0,0.0,0.0,0.0,0.0,0.0,0.0,-55.761056628333336,-55.761056628333336,-55.761056628333336,0.0,0.0,0.0,91.57369623130326,91.57369623130326,91.57369623130326,-202.87489051724705,-202.87489051724705,-202.87489051724705,55.54013765761044,55.54013765761044,55.54013765761044,0.0,0.0,0.0,2291.194378263656
2022-12-07,2348.8080331731053,2193.8979422936195,2506.5565623528587,2348.8080331731053,2348.8080331731053,0.0,0.0,0.0,0.0,0.0,0.0,0.0,0.0,0.0,0.0,0.0,0.0,0.0,0.0,0.0,0.0,0.0,0.0,0.0,0.0,0.0,0.0,0.0,0.0,0.0,0.0,0.0,0.0,0.0,0.0,0.0,0.0,0.0,0.0,0.0,0.0,0.0,0.0,0.0,0.0,0.0,0.0,0.0,0.0,0.0,0.0,0.0,0.0,-6.050968508978472,-6.050968508978472,-6.050968508978472,0.0,0.0,0.0,111.78509289800104,111.78509289800104,111.78509289800104,-181.71447593053102,-181.71447593053102,-181.71447593053102,63.87841452355143,63.87841452355143,63.87841452355143,0.0,0.0,0.0,2342.757064664127
2022-12-08,2350.660631454222,2378.0022032162638,2699.092292208545,2350.660631454222,2350.660631454222,0.0,0.0,0.0,0.0,0.0,0.0,0.0,0.0,0.0,0.0,0.0,0.0,0.0,0.0,0.0,0.0,0.0,0.0,0.0,0.0,0.0,0.0,0.0,0.0,0.0,0.0,0.0,0.0,0.0,0.0,0.0,0.0,0.0,0.0,0.0,0.0,0.0,0.0,0.0,0.0,0.0,0.0,0.0,0.0,0.0,0.0,0.0,0.0,184.5236561998166,184.5236561998166,184.5236561998166,0.0,0.0,0.0,128.7256915210529,128.7256915210529,128.7256915210529,-16.877812963590724,-16.877812963590724,-16.877812963590724,72.67577764235442,72.67577764235442,72.67577764235442,0.0,0.0,0.0,2535.1842876540386
2022-12-09,2352.513229735338,2560.7783763552034,2882.2732757250265,2352.513229735338,2352.513229735338,0.0,0.0,0.0,0.0,0.0,0.0,0.0,0.0,0.0,0.0,0.0,0.0,0.0,0.0,0.0,0.0,0.0,0.0,0.0,0.0,0.0,0.0,0.0,0.0,0.0,0.0,0.0,0.0,0.0,0.0,0.0,0.0,0.0,0.0,0.0,0.0,0.0,0.0,0.0,0.0,0.0,0.0,0.0,0.0,0.0,0.0,0.0,0.0,374.3008950561636,374.3008950561636,374.3008950561636,0.0,0.0,0.0,141.25598932787082,141.25598932787082,141.25598932787082,151.1085948710634,151.1085948710634,151.1085948710634,81.93631085722943,81.93631085722943,81.93631085722943,0.0,0.0,0.0,2726.8141247915014
2022-12-10,2354.365828016454,2652.0868847126044,2952.1442280863894,2354.365828016454,2354.365828016454,0.0,0.0,0.0,0.0,0.0,0.0,0.0,0.0,0.0,0.0,0.0,0.0,0.0,0.0,0.0,0.0,0.0,0.0,0.0,0.0,0.0,0.0,0.0,0.0,0.0,0.0,0.0,0.0,0.0,0.0,0.0,0.0,0.0,0.0,0.0,0.0,0.0,0.0,0.0,0.0,0.0,0.0,0.0,0.0,0.0,0.0,0.0,0.0,448.50961089842104,448.50961089842104,448.50961089842104,0.0,0.0,0.0,146.76470433916938,146.76470433916938,146.76470433916938,210.10138936408683,210.10138936408683,210.10138936408683,91.64351719516485,91.64351719516485,91.64351719516485,0.0,0.0,0.0,2802.8754389148753
2022-12-11,2356.21842629757,2538.0628871064396,2866.8121238841036,2356.21842629757,2356.21842629757,0.0,0.0,0.0,0.0,0.0,0.0,0.0,0.0,0.0,0.0,0.0,0.0,0.0,0.0,0.0,0.0,0.0,0.0,0.0,0.0,0.0,0.0,0.0,0.0,0.0,0.0,0.0,0.0,0.0,0.0,0.0,0.0,0.0,0.0,0.0,0.0,0.0,0.0,0.0,0.0,0.0,0.0,0.0,0.0,0.0,0.0,0.0,0.0,344.0823037900152,344.0823037900152,344.0823037900152,0.0,0.0,0.0,142.7824041566957,142.7824041566957,142.7824041566957,99.53964739369648,99.53964739369648,99.53964739369648,101.76025223962301,101.76025223962301,101.76025223962301,0.0,0.0,0.0,2700.300730087585
2022-12-12,2358.0710245786863,2378.559686374671,2701.741658503348,2358.0710245786863,2358.0710245786863,0.0,0.0,0.0,0.0,0.0,0.0,0.0,0.0,0.0,0.0,0.0,0.0,0.0,0.0,0.0,0.0,0.0,0.0,0.0,0.0,0.0,0.0,0.0,0.0,0.0,0.0,0.0,0.0,0.0,0.0,0.0,0.0,0.0,0.0,0.0,0.0,0.0,0.0,0.0,0.0,0.0,0.0,0.0,0.0,0.0,0.0,0.0,0.0,182.4777982932279,182.4777982932279,182.4777982932279,0.0,0.0,0.0,129.53095463640187,129.53095463640187,129.53095463640187,-59.282452217093386,-59.282452217093386,-59.282452217093386,112.2292958739194,112.2292958739194,112.2292958739194,0.0,0.0,0.0,2540.548822871914
2022-12-13,2359.9236228598024,2235.373261738449,2551.454781492443,2359.9236228598024,2359.9236228598024,0.0,0.0,0.0,0.0,0.0,0.0,0.0,0.0,0.0,0.0,0.0,0.0,0.0,0.0,0.0,0.0,0.0,0.0,0.0,0.0,0.0,0.0,0.0,0.0,0.0,0.0,0.0,0.0,0.0,0.0,0.0,0.0,0.0,0.0,0.0,0.0,0.0,0.0,0.0,0.0,0.0,0.0,0.0,0.0,0.0,0.0,0.0,0.0,30.88636060744219,30.88636060744219,30.88636060744219,0.0,0.0,0.0,110.78670164324146,110.78670164324146,110.78670164324146,-202.87489051729065,-202.87489051729065,-202.87489051729065,122.9745494814914,122.9745494814914,122.9745494814914,0.0,0.0,0.0,2390.809983467245
2022-12-14,2361.776221140919,2256.282668957297,2550.9654960090793,2361.776221140919,2361.776221140919,0.0,0.0,0.0,0.0,0.0,0.0,0.0,0.0,0.0,0.0,0.0,0.0,0.0,0.0,0.0,0.0,0.0,0.0,0.0,0.0,0.0,0.0,0.0,0.0,0.0,0.0,0.0,0.0,0.0,0.0,0.0,0.0,0.0,0.0,0.0,0.0,0.0,0.0,0.0,0.0,0.0,0.0,0.0,0.0,0.0,0.0,0.0,0.0,43.71929415540311,43.71929415540311,43.71929415540311,0.0,0.0,0.0,91.5309426191667,91.5309426191667,91.5309426191667,-181.7144759304159,-181.7144759304159,-181.7144759304159,133.9028274666523,133.9028274666523,133.9028274666523,0.0,0.0,0.0,2405.495515296322
2022-12-15,2363.6288194220347,2401.8129786247646,2728.6874073515073,2363.6288194220347,2363.6288194220347,0.0,0.0,0.0,0.0,0.0,0.0,0.0,0.0,0.0,0.0,0.0,0.0,0.0,0.0,0.0,0.0,0.0,0.0,0.0,0.0,0.0,0.0,0.0,0.0,0.0,0.0,0.0,0.0,0.0,0.0,0.0,0.0,0.0,0.0,0.0,0.0,0.0,0.0,0.0,0.0,0.0,0.0,0.0,0.0,0.0,0.0,0.0,0.0,201.90736461504184,201.90736461504184,201.90736461504184,0.0,0.0,0.0,73.87898296086088,73.87898296086088,73.87898296086088,-16.87781296418884,-16.87781296418884,-16.87781296418884,144.90619461836982,144.90619461836982,144.90619461836982,0.0,0.0,0.0,2565.5361840370765
2022-12-16,2365.4814177031512,2578.9075763729716,2895.130961939317,2365.4814177031512,2365.4814177031512,0.0,0.0,0.0,0.0,0.0,0.0,0.0,0.0,0.0,0.0,0.0,0.0,0.0,0.0,0.0,0.0,0.0,0.0,0.0,0.0,0.0,0.0,0.0,0.0,0.0,0.0,0.0,0.0,0.0,0.0,0.0,0.0,0.0,0.0,0.0,0.0,0.0,0.0,0.0,0.0,0.0,0.0,0.0,0.0,0.0,0.0,0.0,0.0,361.8703116955823,361.8703116955823,361.8703116955823,0.0,0.0,0.0,54.89693195078801,54.89693195078801,54.89693195078801,151.10859487114666,151.10859487114666,151.10859487114666,155.86478487364764,155.86478487364764,155.86478487364764,0.0,0.0,0.0,2727.3517293987334
2022-12-17,2367.3340159842674,2604.657652344151,2934.86345494669,2367.3340159842674,2367.3340159842674,0.0,0.0,0.0,0.0,0.0,0.0,0.0,0.0,0.0,0.0,0.0,0.0,0.0,0.0,0.0,0.0,0.0,0.0,0.0,0.0,0.0,0.0,0.0,0.0,0.0,0.0,0.0,0.0,0.0,0.0,0.0,0.0,0.0,0.0,0.0,0.0,0.0,0.0,0.0,0.0,0.0,0.0,0.0,0.0,0.0,0.0,0.0,0.0,405.5681967612305,405.5681967612305,405.5681967612305,0.0,0.0,0.0,28.816784487839353,28.816784487839353,28.816784487839353,210.10138936404806,210.10138936404806,210.10138936404806,166.65002290934308,166.65002290934308,166.65002290934308,0.0,0.0,0.0,2772.9022127454978
2022-12-18,2369.1866142653835,2485.1831575499064,2804.830675450748,2369.1866142653835,2369.1866142653835,0.0,0.0,0.0,0.0,0.0,0.0,0.0,0.0,0.0,0.0,0.0,0.0,0.0,0.0,0.0,0.0,0.0,0.0,0.0,0.0,0.0,0.0,0.0,0.0,0.0,0.0,0.0,0.0,0.0,0.0,0.0,0.0,0.0,0.0,0.0,0.0,0.0,0.0,0.0,0.0,0.0,0.0,0.0,0.0,0.0,0.0,0.0,0.0,269.10323534964596,269.10323534964596,269.10323534964596,0.0,0.0,0.0,-7.56457014870965,-7.56457014870965,-7.56457014870965,99.53964739358771,99.53964739358771,99.53964739358771,177.12815810476803,177.12815810476803,177.12815810476803,0.0,0.0,0.0,2638.289849615029
2022-12-19,2371.0392125465,2290.7811480724163,2602.4670885329647,2371.0392125465,2371.0392125465,0.0,0.0,0.0,0.0,0.0,0.0,0.0,0.0,0.0,0.0,0.0,0.0,0.0,0.0,0.0,0.0,0.0,0.0,0.0,0.0,0.0,0.0,0.0,0.0,0.0,0.0,0.0,0.0,0.0,0.0,0.0,0.0,0.0,0.0,0.0,0.0,0.0,0.0,0.0,0.0,0.0,0.0,0.0,0.0,0.0,0.0,0.0,0.0,77.24075506149045,77.24075506149045,77.24075506149045,0.0,0.0,0.0,-50.64080383389034,-50.64080383389034,-50.64080383389034,-59.282452217250366,-59.282452217250366,-59.282452217250366,187.1640111126312,187.1640111126312,187.1640111126312,0.0,0.0,0.0,2448.2799676079903
2022-12-20,2372.891810827616,2110.6964506686318,2447.029375218115,2372.891810827616,2372.891810827616,0.0,0.0,0.0,0.0,0.0,0.0,0.0,0.0,0.0,0.0,0.0,0.0,0.0,0.0,0.0,0.0,0.0,0.0,0.0,0.0,0.0,0.0,0.0,0.0,0.0,0.0,0.0,0.0,0.0,0.0,0.0,0.0,0.0,0.0,0.0,0.0,0.0,0.0,0.0,0.0,0.0,0.0,0.0,0.0,0.0,0.0,0.0,0.0,-97.0255585071173,-97.0255585071173,-97.0255585071173,0.0,0.0,0.0,-90.775494811071,-90.775494811071,-90.775494811071,-202.87489051704296,-202.87489051704296,-202.87489051704296,196.62482682099665,196.62482682099665,196.62482682099665,0.0,0.0,0.0,2275.866252320499
2022-12-21,2374.7444091087323,2116.2676417465377,2436.0278728094336,2374.7444091087323,2374.7444091087323,0.0,0.0,0.0,0.0,0.0,0.0,0.0,0.0,0.0,0.0,0.0,0.0,0.0,0.0,0.0,0.0,0.0,0.0,0.0,0.0,0.0,0.0,0.0,0.0,0.0,0.0,0.0,0.0,0.0,0.0,0.0,0.0,0.0,0.0,0.0,0.0,0.0,0.0,0.0,0.0,0.0,0.0,0.0,0.0,0.0,0.0,0.0,0.0,-94.34358171164422,-94.34358171164422,-94.34358171164422,0.0,0.0,0.0,-118.01322984616927,-118.01322984616927,-118.01322984616927,-181.7144759303507,-181.7144759303507,-181.7144759303507,205.38412406487572,205.38412406487572,205.38412406487572,0.0,0.0,0.0,2280.400827397088
2022-12-22,2376.5970073898484,2264.270392349052,2623.5529875907428,2376.5970073898484,2376.5970073898484,0.0,0.0,0.0,0.0,0.0,0.0,0.0,0.0,0.0,0.0,0.0,0.0,0.0,0.0,0.0,0.0,0.0,0.0,0.0,0.0,0.0,0.0,0.0,0.0,0.0,0.0,0.0,0.0,0.0,0.0,0.0,0.0,0.0,0.0,0.0,0.0,0.0,0.0,0.0,0.0,0.0,0.0,0.0,0.0,0.0,0.0,0.0,0.0,67.97144764219463,67.97144764219463,67.97144764219463,0.0,0.0,0.0,-128.47617154772794,-128.47617154772794,-128.47617154772794,-16.877812964080707,-16.877812964080707,-16.877812964080707,213.32543215400324,213.32543215400324,213.32543215400324,0.0,0.0,0.0,2444.568455032043
2022-12-23,2378.449605670965,2465.773949299694,2783.1785051899897,2378.449605670965,2378.449605670965,0.0,0.0,0.0,0.0,0.0,0.0,0.0,0.0,0.0,0.0,0.0,0.0,0.0,0.0,0.0,0.0,0.0,0.0,0.0,0.0,0.0,0.0,0.0,0.0,0.0,0.0,0.0,0.0,0.0,0.0,0.0,0.0,0.0,0.0,0.0,0.0,0.0,0.0,0.0,0.0,0.0,0.0,0.0,0.0,0.0,0.0,0.0,0.0,244.97168714763916,244.97168714763916,244.97168714763916,0.0,0.0,0.0,-126.48271484952747,-126.48271484952747,-126.48271484952747,151.1085948712686,151.1085948712686,151.1085948712686,220.34580712589795,220.34580712589795,220.34580712589795,0.0,0.0,0.0,2623.4212928186043
2022-12-24,2380.302203952081,2529.1182168576197,2852.4236881541224,2380.302203952081,2380.302203952081,0.0,0.0,0.0,0.0,0.0,0.0,0.0,0.0,0.0,0.0,0.0,0.0,0.0,0.0,0.0,0.0,0.0,0.0,0.0,0.0,0.0,0.0,0.0,0.0,0.0,0.0,0.0,0.0,0.0,0.0,0.0,0.0,0.0,0.0,0.0,0.0,0.0,0.0,0.0,0.0,0.0,0.0,0.0,0.0,0.0,0.0,0.0,0.0,315.62489640267734,315.62489640267734,315.62489640267734,0.0,0.0,0.0,-120.83551949206813,-120.83551949206813,-120.83551949206813,210.10138936402979,210.10138936402979,210.10138936402979,226.35902653071562,226.35902653071562,226.35902653071562,0.0,0.0,0.0,2695.9271003547583
2022-12-25,2382.154802233197,2273.703341432301,2600.9432477827763,2382.154802233197,2382.154802233197,-162.8440719150946,-162.8440719150946,-162.8440719150946,0.0,0.0,0.0,0.0,0.0,0.0,0.0,0.0,0.0,0.0,0.0,0.0,0.0,0.0,0.0,0.0,0.0,0.0,0.0,0.0,0.0,0.0,0.0,0.0,0.0,0.0,0.0,0.0,0.0,0.0,0.0,0.0,0.0,0.0,0.0,0.0,0.0,0.0,0.0,0.0,0.0,0.0,0.0,0.0,0.0,49.63392985464292,49.63392985464292,49.63392985464292,-162.8440719150946,-162.8440719150946,-162.8440719150946,-118.36001595909708,-118.36001595909708,-118.36001595909708,99.53964739347548,99.53964739347548,99.53964739347548,231.2983703353591,231.2983703353591,231.2983703353591,0.0,0.0,0.0,2431.78873208784
2022-12-26,2384.0074005143133,2216.6286360439767,2537.8355862870435,2384.0074005143133,2384.0074005143133,0.0,0.0,0.0,-68.58538687110294,-68.58538687110294,-68.58538687110294,0.0,0.0,0.0,0.0,0.0,0.0,0.0,0.0,0.0,0.0,0.0,0.0,0.0,0.0,0.0,0.0,0.0,0.0,0.0,0.0,0.0,0.0,0.0,0.0,0.0,0.0,0.0,0.0,0.0,0.0,0.0,0.0,0.0,0.0,0.0,0.0,0.0,0.0,0.0,0.0,0.0,0.0,-12.461141588178128,-12.461141588178128,-12.461141588178128,-68.58538687110294,-68.58538687110294,-68.58538687110294,-119.7122094451292,-119.7122094451292,-119.7122094451292,-59.282452217360174,-59.282452217360174,-59.282452217360174,235.11890694541415,235.11890694541415,235.11890694541415,0.0,0.0,0.0,2371.546258926135
2022-12-27,2385.8599987954294,2136.919340970804,2462.528687170351,2385.8599987954294,2385.8599987954294,0.0,0.0,0.0,0.0,0.0,0.0,0.0,0.0,0.0,0.0,0.0,0.0,0.0,0.0,0.0,0.0,0.0,0.0,0.0,0.0,0.0,0.0,0.0,0.0,0.0,0.0,0.0,0.0,0.0,0.0,0.0,0.0,0.0,0.0,0.0,0.0,0.0,0.0,0.0,0.0,0.0,0.0,0.0,0.0,0.0,0.0,0.0,0.0,-85.31646721919752,-85.31646721919752,-85.31646721919752,0.0,0.0,0.0,-120.24079376053706,-120.24079376053706,-120.24079376053706,-202.87489051708653,-202.87489051708653,-202.87489051708653,237.79921705842608,237.79921705842608,237.79921705842608,0.0,0.0,0.0,2300.543531576232
2022-12-28,2387.7125970765455,2172.084259736697,2497.152958060917,2387.7125970765455,2387.7125970765455,0.0,0.0,0.0,0.0,0.0,0.0,0.0,0.0,0.0,0.0,0.0,0.0,0.0,0.0,0.0,0.0,0.0,0.0,0.0,0.0,0.0,0.0,0.0,0.0,0.0,0.0,0.0,0.0,0.0,0.0,0.0,0.0,0.0,0.0,0.0,0.0,0.0,0.0,0.0,0.0,0.0,0.0,0.0,0.0,0.0,0.0,0.0,0.0,-56.815867615922635,-56.815867615922635,-56.815867615922635,0.0,0.0,0.0,-114.44389537143473,-114.44389537143473,-114.44389537143473,-181.71447593023555,-181.71447593023555,-181.71447593023555,239.34250368574766,239.34250368574766,239.34250368574766,0.0,0.0,0.0,2330.8967294606227
2022-12-29,2389.565195357662,2359.998153927742,2672.609856879715,2389.565195357662,2389.565195357662,0.0,0.0,0.0,0.0,0.0,0.0,0.0,0.0,0.0,0.0,0.0,0.0,0.0,0.0,0.0,0.0,0.0,0.0,0.0,0.0,0.0,0.0,0.0,0.0,0.0,0.0,0.0,0.0,0.0,0.0,0.0,0.0,0.0,0.0,0.0,0.0,0.0,0.0,0.0,0.0,0.0,0.0,0.0,0.0,0.0,0.0,0.0,0.0,122.88160520068472,122.88160520068472,122.88160520068472,0.0,0.0,0.0,-100.01763560363979,-100.01763560363979,-100.01763560363979,-16.87781296392345,-16.87781296392345,-16.87781296392345,239.77705376824795,239.77705376824795,239.77705376824795,0.0,0.0,0.0,2512.4468005583467
2022-12-30,2391.417793638778,2546.565116313485,2857.505876488441,2391.417793638778,2391.417793638778,0.0,0.0,0.0,0.0,0.0,0.0,0.0,0.0,0.0,0.0,0.0,0.0,0.0,0.0,0.0,0.0,0.0,0.0,0.0,0.0,0.0,0.0,0.0,0.0,0.0,0.0,0.0,0.0,0.0,0.0,0.0,0.0,0.0,0.0,0.0,0.0,0.0,0.0,0.0,0.0,0.0,0.0,0.0,0.0,0.0,0.0,0.0,0.0,311.697335695588,311.697335695588,311.697335695588,0.0,0.0,0.0,-78.56729404793323,-78.56729404793323,-78.56729404793323,151.10859487131327,151.10859487131327,151.10859487131327,239.15603487220798,239.15603487220798,239.15603487220798,0.0,0.0,0.0,2703.1151293343664
2022-12-31,2393.27033668978,2624.822121261843,2943.3283675673883,2393.27033668978,2393.27033668978,0.0,0.0,0.0,0.0,0.0,0.0,0.0,0.0,0.0,0.0,0.0,0.0,0.0,0.0,0.0,0.0,0.0,0.0,0.0,0.0,0.0,0.0,0.0,0.0,0.0,0.0,0.0,0.0,0.0,0.0,0.0,0.0,0.0,0.0,0.0,0.0,0.0,0.0,0.0,0.0,0.0,0.0,0.0,0.0,0.0,0.0,0.0,0.0,394.321724804675,394.321724804675,394.321724804675,0.0,0.0,0.0,-53.3362935330373,-53.3362935330373,-53.3362935330373,210.10138936413782,210.10138936413782,210.10138936413782,237.55662897357448,237.55662897357448,237.55662897357448,0.0,0.0,0.0,2787.592061494455
2023-01-01,2395.1228797407825,2475.3641262224305,2793.582605612251,2395.1228797407825,2395.1228797407825,0.0,0.0,0.0,0.0,0.0,0.0,0.0,0.0,0.0,0.0,0.0,0.0,0.0,0.0,0.0,0.0,0.0,0.0,0.0,0.0,0.0,0.0,0.0,0.0,0.0,0.0,0.0,0.0,0.0,0.0,-75.4549726625623,-75.4549726625623,-75.4549726625623,0.0,0.0,0.0,0.0,0.0,0.0,0.0,0.0,0.0,0.0,0.0,0.0,0.0,0.0,0.0,232.51405913490512,232.51405913490512,232.51405913490512,-75.4549726625623,-75.4549726625623,-75.4549726625623,-26.649139388524866,-26.649139388524866,-26.649139388524866,99.53964739397745,99.53964739397745,99.53964739397745,235.07852379201483,235.07852379201483,235.07852379201483,0.0,0.0,0.0,2627.6369388756875
2023-01-02,2396.975422791785,2243.361900232997,2562.4989848644295,2396.975422791785,2396.975422791785,0.0,0.0,0.0,0.0,0.0,0.0,0.0,0.0,0.0,0.0,0.0,0.0,0.0,0.0,0.0,0.0,0.0,0.0,0.0,0.0,0.0,0.0,0.0,0.0,0.0,0.0,0.0,0.0,0.0,0.0,0.0,0.0,0.0,-161.52247987391547,-161.52247987391547,-161.52247987391547,0.0,0.0,0.0,0.0,0.0,0.0,0.0,0.0,0.0,0.0,0.0,0.0,11.75964874989047,11.75964874989047,11.75964874989047,-161.52247987391547,-161.52247987391547,-161.52247987391547,0.7227808429116054,0.7227808429116054,0.7227808429116054,-59.28245221746998,-59.28245221746998,-59.28245221746998,231.8417999983643,231.8417999983643,231.8417999983643,0.0,0.0,0.0,2408.7350715416756
2023-01-03,2398.8279658427873,2289.088459955746,2613.4518973142194,2398.8279658427873,2398.8279658427873,0.0,0.0,0.0,0.0,0.0,0.0,0.0,0.0,0.0,0.0,0.0,0.0,0.0,0.0,0.0,0.0,0.0,0.0,0.0,0.0,0.0,0.0,0.0,0.0,0.0,0.0,0.0,0.0,0.0,0.0,0.0,0.0,0.0,0.0,0.0,0.0,0.0,0.0,0.0,0.0,0.0,0.0,0.0,0.0,0.0,0.0,0.0,0.0,53.53323120783989,53.53323120783989,53.53323120783989,0.0,0.0,0.0,28.423852341719574,28.423852341719574,28.423852341719574,-202.87489051717097,-202.87489051717097,-202.87489051717097,227.98426938329126,227.98426938329126,227.98426938329126,0.0,0.0,0.0,2452.361197050627
2023-01-04,2400.6805088937895,2331.367276124825,2672.957482680563,2400.6805088937895,2400.6805088937895,0.0,0.0,0.0,0.0,0.0,0.0,0.0,0.0,0.0,0.0,0.0,0.0,0.0,0.0,0.0,0.0,0.0,0.0,0.0,0.0,0.0,0.0,0.0,0.0,0.0,0.0,0.0,0.0,0.0,0.0,0.0,0.0,0.0,0.0,0.0,0.0,0.0,0.0,0.0,0.0,0.0,0.0,0.0,0.0,0.0,0.0,0.0,0.0,97.37108380048713,97.37108380048713,97.37108380048713,0.0,0.0,0.0,55.42722546229046,55.42722546229046,55.42722546229046,-181.71447593017035,-181.71447593017035,-181.71447593017035,223.65833426836707,223.65833426836707,223.65833426836707,0.0,0.0,0.0,2498.0515926942767
2023-01-05,2402.5330519447916,2513.434237994777,2864.777746593961,2402.5330519447916,2402.5330519447916,0.0,0.0,0.0,0.0,0.0,0.0,0.0,0.0,0.0,0.0,0.0,0.0,0.0,0.0,0.0,0.0,0.0,0.0,0.0,0.0,0.0,0.0,0.0,0.0,0.0,0.0,0.0,0.0,0.0,0.0,0.0,0.0,0.0,0.0,0.0,0.0,0.0,0.0,0.0,0.0,0.0,0.0,0.0,0.0,0.0,0.0,0.0,0.0,282.4250869702604,282.4250869702604,282.4250869702604,0.0,0.0,0.0,80.27544829875697,80.27544829875697,80.27544829875697,-16.877812964619817,-16.877812964619817,-16.877812964619817,219.0274516361233,219.0274516361233,219.0274516361233,0.0,0.0,0.0,2684.958138915052
2023-01-06,2404.3855949957942,2708.7257397223516,3035.2525085822813,2404.3855949957942,2404.3855949957942,0.0,0.0,0.0,0.0,0.0,0.0,0.0,0.0,0.0,0.0,0.0,0.0,0.0,0.0,0.0,0.0,0.0,0.0,0.0,0.0,0.0,0.0,0.0,0.0,0.0,0.0,0.0,0.0,0.0,0.0,0.0,0.0,0.0,0.0,0.0,0.0,0.0,0.0,0.0,0.0,0.0,0.0,0.0,0.0,0.0,0.0,0.0,0.0,467.4446642308334,467.4446642308334,467.4446642308334,0.0,0.0,0.0,102.07377307510964,102.07377307510964,102.07377307510964,151.10859487143517,151.10859487143517,151.10859487143517,214.2622962842885,214.2622962842885,214.2622962842885,0.0,0.0,0.0,2871.8302592266277
2023-01-07,2406.238138046796,2781.897701430885,3113.76462920114,2406.238138046796,2406.238138046796,0.0,0.0,0.0,0.0,0.0,0.0,0.0,0.0,0.0,0.0,0.0,0.0,0.0,0.0,0.0,0.0,0.0,0.0,0.0,0.0,0.0,0.0,0.0,0.0,0.0,0.0,0.0,0.0,0.0,0.0,0.0,0.0,0.0,0.0,0.0,0.0,0.0,0.0,0.0,0.0,0.0,0.0,0.0,0.0,0.0,0.0,0.0,0.0,540.3349847799929,540.3349847799929,540.3349847799929,0.0,0.0,0.0,120.6968699445069,120.6968699445069,120.6968699445069,210.10138936411954,210.10138936411954,210.10138936411954,209.53672547136642,209.53672547136642,209.53672547136642,0.0,0.0,0.0,2946.5731228267887
2023-01-08,2408.0906810977986,2688.8485905813855,3013.40994373989,2408.0906810977986,2408.0906810977986,0.0,0.0,0.0,0.0,0.0,0.0,0.0,0.0,0.0,0.0,0.0,0.0,0.0,0.0,0.0,0.0,0.0,0.0,0.0,0.0,0.0,0.0,0.0,0.0,0.0,0.0,0.0,0.0,0.0,0.0,0.0,0.0,0.0,0.0,0.0,0.0,0.0,0.0,0.0,0.0,0.0,0.0,0.0,0.0,0.0,0.0,0.0,0.0,440.24308471366504,440.24308471366504,440.24308471366504,0.0,0.0,0.0,135.67978452799719,135.67978452799719,135.67978452799719,99.53964739386521,99.53964739386521,99.53964739386521,205.0236527918027,205.0236527918027,205.0236527918027,0.0,0.0,0.0,2848.3337658114638
2023-01-09,2409.943224148801,2526.3789550181345,2869.4598378393207,2409.943224148801,2409.943224148801,0.0,0.0,0.0,0.0,0.0,0.0,0.0,0.0,0.0,0.0,0.0,0.0,0.0,0.0,0.0,0.0,0.0,0.0,0.0,0.0,0.0,0.0,0.0,0.0,0.0,0.0,0.0,0.0,0.0,0.0,0.0,0.0,0.0,0.0,0.0,0.0,0.0,0.0,0.0,0.0,0.0,0.0,0.0,0.0,0.0,0.0,0.0,0.0,286.68548323970464,286.68548323970464,286.68548323970464,0.0,0.0,0.0,145.07699419526978,145.07699419526978,145.07699419526978,-59.28245221760336,-59.28245221760336,-59.28245221760336,200.89094126203827,200.89094126203827,200.89094126203827,0.0,0.0,0.0,2696.628707388506
2023-01-10,2411.7957671998033,2393.990754377503,2711.827947026563,2411.7957671998033,2411.7957671998033,0.0,0.0,0.0,0.0,0.0,0.0,0.0,0.0,0.0,0.0,0.0,0.0,0.0,0.0,0.0,0.0,0.0,0.0,0.0,0.0,0.0,0.0,0.0,0.0,0.0,0.0,0.0,0.0,0.0,0.0,0.0,0.0,0.0,0.0,0.0,0.0,0.0,0.0,0.0,0.0,0.0,0.0,0.0,0.0,0.0,0.0,0.0,0.0,140.4564749958673,140.4564749958673,140.4564749958673,0.0,0.0,0.0,146.0339407544704,146.0339407544704,146.0339407544704,-202.87489051717378,-202.87489051717378,-202.87489051717378,197.29742475857074,197.29742475857074,197.29742475857074,0.0,0.0,0.0,2552.2522421956705
2023-01-11,2413.6483102508055,2395.57055097182,2734.735666109371,2413.6483102508055,2413.6483102508055,0.0,0.0,0.0,0.0,0.0,0.0,0.0,0.0,0.0,0.0,0.0,0.0,0.0,0.0,0.0,0.0,0.0,0.0,0.0,0.0,0.0,0.0,0.0,0.0,0.0,0.0,0.0,0.0,0.0,0.0,0.0,0.0,0.0,0.0,0.0,0.0,0.0,0.0,0.0,0.0,0.0,0.0,0.0,0.0,0.0,0.0,0.0,0.0,149.82534947514222,149.82534947514222,149.82534947514222,0.0,0.0,0.0,137.1506623429607,137.1506623429607,137.1506623429607,-181.71447593057678,-181.71447593057678,-181.71447593057678,194.3891630627583,194.3891630627583,194.3891630627583,0.0,0.0,0.0,2563.4736597259475
2023-01-12,2415.5008533018076,2551.882992435743,2866.6789070414575,2415.5008533018076,2415.5008533018076,0.0,0.0,0.0,0.0,0.0,0.0,0.0,0.0,0.0,0.0,0.0,0.0,0.0,0.0,0.0,0.0,0.0,0.0,0.0,0.0,0.0,0.0,0.0,0.0,0.0,0.0,0.0,0.0,0.0,0.0,0.0,0.0,0.0,0.0,0.0,0.0,0.0,0.0,0.0,0.0,0.0,0.0,0.0,0.0,0.0,0.0,0.0,0.0,295.93327248391904,295.93327248391904,295.93327248391904,0.0,0.0,0.0,120.5150564917899,120.5150564917899,120.5150564917899,-16.87781296441343,-16.87781296441343,-16.87781296441343,192.29602895654253,192.29602895654253,192.29602895654253,0.0,0.0,0.0,2711.434125785727
2023-01-13,2417.3533963528103,2710.3553599117668,3031.191111747028,2417.3533963528103,2417.3533963528103,0.0,0.0,0.0,0.0,0.0,0.0,0.0,0.0,0.0,0.0,0.0,0.0,0.0,0.0,0.0,0.0,0.0,0.0,0.0,0.0,0.0,0.0,0.0,0.0,0.0,0.0,0.0,0.0,0.0,0.0,0.0,0.0,0.0,0.0,0.0,0.0,0.0,0.0,0.0,0.0,0.0,0.0,0.0,0.0,0.0,0.0,0.0,0.0,443.2166191466606,443.2166191466606,443.2166191466606,0.0,0.0,0.0,100.97930799018454,100.97930799018454,100.97930799018454,151.10859487155713,151.10859487155713,151.10859487155713,191.128716284919,191.128716284919,191.128716284919,0.0,0.0,0.0,2860.570015499471
2023-01-14,2419.205939403813,2747.154599939805,3056.28896794904,2419.205939403813,2419.205939403813,0.0,0.0,0.0,0.0,0.0,0.0,0.0,0.0,0.0,0.0,0.0,0.0,0.0,0.0,0.0,0.0,0.0,0.0,0.0,0.0,0.0,0.0,0.0,0.0,0.0,0.0,0.0,0.0,0.0,0.0,0.0,0.0,0.0,0.0,0.0,0.0,0.0,0.0,0.0,0.0,0.0,0.0,0.0,0.0,0.0,0.0,0.0,0.0,483.64999069659956,483.64999069659956,483.64999069659956,0.0,0.0,0.0,82.5723553967792,82.5723553967792,82.5723553967792,210.1013893640808,210.1013893640808,210.1013893640808,190.97624593573954,190.97624593573954,190.97624593573954,0.0,0.0,0.0,2902.8559301004125
2023-01-15,2421.0584824548146,2618.4404110923247,2942.191316187643,2421.0584824548146,2421.0584824548146,0.0,0.0,0.0,0.0,0.0,0.0,0.0,0.0,0.0,0.0,0.0,0.0,0.0,0.0,0.0,0.0,0.0,0.0,0.0,0.0,0.0,0.0,0.0,0.0,0.0,0.0,0.0,0.0,0.0,0.0,0.0,0.0,0.0,0.0,0.0,0.0,0.0,0.0,0.0,0.0,0.0,0.0,0.0,0.0,0.0,0.0,0.0,0.0,356.34841784987924,356.34841784987924,356.34841784987924,0.0,0.0,0.0,64.9047378183336,64.9047378183336,64.9047378183336,99.53964739375472,99.53964739375472,99.53964739375472,191.9040326377909,191.9040326377909,191.9040326377909,0.0,0.0,0.0,2777.406900304694
2023-01-16,2422.9110255058167,2488.5981799123388,2820.358286238024,2422.9110255058167,2422.9110255058167,0.0,0.0,0.0,0.0,0.0,0.0,0.0,0.0,0.0,0.0,0.0,0.0,0.0,0.0,0.0,0.0,0.0,0.0,0.0,0.0,0.0,0.0,0.0,0.0,50.75768893278906,50.75768893278906,50.75768893278906,0.0,0.0,0.0,0.0,0.0,0.0,0.0,0.0,0.0,0.0,0.0,0.0,0.0,0.0,0.0,0.0,0.0,0.0,0.0,0.0,0.0,228.4999203418916,228.4999203418916,228.4999203418916,50.75768893278906,50.75768893278906,50.75768893278906,43.07212387425211,43.07212387425211,43.07212387425211,-59.28245221700811,-59.28245221700811,-59.28245221700811,193.9525597518586,193.9525597518586,193.9525597518586,0.0,0.0,0.0,2651.4109458477083
2023-01-17,2424.7635685568193,2274.836594117904,2589.770895569972,2424.7635685568193,2424.7635685568193,0.0,0.0,0.0,0.0,0.0,0.0,0.0,0.0,0.0,0.0,0.0,0.0,0.0,0.0,0.0,0.0,0.0,0.0,0.0,0.0,0.0,0.0,0.0,0.0,0.0,0.0,0.0,0.0,0.0,0.0,0.0,0.0,0.0,0.0,0.0,0.0,0.0,0.0,0.0,0.0,0.0,0.0,0.0,0.0,0.0,0.0,0.0,0.0,6.13031510791748,6.13031510791748,6.13031510791748,0.0,0.0,0.0,11.868513343200682,11.868513343200682,11.868513343200682,-202.8748905172582,-202.8748905172582,-202.8748905172582,197.13669228197497,197.13669228197497,197.13669228197497,0.0,0.0,0.0,2430.8938836647367
2023-01-18,2426.6161116078215,2255.1859551433786,2586.8204134331677,2426.6161116078215,2426.6161116078215,0.0,0.0,0.0,0.0,0.0,0.0,0.0,0.0,0.0,0.0,0.0,0.0,0.0,0.0,0.0,0.0,0.0,0.0,0.0,0.0,0.0,0.0,0.0,0.0,0.0,0.0,0.0,0.0,0.0,0.0,0.0,0.0,0.0,0.0,0.0,0.0,0.0,0.0,0.0,0.0,0.0,0.0,0.0,0.0,0.0,0.0,0.0,0.0,-9.045562885875201,-9.045562885875201,-9.045562885875201,0.0,0.0,0.0,-28.776727607863673,-28.776727607863673,-28.776727607863673,-181.71447593051155,-181.71447593051155,-181.71447593051155,201.44564065250003,201.44564065250003,201.44564065250003,0.0,0.0,0.0,2417.570548721946
2023-01-19,2428.468654658824,2377.3685955762735,2703.6658339074834,2428.468654658824,2428.468654658824,0.0,0.0,0.0,0.0,0.0,0.0,0.0,0.0,0.0,0.0,0.0,0.0,0.0,0.0,0.0,0.0,0.0,0.0,0.0,0.0,0.0,0.0,0.0,0.0,0.0,0.0,0.0,0.0,0.0,0.0,0.0,0.0,0.0,0.0,0.0,0.0,0.0,0.0,0.0,0.0,0.0,0.0,0.0,0.0,0.0,0.0,0.0,0.0,118.1896756783083,118.1896756783083,118.1896756783083,0.0,0.0,0.0,-71.77608124497323,-71.77608124497323,-71.77608124497323,-16.8778129643053,-16.8778129643053,-16.8778129643053,206.84356988758677,206.84356988758677,206.84356988758677,0.0,0.0,0.0,2546.6583303371326
2023-01-20,2430.3211977098263,2518.620774817292,2841.4586417156906,2430.3211977098263,2430.3211977098263,0.0,0.0,0.0,0.0,0.0,0.0,0.0,0.0,0.0,0.0,0.0,0.0,0.0,0.0,0.0,0.0,0.0,0.0,0.0,0.0,0.0,0.0,0.0,0.0,0.0,0.0,0.0,0.0,0.0,0.0,0.0,0.0,0.0,0.0,0.0,0.0,0.0,0.0,0.0,0.0,0.0,0.0,0.0,0.0,0.0,0.0,0.0,0.0,257.9333016510119,257.9333016510119,257.9333016510119,0.0,0.0,0.0,-106.44612442309862,-106.44612442309862,-106.44612442309862,151.10859487164046,151.10859487164046,151.10859487164046,213.2708312024701,213.2708312024701,213.2708312024701,0.0,0.0,0.0,2688.254499360838
2023-01-21,2432.1737407608284,2584.7250598356236,2906.6184172725298,2432.1737407608284,2432.1737407608284,0.0,0.0,0.0,0.0,0.0,0.0,0.0,0.0,0.0,0.0,0.0,0.0,0.0,0.0,0.0,0.0,0.0,0.0,0.0,0.0,0.0,0.0,0.0,0.0,0.0,0.0,0.0,0.0,0.0,0.0,0.0,0.0,0.0,0.0,0.0,0.0,0.0,0.0,0.0,0.0,0.0,0.0,0.0,0.0,0.0,0.0,0.0,0.0,305.5016483695589,305.5016483695589,305.5016483695589,0.0,0.0,0.0,-125.24551716432299,-125.24551716432299,-125.24551716432299,210.10138936408305,210.10138936408305,210.10138936408305,220.64577616979892,220.64577616979892,220.64577616979892,0.0,0.0,0.0,2737.6753891303874
2023-01-22,2434.026283811831,2467.9529004219194,2798.0308596188825,2434.026283811831,2434.026283811831,0.0,0.0,0.0,0.0,0.0,0.0,0.0,0.0,0.0,0.0,0.0,0.0,0.0,0.0,0.0,0.0,0.0,0.0,0.0,0.0,0.0,0.0,0.0,0.0,0.0,0.0,0.0,0.0,0.0,0.0,0.0,0.0,0.0,0.0,0.0,0.0,0.0,0.0,0.0,0.0,0.0,0.0,0.0,0.0,0.0,0.0,0.0,0.0,199.89014041427276,199.89014041427276,199.89014041427276,0.0,0.0,0.0,-128.51660501293503,-128.51660501293503,-128.51660501293503,99.53964739364422,99.53964739364422,99.53964739364422,228.86709803356354,228.86709803356354,228.86709803356354,0.0,0.0,0.0,2633.916424226104
2023-01-23,2435.878826862833,2325.3956492237926,2644.7838312031326,2435.878826862833,2435.878826862833,0.0,0.0,0.0,0.0,0.0,0.0,0.0,0.0,0.0,0.0,0.0,0.0,0.0,0.0,0.0,0.0,0.0,0.0,0.0,0.0,0.0,0.0,0.0,0.0,0.0,0.0,0.0,0.0,0.0,0.0,0.0,0.0,0.0,0.0,0.0,0.0,0.0,0.0,0.0,0.0,0.0,0.0,0.0,0.0,0.0,0.0,0.0,0.0,54.962639272092545,54.962639272092545,54.962639272092545,0.0,0.0,0.0,-123.57153935194412,-123.57153935194412,-123.57153935194412,-59.28245221716509,-59.28245221716509,-59.28245221716509,237.81663084120177,237.81663084120177,237.81663084120177,0.0,0.0,0.0,2490.8414661349257
2023-01-24,2437.7313699138354,2207.495915300616,2520.255866237415,2437.7313699138354,2437.7313699138354,0.0,0.0,0.0,0.0,0.0,0.0,0.0,0.0,0.0,0.0,0.0,0.0,0.0,0.0,0.0,0.0,0.0,0.0,0.0,0.0,0.0,0.0,0.0,0.0,0.0,0.0,0.0,0.0,0.0,0.0,0.0,0.0,0.0,0.0,0.0,0.0,0.0,0.0,0.0,0.0,0.0,0.0,0.0,0.0,0.0,0.0,0.0,0.0,-74.5125915396847,-74.5125915396847,-74.5125915396847,0.0,0.0,0.0,-119.00022625871628,-119.00022625871628,-119.00022625871628,-202.87489051734258,-202.87489051734258,-202.87489051734258,247.36252523637415,247.36252523637415,247.36252523637415,0.0,0.0,0.0,2363.2187783741506
2023-01-25,2439.583912964838,2225.727391951251,2549.293030991278,2439.583912964838,2439.583912964838,0.0,0.0,0.0,0.0,0.0,0.0,0.0,0.0,0.0,0.0,0.0,0.0,0.0,0.0,0.0,0.0,0.0,0.0,0.0,0.0,0.0,0.0,0.0,0.0,0.0,0.0,0.0,0.0,0.0,0.0,0.0,0.0,0.0,0.0,0.0,0.0,0.0,0.0,0.0,0.0,0.0,0.0,0.0,0.0,0.0,0.0,0.0,0.0,-43.11933970915112,-43.11933970915112,-43.11933970915112,0.0,0.0,0.0,-118.76757410149987,-118.76757410149987,-118.76757410149987,-181.71447593039645,-181.71447593039645,-181.71447593039645,257.3627103227453,257.3627103227453,257.3627103227453,0.0,0.0,0.0,2396.464573255687
2023-01-26,2441.43645601584,2405.445165597952,2732.3510165082644,2441.43645601584,2441.43645601584,0.0,0.0,0.0,0.0,0.0,0.0,0.0,0.0,0.0,0.0,0.0,0.0,0.0,0.0,0.0,0.0,0.0,0.0,0.0,0.0,0.0,0.0,0.0,0.0,0.0,0.0,0.0,0.0,0.0,0.0,0.0,0.0,0.0,0.0,0.0,0.0,0.0,0.0,0.0,0.0,0.0,0.0,0.0,0.0,0.0,0.0,0.0,0.0,130.32771843538063,130.32771843538063,130.32771843538063,0.0,0.0,0.0,-120.46301282181606,-120.46301282181606,-120.46301282181606,-16.87781296414804,-16.87781296414804,-16.87781296414804,267.6685442213447,267.6685442213447,267.6685442213447,0.0,0.0,0.0,2571.7641744512207
2023-01-27,2443.288999066842,2599.224710320011,2923.959151103156,2443.288999066842,2443.288999066842,0.0,0.0,0.0,0.0,0.0,0.0,0.0,0.0,0.0,0.0,0.0,0.0,0.0,0.0,0.0,0.0,0.0,0.0,0.0,0.0,0.0,0.0,0.0,0.0,0.0,0.0,0.0,0.0,0.0,0.0,0.0,0.0,0.0,0.0,0.0,0.0,0.0,0.0,0.0,0.0,0.0,0.0,0.0,0.0,0.0,0.0,0.0,0.0,310.8576379516498,310.8576379516498,310.8576379516498,0.0,0.0,0.0,-118.37950889545094,-118.37950889545094,-118.37950889545094,151.1085948712552,151.1085948712552,151.1085948712552,278.12855197584554,278.12855197584554,278.12855197584554,0.0,0.0,0.0,2754.1466370184917
2023-01-28,2445.1415421178444,2678.7579154083655,2984.2451936014936,2445.1415421178444,2445.1415421178444,0.0,0.0,0.0,0.0,0.0,0.0,0.0,0.0,0.0,0.0,0.0,0.0,0.0,0.0,0.0,0.0,0.0,0.0,0.0,0.0,0.0,0.0,0.0,0.0,0.0,0.0,0.0,0.0,0.0,0.0,0.0,0.0,0.0,0.0,0.0,0.0,0.0,0.0,0.0,0.0,0.0,0.0,0.0,0.0,0.0,0.0,0.0,0.0,390.41033544637554,390.41033544637554,390.41033544637554,0.0,0.0,0.0,-108.28320231889327,-108.28320231889327,-108.28320231889327,210.10138936417056,210.10138936417056,210.10138936417056,288.5921484010982,288.5921484010982,288.5921484010982,0.0,0.0,0.0,2835.55187756422
2023-01-29,2446.994085168847,2603.7123444275867,2922.181116095493,2446.994085168847,2446.994085168847,0.0,0.0,0.0,0.0,0.0,0.0,0.0,0.0,0.0,0.0,0.0,0.0,0.0,0.0,0.0,0.0,0.0,0.0,0.0,0.0,0.0,0.0,0.0,0.0,0.0,0.0,0.0,0.0,0.0,0.0,0.0,0.0,0.0,0.0,0.0,0.0,0.0,0.0,0.0,0.0,0.0,0.0,0.0,0.0,0.0,0.0,0.0,0.0,308.4827834276574,308.4827834276574,308.4827834276574,0.0,0.0,0.0,-89.97010929124217,-89.97010929124217,-89.97010929124217,99.53964739353373,99.53964739353373,99.53964739353373,298.91324532536584,298.91324532536584,298.91324532536584,0.0,0.0,0.0,2755.4768685965046
2023-01-30,2448.8466282198497,2476.5175913378016,2792.0283290436682,2448.8466282198497,2448.8466282198497,0.0,0.0,0.0,0.0,0.0,0.0,0.0,0.0,0.0,0.0,0.0,0.0,0.0,0.0,0.0,0.0,0.0,0.0,0.0,0.0,0.0,0.0,0.0,0.0,0.0,0.0,0.0,0.0,0.0,0.0,0.0,0.0,0.0,0.0,0.0,0.0,0.0,0.0,0.0,0.0,0.0,0.0,0.0,0.0,0.0,0.0,0.0,0.0,183.43287722485553,183.43287722485553,183.43287722485553,0.0,0.0,0.0,-66.23831792582,-66.23831792582,-66.23831792582,-59.28245221727487,-59.28245221727487,-59.28245221727487,308.9536473679504,308.9536473679504,308.9536473679504,0.0,0.0,0.0,2632.279505444705
2023-01-31,2450.6991712708514,2364.8128602063825,2685.4013547786935,2450.6991712708514,2450.6991712708514,0.0,0.0,0.0,0.0,0.0,0.0,0.0,0.0,0.0,0.0,0.0,0.0,0.0,0.0,0.0,0.0,0.0,0.0,0.0,0.0,0.0,0.0,0.0,0.0,0.0,0.0,0.0,0.0,0.0,0.0,0.0,0.0,0.0,0.0,0.0,0.0,0.0,0.0,0.0,0.0,0.0,0.0,0.0,0.0,0.0,0.0,0.0,0.0,75.61269058949392,75.61269058949392,75.61269058949392,0.0,0.0,0.0,-40.09856665559224,-40.09856665559224,-40.09856665559224,-202.8748905173862,-202.8748905173862,-202.8748905173862,318.58614776247236,318.58614776247236,318.58614776247236,0.0,0.0,0.0,2526.3118618603453
2023-02-01,2452.5517143218535,2431.4565338578927,2746.3461438179734,2452.5517143218535,2452.5517143218535,0.0,0.0,0.0,0.0,0.0,0.0,0.0,0.0,0.0,0.0,0.0,0.0,0.0,0.0,0.0,0.0,0.0,0.0,0.0,0.0,0.0,0.0,0.0,0.0,0.0,0.0,0.0,0.0,0.0,0.0,0.0,0.0,0.0,0.0,0.0,0.0,0.0,0.0,0.0,0.0,0.0,0.0,0.0,0.0,0.0,0.0,0.0,0.0,132.948080225617,132.948080225617,132.948080225617,0.0,0.0,0.0,-13.034689386235645,-13.034689386235645,-13.034689386235645,-181.71447593075294,-181.71447593075294,-181.71447593075294,327.6972455426056,327.6972455426056,327.6972455426056,0.0,0.0,0.0,2585.4997945474706
2023-02-02,2454.404257372856,2643.8440701845393,2946.009380444059,2454.404257372856,2454.404257372856,0.0,0.0,0.0,0.0,0.0,0.0,0.0,0.0,0.0,0.0,0.0,0.0,0.0,0.0,0.0,0.0,0.0,0.0,0.0,0.0,0.0,0.0,0.0,0.0,0.0,0.0,0.0,0.0,0.0,0.0,0.0,0.0,0.0,0.0,0.0,0.0,0.0,0.0,0.0,0.0,0.0,0.0,0.0,0.0,0.0,0.0,0.0,0.0,333.8879371029081,333.8879371029081,333.8879371029081,0.0,0.0,0.0,14.576332718346265,14.576332718346265,14.576332718346265,-16.87781296399078,-16.87781296399078,-16.87781296399078,336.1894173485526,336.1894173485526,336.1894173485526,0.0,0.0,0.0,2788.292194475764
2023-02-03,2456.2568004238587,2824.967665088949,3147.9740595785593,2456.2568004238587,2456.2568004238587,0.0,0.0,0.0,0.0,0.0,0.0,0.0,0.0,0.0,0.0,0.0,0.0,0.0,0.0,0.0,0.0,0.0,0.0,0.0,0.0,0.0,0.0,0.0,0.0,0.0,0.0,0.0,0.0,0.0,0.0,0.0,0.0,0.0,0.0,0.0,0.0,0.0,0.0,0.0,0.0,0.0,0.0,0.0,0.0,0.0,0.0,0.0,0.0,537.1969979986733,537.1969979986733,537.1969979986733,0.0,0.0,0.0,42.10551230437506,42.10551230437506,42.10551230437506,151.10859487129983,151.10859487129983,151.10859487129983,343.98289082299834,343.98289082299834,343.98289082299834,0.0,0.0,0.0,2993.453798422532
2023-02-04,2458.1093434748605,2922.351067669874,3247.3038756914525,2458.1093434748605,2458.1093434748605,0.0,0.0,0.0,0.0,0.0,0.0,0.0,0.0,0.0,0.0,0.0,0.0,0.0,0.0,0.0,0.0,0.0,0.0,0.0,0.0,0.0,0.0,0.0,0.0,0.0,0.0,0.0,0.0,0.0,0.0,0.0,0.0,0.0,0.0,0.0,0.0,0.0,0.0,0.0,0.0,0.0,0.0,0.0,0.0,0.0,0.0,0.0,0.0,629.3177065977637,629.3177065977637,629.3177065977637,0.0,0.0,0.0,68.19943560331352,68.19943560331352,68.19943560331352,210.10138936417277,210.10138936417277,210.10138936417277,351.0168816302774,351.0168816302774,351.0168816302774,0.0,0.0,0.0,3087.4270500726243
2023-02-05,2459.9618865258626,2849.344225624472,3172.3422378662885,2459.9618865258626,2459.9618865258626,0.0,0.0,0.0,0.0,0.0,0.0,0.0,0.0,0.0,0.0,0.0,0.0,0.0,0.0,0.0,0.0,0.0,0.0,0.0,0.0,0.0,0.0,0.0,0.0,0.0,0.0,0.0,0.0,0.0,0.0,0.0,0.0,0.0,0.0,0.0,0.0,0.0,0.0,0.0,0.0,0.0,0.0,0.0,0.0,0.0,0.0,0.0,0.0,548.3636157264963,548.3636157264963,548.3636157264963,0.0,0.0,0.0,91.57369623129233,91.57369623129233,91.57369623129233,99.5396473934215,99.5396473934215,99.5396473934215,357.2502721017826,357.2502721017826,357.2502721017826,0.0,0.0,0.0,3008.325502252359
2023-02-06,2461.814429576865,2714.3488492828847,3036.0339102009416,2461.814429576865,2461.814429576865,0.0,0.0,0.0,0.0,0.0,0.0,0.0,0.0,0.0,0.0,0.0,0.0,0.0,0.0,0.0,0.0,0.0,0.0,0.0,0.0,0.0,0.0,0.0,0.0,0.0,0.0,0.0,0.0,0.0,0.0,0.0,0.0,0.0,0.0,0.0,0.0,0.0,0.0,0.0,0.0,0.0,0.0,0.0,0.0,0.0,0.0,0.0,0.0,415.1643665921802,415.1643665921802,415.1643665921802,0.0,0.0,0.0,111.78509289803014,111.78509289803014,111.78509289803014,-59.28245221740828,-59.28245221740828,-59.28245221740828,362.6617259115582,362.6617259115582,362.6617259115582,0.0,0.0,0.0,2876.9787961690454
2023-02-07,2463.6669726278674,2592.62655974968,2928.5314417095606,2463.6669726278674,2463.6669726278674,0.0,0.0,0.0,0.0,0.0,0.0,0.0,0.0,0.0,0.0,0.0,0.0,0.0,0.0,0.0,0.0,0.0,0.0,0.0,0.0,0.0,0.0,0.0,0.0,0.0,0.0,0.0,0.0,0.0,0.0,0.0,0.0,0.0,0.0,0.0,0.0,0.0,0.0,0.0,0.0,0.0,0.0,0.0,0.0,0.0,0.0,0.0,0.0,293.10005054020735,293.10005054020735,293.10005054020735,0.0,0.0,0.0,128.72569152102685,128.72569152102685,128.72569152102685,-202.8748905171793,-202.8748905171793,-202.8748905171793,367.24924953635974,367.24924953635974,367.24924953635974,0.0,0.0,0.0,2756.767023168075
2023-02-08,2465.51951567887,2626.847669082184,2966.176516155933,2465.51951567887,2465.51951567887,0.0,0.0,0.0,0.0,0.0,0.0,0.0,0.0,0.0,0.0,0.0,0.0,0.0,0.0,0.0,0.0,0.0,0.0,0.0,0.0,0.0,0.0,0.0,0.0,0.0,0.0,0.0,0.0,0.0,0.0,0.0,0.0,0.0,0.0,0.0,0.0,0.0,0.0,0.0,0.0,0.0,0.0,0.0,0.0,0.0,0.0,0.0,0.0,330.5707404730893,330.5707404730893,330.5707404730893,0.0,0.0,0.0,141.25598932785257,141.25598932785257,141.25598932785257,-181.71447593063783,-181.71447593063783,-181.71447593063783,371.0292270758746,371.0292270758746,371.0292270758746,0.0,0.0,0.0,2796.0902561519592
2023-02-09,2467.372058729872,2814.836696165813,3129.2507763459057,2467.372058729872,2467.372058729872,0.0,0.0,0.0,0.0,0.0,0.0,0.0,0.0,0.0,0.0,0.0,0.0,0.0,0.0,0.0,0.0,0.0,0.0,0.0,0.0,0.0,0.0,0.0,0.0,0.0,0.0,0.0,0.0,0.0,0.0,0.0,0.0,0.0,0.0,0.0,0.0,0.0,0.0,0.0,0.0,0.0,0.0,0.0,0.0,0.0,0.0,0.0,0.0,503.92186122125054,503.92186122125054,503.92186122125054,0.0,0.0,0.0,146.76470433916592,146.76470433916592,146.76470433916592,-16.87781296383352,-16.87781296383352,-16.87781296383352,374.0349698459181,374.0349698459181,374.0349698459181,0.0,0.0,0.0,2971.293919951123
2023-02-10,2469.2246017808734,2979.705714072237,3302.3794496686696,2469.2246017808734,2469.2246017808734,0.0,0.0,0.0,0.0,0.0,0.0,0.0,0.0,0.0,0.0,0.0,0.0,0.0,0.0,0.0,0.0,0.0,0.0,0.0,0.0,0.0,0.0,0.0,0.0,0.0,0.0,0.0,0.0,0.0,0.0,0.0,0.0,0.0,0.0,0.0,0.0,0.0,0.0,0.0,0.0,0.0,0.0,0.0,0.0,0.0,0.0,0.0,0.0,670.2058346107603,670.2058346107603,670.2058346107603,0.0,0.0,0.0,142.78240415668822,142.78240415668822,142.78240415668822,151.10859487142176,151.10859487142176,151.10859487142176,376.31483558265035,376.31483558265035,376.31483558265035,0.0,0.0,0.0,3139.4304363916335
2023-02-11,2471.077139264764,3037.176557885996,3359.276970892874,2471.077139264764,2471.077139264764,0.0,0.0,0.0,0.0,0.0,0.0,0.0,0.0,0.0,0.0,0.0,0.0,0.0,0.0,0.0,0.0,0.0,0.0,0.0,0.0,0.0,0.0,0.0,0.0,0.0,0.0,0.0,0.0,0.0,0.0,0.0,0.0,0.0,0.0,0.0,0.0,0.0,0.0,0.0,0.0,0.0,0.0,0.0,0.0,0.0,0.0,0.0,0.0,717.5623277309913,717.5623277309913,717.5623277309913,0.0,0.0,0.0,129.53095463640446,129.53095463640446,129.53095463640446,210.101389364134,210.101389364134,210.101389364134,377.9299837304528,377.9299837304528,377.9299837304528,0.0,0.0,0.0,3188.6394669957554
2023-02-12,2472.9296767486544,2900.4906453287326,3229.729790554801,2472.9296767486544,2472.9296767486544,0.0,0.0,0.0,0.0,0.0,0.0,0.0,0.0,0.0,0.0,0.0,0.0,0.0,0.0,0.0,0.0,0.0,0.0,0.0,0.0,0.0,0.0,0.0,0.0,0.0,0.0,0.0,0.0,0.0,0.0,0.0,0.0,0.0,0.0,0.0,0.0,0.0,0.0,0.0,0.0,0.0,0.0,0.0,0.0,0.0,0.0,0.0,0.0,589.2781918416766,589.2781918416766,589.2781918416766,0.0,0.0,0.0,110.78670164319128,110.78670164319128,110.78670164319128,99.53964739392173,99.53964739392173,99.53964739392173,378.95184280456385,378.95184280456385,378.95184280456385,0.0,0.0,0.0,3062.207868590331
2023-02-13,2474.782214232544,2724.623631940464,3040.817106115059,2474.782214232544,2474.782214232544,0.0,0.0,0.0,0.0,0.0,0.0,0.0,0.0,0.0,0.0,0.0,0.0,0.0,0.0,0.0,0.0,0.0,0.0,0.0,0.0,0.0,0.0,0.0,0.0,0.0,0.0,0.0,0.0,0.0,0.0,0.0,0.0,0.0,0.0,0.0,0.0,0.0,0.0,0.0,0.0,0.0,0.0,0.0,0.0,0.0,0.0,0.0,0.0,411.7078633635,411.7078633635,411.7078633635,0.0,0.0,0.0,91.53094261916196,91.53094261916196,91.53094261916196,-59.28245221754166,-59.28245221754166,-59.28245221754166,379.45937296187975,379.45937296187975,379.45937296187975,0.0,0.0,0.0,2886.490077596044
2023-02-14,2476.6347517164345,2560.5674486913886,2883.3806490915845,2476.6347517164345,2476.6347517164345,0.0,0.0,0.0,0.0,0.0,0.0,0.0,0.0,0.0,0.0,0.0,0.0,0.0,0.0,0.0,0.0,0.0,0.0,0.0,0.0,0.0,0.0,0.0,0.0,0.0,0.0,0.0,0.0,0.0,0.0,0.0,0.0,0.0,0.0,0.0,0.0,0.0,0.0,0.0,0.0,0.0,0.0,0.0,0.0,0.0,0.0,0.0,0.0,250.54030393671275,250.54030393671275,250.54030393671275,0.0,0.0,0.0,73.8789829608705,73.8789829608705,73.8789829608705,-202.87489051714132,-202.87489051714132,-202.87489051714132,379.5362114929836,379.5362114929836,379.5362114929836,0.0,0.0,0.0,2727.1750556531474
2023-02-15,2478.4872892003245,2566.912057248235,2895.207145197559,2478.4872892003245,2478.4872892003245,0.0,0.0,0.0,0.0,0.0,0.0,0.0,0.0,0.0,0.0,0.0,0.0,0.0,0.0,0.0,0.0,0.0,0.0,0.0,0.0,0.0,0.0,0.0,0.0,0.0,0.0,0.0,0.0,0.0,0.0,0.0,0.0,0.0,0.0,0.0,0.0,0.0,0.0,0.0,0.0,0.0,0.0,0.0,0.0,0.0,0.0,0.0,0.0,252.4502468738185,252.4502468738185,252.4502468738185,0.0,0.0,0.0,54.896931950790695,54.896931950790695,54.896931950790695,-181.7144759306225,-181.7144759306225,-181.7144759306225,379.2677908536503,379.2677908536503,379.2677908536503,0.0,0.0,0.0,2730.937536074143
2023-02-16,2480.339826684214,2716.7887475779935,3022.7451917824365,2480.339826684214,2480.339826684214,0.0,0.0,0.0,0.0,0.0,0.0,0.0,0.0,0.0,0.0,0.0,0.0,0.0,0.0,0.0,0.0,0.0,0.0,0.0,0.0,0.0,0.0,0.0,0.0,0.0,0.0,0.0,0.0,0.0,0.0,0.0,0.0,0.0,0.0,0.0,0.0,0.0,0.0,0.0,0.0,0.0,0.0,0.0,0.0,0.0,0.0,0.0,0.0,390.67748958014477,390.67748958014477,390.67748958014477,0.0,0.0,0.0,28.816784487850917,28.816784487850917,28.816784487850917,-16.87781296372539,-16.87781296372539,-16.87781296372539,378.7385180560193,378.7385180560193,378.7385180560193,0.0,0.0,0.0,2871.0173162643587
2023-02-17,2482.1923641681046,2838.2407038716224,3153.4446748673236,2482.1923641681046,2482.1923641681046,0.0,0.0,0.0,0.0,0.0,0.0,0.0,0.0,0.0,0.0,0.0,0.0,0.0,0.0,0.0,0.0,0.0,0.0,0.0,0.0,0.0,0.0,0.0,0.0,0.0,0.0,0.0,0.0,0.0,0.0,0.0,0.0,0.0,0.0,0.0,0.0,0.0,0.0,0.0,0.0,0.0,0.0,0.0,0.0,0.0,0.0,0.0,0.0,521.5731255098613,521.5731255098613,521.5731255098613,0.0,0.0,0.0,-7.564570148717253,-7.564570148717253,-7.564570148717253,151.1085948715051,151.1085948715051,151.1085948715051,378.02910078707345,378.02910078707345,378.02910078707345,0.0,0.0,0.0,3003.765489677966
2023-02-18,2484.044901651995,2861.9449100652714,3164.858617007685,2484.044901651995,2484.044901651995,0.0,0.0,0.0,0.0,0.0,0.0,0.0,0.0,0.0,0.0,0.0,0.0,0.0,0.0,0.0,0.0,0.0,0.0,0.0,0.0,0.0,0.0,0.0,0.0,0.0,0.0,0.0,0.0,0.0,0.0,0.0,0.0,0.0,0.0,0.0,0.0,0.0,0.0,0.0,0.0,0.0,0.0,0.0,0.0,0.0,0.0,0.0,0.0,536.6746851752877,536.6746851752877,536.6746851752877,0.0,0.0,0.0,-50.64080383388292,-50.64080383388292,-50.64080383388292,210.10138936409527,210.10138936409527,210.10138936409527,377.21409964507535,377.21409964507535,377.21409964507535,0.0,0.0,0.0,3020.719586827283
2023-02-19,2485.897439135885,2707.0704501246323,3037.733058053534,2485.897439135885,2485.897439135885,0.0,0.0,0.0,0.0,0.0,0.0,0.0,0.0,0.0,0.0,0.0,0.0,0.0,0.0,0.0,0.0,0.0,0.0,0.0,0.0,0.0,0.0,0.0,0.0,0.0,0.0,0.0,0.0,0.0,0.0,0.0,0.0,0.0,0.0,0.0,0.0,0.0,0.0,0.0,0.0,0.0,0.0,0.0,0.0,0.0,0.0,0.0,0.0,385.12393016759563,385.12393016759563,385.12393016759563,0.0,0.0,0.0,-90.77549481106453,-90.77549481106453,-90.77549481106453,99.5396473938095,99.5396473938095,99.5396473938095,376.35977758485063,376.35977758485063,376.35977758485063,0.0,0.0,0.0,2871.0213693034807
2023-02-20,2487.7499766197748,2539.3181834056245,2864.518416385919,2487.7499766197748,2487.7499766197748,0.0,0.0,0.0,0.0,0.0,0.0,0.0,0.0,0.0,0.0,0.0,0.0,0.0,0.0,0.0,0.0,0.0,0.0,0.0,0.0,0.0,0.0,0.0,0.0,0.0,0.0,0.0,0.0,0.0,0.0,0.0,0.0,0.0,0.0,0.0,0.0,0.0,0.0,0.0,0.0,0.0,0.0,0.0,0.0,0.0,15.586468002320645,15.586468002320645,15.586468002320645,213.8130932501783,213.8130932501783,213.8130932501783,15.586468002320645,15.586468002320645,15.586468002320645,-118.01322984616597,-118.01322984616597,-118.01322984616597,-59.282452217675036,-59.282452217675036,-59.282452217675036,375.5223073116987,375.5223073116987,375.5223073116987,0.0,0.0,0.0,2701.563069869953
2023-02-21,2489.6025141036653,2358.292645751725,2697.7287829892125,2489.6025141036653,2489.6025141036653,0.0,0.0,0.0,0.0,0.0,0.0,0.0,0.0,0.0,0.0,0.0,0.0,0.0,0.0,0.0,0.0,0.0,0.0,0.0,0.0,0.0,0.0,0.0,0.0,0.0,0.0,0.0,0.0,0.0,0.0,0.0,0.0,0.0,0.0,0.0,0.0,0.0,0.0,0.0,0.0,0.0,0.0,0.0,0.0,0.0,0.0,0.0,0.0,43.395323225426765,43.395323225426765,43.395323225426765,0.0,0.0,0.0,-128.476171547735,-128.476171547735,-128.476171547735,-202.87489051722574,-202.87489051722574,-202.87489051722574,374.74638529038754,374.74638529038754,374.74638529038754,0.0,0.0,0.0,2532.997837329092
2023-02-22,2491.4550515875558,2407.0763571516436,2727.1212783018054,2491.4550515875558,2491.4550515875558,0.0,0.0,0.0,0.0,0.0,0.0,0.0,0.0,0.0,0.0,0.0,0.0,0.0,0.0,0.0,0.0,0.0,0.0,0.0,0.0,0.0,0.0,0.0,0.0,0.0,0.0,0.0,0.0,0.0,0.0,0.0,0.0,0.0,0.0,0.0,0.0,0.0,0.0,0.0,0.0,0.0,0.0,0.0,0.0,0.0,0.0,0.0,0.0,65.86709683986537,65.86709683986537,65.86709683986537,0.0,0.0,0.0,-126.48271484952646,-126.48271484952646,-126.48271484952646,-181.7144759305074,-181.7144759305074,-181.7144759305074,374.0642876198993,374.0642876198993,374.0642876198993,0.0,0.0,0.0,2557.3221484274213
2023-02-23,2493.307589071446,2569.6281391124917,2886.548827296654,2493.307589071446,2493.307589071446,0.0,0.0,0.0,0.0,0.0,0.0,0.0,0.0,0.0,0.0,0.0,0.0,0.0,0.0,0.0,0.0,0.0,0.0,0.0,0.0,0.0,0.0,0.0,0.0,0.0,0.0,0.0,0.0,0.0,0.0,0.0,0.0,0.0,0.0,0.0,0.0,0.0,0.0,0.0,0.0,0.0,0.0,0.0,0.0,0.0,0.0,0.0,0.0,235.7820562255205,235.7820562255205,235.7820562255205,0.0,0.0,0.0,-120.83551949206544,-120.83551949206544,-120.83551949206544,-16.877812964372634,-16.877812964372634,-16.877812964372634,373.4953886819586,373.4953886819586,373.4953886819586,0.0,0.0,0.0,2729.0896452969664
2023-02-24,2495.160126555336,2748.3423976284926,3067.124623915119,2495.160126555336,2495.160126555336,0.0,0.0,0.0,0.0,0.0,0.0,0.0,0.0,0.0,0.0,0.0,0.0,0.0,0.0,0.0,0.0,0.0,0.0,0.0,0.0,0.0,0.0,0.0,0.0,0.0,0.0,0.0,0.0,0.0,0.0,0.0,0.0,0.0,0.0,0.0,0.0,0.0,0.0,0.0,0.0,0.0,0.0,0.0,0.0,0.0,0.0,0.0,0.0,405.79472755605167,405.79472755605167,405.79472755605167,0.0,0.0,0.0,-118.3600159590951,-118.3600159590951,-118.3600159590951,151.10859487108118,151.10859487108118,151.10859487108118,373.04614864406557,373.04614864406557,373.04614864406557,0.0,0.0,0.0,2900.9548541113877
2023-02-25,2497.012664039226,2785.244663876364,3126.3542957943982,2497.012664039226,2497.012664039226,0.0,0.0,0.0,0.0,0.0,0.0,0.0,0.0,0.0,0.0,0.0,0.0,0.0,0.0,0.0,0.0,0.0,0.0,0.0,0.0,0.0,0.0,0.0,0.0,0.0,0.0,0.0,0.0,0.0,0.0,0.0,0.0,0.0,0.0,0.0,0.0,0.0,0.0,0.0,0.0,0.0,0.0,0.0,0.0,0.0,0.0,0.0,0.0,463.0997409573197,463.0997409573197,463.0997409573197,0.0,0.0,0.0,-119.7122094451371,-119.7122094451371,-119.7122094451371,210.10138936409749,210.10138936409749,210.10138936409749,372.7105610383593,372.7105610383593,372.7105610383593,0.0,0.0,0.0,2960.1124049965456
2023-02-26,2498.8652015231164,2695.270906125069,3007.959126316243,2498.8652015231164,2498.8652015231164,0.0,0.0,0.0,0.0,0.0,0.0,0.0,0.0,0.0,0.0,0.0,0.0,0.0,0.0,0.0,0.0,0.0,0.0,0.0,0.0,0.0,0.0,0.0,0.0,0.0,0.0,0.0,0.0,0.0,0.0,0.0,0.0,0.0,0.0,0.0,0.0,0.0,0.0,0.0,0.0,0.0,0.0,0.0,0.0,0.0,0.0,0.0,0.0,351.76989083066746,351.76989083066746,351.76989083066746,0.0,0.0,0.0,-120.24079376052975,-120.24079376052975,-120.24079376052975,99.53964739370073,99.53964739370073,99.53964739370073,372.47103719749646,372.47103719749646,372.47103719749646,0.0,0.0,0.0,2850.635092353784
2023-02-27,2500.717739007006,2550.276002079258,2860.9128949243513,2500.717739007006,2500.717739007006,0.0,0.0,0.0,0.0,0.0,0.0,0.0,0.0,0.0,0.0,0.0,0.0,0.0,0.0,0.0,0.0,0.0,0.0,0.0,0.0,0.0,0.0,0.0,0.0,0.0,0.0,0.0,0.0,0.0,0.0,0.0,0.0,0.0,0.0,0.0,0.0,0.0,0.0,0.0,0.0,0.0,0.0,0.0,0.0,0.0,0.0,0.0,0.0,198.57334315397424,198.57334315397424,198.57334315397424,0.0,0.0,0.0,-114.44389537142867,-114.44389537142867,-114.44389537142867,-59.28245221778484,-59.28245221778484,-59.28245221778484,372.29969074318785,372.29969074318785,372.29969074318785,0.0,0.0,0.0,2699.2910821609803
2023-02-28,2502.5702764908965,2407.863447159683,2732.219262806025,2502.5702764908965,2502.5702764908965,0.0,0.0,0.0,0.0,0.0,0.0,0.0,0.0,0.0,0.0,0.0,0.0,0.0,0.0,0.0,0.0,0.0,0.0,0.0,0.0,0.0,0.0,0.0,0.0,0.0,0.0,0.0,0.0,0.0,0.0,0.0,0.0,0.0,0.0,0.0,0.0,0.0,0.0,0.0,0.0,0.0,0.0,0.0,0.0,0.0,0.0,0.0,0.0,69.26744687864733,69.26744687864733,69.26744687864733,0.0,0.0,0.0,-100.01763560363487,-100.01763560363487,-100.01763560363487,-202.874890516978,-202.874890516978,-202.874890516978,372.15997299926016,372.15997299926016,372.15997299926016,0.0,0.0,0.0,2571.8377233695437
2023-03-01,2504.422813974787,2452.837132564618,2775.3388516272544,2504.422813974787,2504.422813974787,0.0,0.0,0.0,0.0,0.0,0.0,0.0,0.0,0.0,0.0,0.0,0.0,0.0,0.0,0.0,0.0,0.0,0.0,0.0,0.0,0.0,0.0,0.0,0.0,0.0,0.0,0.0,0.0,0.0,0.0,0.0,0.0,0.0,0.0,0.0,0.0,0.0,0.0,0.0,0.0,0.0,0.0,0.0,0.0,0.0,0.0,0.0,0.0,111.72682952805341,111.72682952805341,111.72682952805341,0.0,0.0,0.0,-78.56729404794919,-78.56729404794919,-78.56729404794919,-181.7144759303923,-181.7144759303923,-181.7144759303923,372.00859950639494,372.00859950639494,372.00859950639494,0.0,0.0,0.0,2616.1496435028403
2023-03-02,2506.2753514586766,2650.7716711006537,2961.5168244430474,2506.2753514586766,2506.2753514586766,0.0,0.0,0.0,0.0,0.0,0.0,0.0,0.0,0.0,0.0,0.0,0.0,0.0,0.0,0.0,0.0,0.0,0.0,0.0,0.0,0.0,0.0,0.0,0.0,0.0,0.0,0.0,0.0,0.0,0.0,0.0,0.0,0.0,0.0,0.0,0.0,0.0,0.0,0.0,0.0,0.0,0.0,0.0,0.0,0.0,0.0,0.0,0.0,301.5835925674822,301.5835925674822,301.5835925674822,0.0,0.0,0.0,-53.33629353297673,-53.33629353297673,-53.33629353297673,-16.877812964264496,-16.877812964264496,-16.877812964264496,371.7976990647234,371.7976990647234,371.7976990647234,0.0,0.0,0.0,2807.858944026159
2023-03-03,2508.1278889425666,2844.8473635554165,3169.586037193645,2508.1278889425666,2508.1278889425666,0.0,0.0,0.0,0.0,0.0,0.0,0.0,0.0,0.0,0.0,0.0,0.0,0.0,0.0,0.0,0.0,0.0,0.0,0.0,0.0,0.0,0.0,0.0,0.0,0.0,0.0,0.0,0.0,0.0,0.0,0.0,0.0,0.0,0.0,0.0,0.0,0.0,0.0,0.0,0.0,0.0,0.0,0.0,0.0,0.0,0.0,0.0,0.0,495.936565661538,495.936565661538,495.936565661538,0.0,0.0,0.0,-26.649139388520403,-26.649139388520403,-26.649139388520403,151.10859487116446,151.10859487116446,151.10859487116446,371.4771101788939,371.4771101788939,371.4771101788939,0.0,0.0,0.0,3004.064454604105
2023-03-04,2509.980426426457,2939.8275998638455,3261.639868080849,2509.980426426457,2509.980426426457,0.0,0.0,0.0,0.0,0.0,0.0,0.0,0.0,0.0,0.0,0.0,0.0,0.0,0.0,0.0,0.0,0.0,0.0,0.0,0.0,0.0,0.0,0.0,0.0,0.0,0.0,0.0,0.0,0.0,0.0,0.0,0.0,0.0,0.0,0.0,0.0,0.0,0.0,0.0,0.0,0.0,0.0,0.0,0.0,0.0,0.0,0.0,0.0,581.8209158215237,581.8209158215237,581.8209158215237,0.0,0.0,0.0,0.7227808429088658,0.7227808429088658,0.7227808429088658,210.10138936405875,210.10138936405875,210.10138936405875,370.9967456145562,370.9967456145562,370.9967456145562,0.0,0.0,0.0,3091.8013422479808
2023-03-05,2511.832963910347,2843.2537776646377,3175.3606952742985,2511.832963910347,2511.832963910347,0.0,0.0,0.0,0.0,0.0,0.0,0.0,0.0,0.0,0.0,0.0,0.0,0.0,0.0,0.0,0.0,0.0,0.0,0.0,0.0,0.0,0.0,0.0,0.0,0.0,0.0,0.0,0.0,0.0,0.0,0.0,0.0,0.0,0.0,0.0,0.0,0.0,0.0,0.0,0.0,0.0,0.0,0.0,0.0,0.0,0.0,0.0,0.0,498.27244384626005,498.27244384626005,498.27244384626005,0.0,0.0,0.0,28.423852341704308,28.423852341704308,28.423852341704308,99.53964739358851,99.53964739358851,99.53964739358851,370.3089441109672,370.3089441109672,370.3089441109672,0.0,0.0,0.0,3010.1054077566073
2023-03-06,2513.6855013942372,2715.817587691336,3038.9091849583765,2513.6855013942372,2513.6855013942372,0.0,0.0,0.0,0.0,0.0,0.0,0.0,0.0,0.0,0.0,0.0,0.0,0.0,0.0,0.0,0.0,0.0,0.0,0.0,0.0,0.0,0.0,0.0,0.0,0.0,0.0,0.0,0.0,0.0,0.0,0.0,0.0,0.0,0.0,0.0,0.0,0.0,0.0,0.0,0.0,0.0,0.0,0.0,0.0,0.0,0.0,0.0,0.0,365.51550241216364,365.51550241216364,365.51550241216364,0.0,0.0,0.0,55.42722546228737,55.42722546228737,55.42722546228737,-59.282452217213184,-59.282452217213184,-59.282452217213184,369.37072916708945,369.37072916708945,369.37072916708945,0.0,0.0,0.0,2879.201003806401
2023-03-07,2515.5380388781273,2602.706587348878,2925.1405244345483,2515.5380388781273,2515.5380388781273,0.0,0.0,0.0,0.0,0.0,0.0,0.0,0.0,0.0,0.0,0.0,0.0,0.0,0.0,0.0,0.0,0.0,0.0,0.0,0.0,0.0,0.0,0.0,0.0,0.0,0.0,0.0,0.0,0.0,0.0,0.0,0.0,0.0,0.0,0.0,0.0,0.0,0.0,0.0,0.0,0.0,0.0,0.0,0.0,0.0,0.0,0.0,0.0,245.5464559726274,245.5464559726274,245.5464559726274,0.0,0.0,0.0,80.27544829875043,80.27544829875043,80.27544829875043,-202.87489051706237,-202.87489051706237,-202.87489051706237,368.1458981909393,368.1458981909393,368.1458981909393,0.0,0.0,0.0,2761.0844948507547
2023-03-08,2517.390576362018,2644.870555445549,2969.5391043188,2517.390576362018,2517.390576362018,0.0,0.0,0.0,0.0,0.0,0.0,0.0,0.0,0.0,0.0,0.0,0.0,0.0,0.0,0.0,0.0,0.0,0.0,0.0,0.0,0.0,0.0,0.0,0.0,0.0,0.0,0.0,0.0,0.0,0.0,0.0,0.0,0.0,0.0,0.0,0.0,0.0,0.0,0.0,0.0,0.0,0.0,0.0,0.0,0.0,0.0,0.0,0.0,286.96616820305053,286.96616820305053,286.96616820305053,0.0,0.0,0.0,102.07377307510049,102.07377307510049,102.07377307510049,-181.71447593037692,-181.71447593037692,-181.71447593037692,366.606871058327,366.606871058327,366.606871058327,0.0,0.0,0.0,2804.3567445650683
2023-03-09,2519.243113845908,2829.952366582624,3158.756376930491,2519.243113845908,2519.243113845908,0.0,0.0,0.0,0.0,0.0,0.0,0.0,0.0,0.0,0.0,0.0,0.0,0.0,0.0,0.0,0.0,0.0,0.0,0.0,0.0,0.0,0.0,0.0,0.0,0.0,0.0,0.0,0.0,0.0,0.0,0.0,0.0,0.0,0.0,0.0,0.0,0.0,0.0,0.0,0.0,0.0,0.0,0.0,0.0,0.0,0.0,0.0,0.0,468.5552920608541,468.5552920608541,468.5552920608541,0.0,0.0,0.0,120.69686994452516,120.69686994452516,120.69686994452516,-16.877812964058116,-16.877812964058116,-16.877812964058116,364.7362350803871,364.7362350803871,364.7362350803871,0.0,0.0,0.0,2987.798405906762
2023-03-10,2521.095651329798,3007.387794569146,3327.77526477954,2521.095651329798,2521.095651329798,0.0,0.0,0.0,0.0,0.0,0.0,0.0,0.0,0.0,0.0,0.0,0.0,0.0,0.0,0.0,0.0,0.0,0.0,0.0,0.0,0.0,0.0,0.0,0.0,0.0,0.0,0.0,0.0,0.0,0.0,0.0,0.0,0.0,0.0,0.0,0.0,0.0,0.0,0.0,0.0,0.0,0.0,0.0,0.0,0.0,0.0,0.0,0.0,649.316312676923,649.316312676923,649.316312676923,0.0,0.0,0.0,135.67978452799156,135.67978452799156,135.67978452799156,151.10859487124773,151.10859487124773,151.10859487124773,362.5279332776837,362.5279332776837,362.5279332776837,0.0,0.0,0.0,3170.411964006721
2023-03-11,2522.948188813688,3084.6324469525434,3398.9606493016313,2522.948188813688,2522.948188813688,0.0,0.0,0.0,0.0,0.0,0.0,0.0,0.0,0.0,0.0,0.0,0.0,0.0,0.0,0.0,0.0,0.0,0.0,0.0,0.0,0.0,0.0,0.0,0.0,0.0,0.0,0.0,0.0,0.0,0.0,0.0,0.0,0.0,0.0,0.0,0.0,0.0,0.0,0.0,0.0,0.0,0.0,0.0,0.0,0.0,0.0,0.0,0.0,715.1664379501559,715.1664379501559,715.1664379501559,0.0,0.0,0.0,145.07699419526475,145.07699419526475,145.07699419526475,210.10138936416678,210.10138936416678,210.10138936416678,359.9880543907245,359.9880543907245,359.9880543907245,0.0,0.0,0.0,3238.1146267638437
2023-03-12,2524.8007262975784,2975.365168788969,3290.6440461691127,2524.8007262975784,2524.8007262975784,0.0,0.0,0.0,0.0,0.0,0.0,0.0,0.0,0.0,0.0,0.0,0.0,0.0,0.0,0.0,0.0,0.0,0.0,0.0,0.0,0.0,0.0,0.0,0.0,0.0,0.0,0.0,0.0,0.0,0.0,0.0,0.0,0.0,0.0,0.0,0.0,0.0,0.0,0.0,0.0,0.0,0.0,0.0,0.0,0.0,0.0,0.0,0.0,602.708784011496,602.708784011496,602.708784011496,0.0,0.0,0.0,146.0339407544666,146.0339407544666,146.0339407544666,99.53964739347629,99.53964739347629,99.53964739347629,357.1351958635532,357.1351958635532,357.1351958635532,0.0,0.0,0.0,3127.5095103090744
2023-03-13,2526.653263781468,2789.057139424352,3117.29759868605,2526.653263781468,2526.653263781468,0.0,0.0,0.0,0.0,0.0,0.0,0.0,0.0,0.0,0.0,0.0,0.0,0.0,0.0,0.0,0.0,0.0,0.0,0.0,0.0,0.0,0.0,0.0,0.0,0.0,0.0,0.0,0.0,0.0,0.0,0.0,0.0,0.0,0.0,0.0,0.0,0.0,0.0,0.0,0.0,0.0,0.0,0.0,0.0,0.0,0.0,0.0,0.0,431.86859484709413,431.86859484709413,431.86859484709413,0.0,0.0,0.0,137.15066234297055,137.15066234297055,137.15066234297055,-59.282452217346574,-59.282452217346574,-59.282452217346574,354.0003847214702,354.0003847214702,354.0003847214702,0.0,0.0,0.0,2958.5218586285623
2023-03-14,2528.5058012653585,2630.767693702898,2968.7354605344085,2528.5058012653585,2528.5058012653585,0.0,0.0,0.0,0.0,0.0,0.0,0.0,0.0,0.0,0.0,0.0,0.0,0.0,0.0,0.0,0.0,0.0,0.0,0.0,0.0,0.0,0.0,0.0,0.0,0.0,0.0,0.0,0.0,0.0,0.0,0.0,0.0,0.0,0.0,0.0,0.0,0.0,0.0,0.0,0.0,0.0,0.0,0.0,0.0,0.0,0.0,0.0,0.0,268.26672137861806,268.26672137861806,268.26672137861806,0.0,0.0,0.0,120.51505649179818,120.51505649179818,120.51505649179818,-202.874890517106,-202.874890517106,-202.874890517106,350.62655540392586,350.62655540392586,350.62655540392586,0.0,0.0,0.0,2796.7725226439766
2023-03-15,2530.358338749249,2646.3896076640676,2952.925352656522,2530.358338749249,2530.358338749249,0.0,0.0,0.0,0.0,0.0,0.0,0.0,0.0,0.0,0.0,0.0,0.0,0.0,0.0,0.0,0.0,0.0,0.0,0.0,0.0,0.0,0.0,0.0,0.0,0.0,0.0,0.0,0.0,0.0,0.0,0.0,0.0,0.0,0.0,0.0,0.0,0.0,0.0,0.0,0.0,0.0,0.0,0.0,0.0,0.0,0.0,0.0,0.0,266.3324298342189,266.3324298342189,266.3324298342189,0.0,0.0,0.0,100.97930799016798,100.97930799016798,100.97930799016798,-181.71447593026187,-181.71447593026187,-181.71447593026187,347.0675977743128,347.0675977743128,347.0675977743128,0.0,0.0,0.0,2796.690768583468
2023-03-16,2532.2108762331386,2782.4675810829162,3094.5455443862993,2532.2108762331386,2532.2108762331386,0.0,0.0,0.0,0.0,0.0,0.0,0.0,0.0,0.0,0.0,0.0,0.0,0.0,0.0,0.0,0.0,0.0,0.0,0.0,0.0,0.0,0.0,0.0,0.0,0.0,0.0,0.0,0.0,0.0,0.0,0.0,0.0,0.0,0.0,0.0,0.0,0.0,0.0,0.0,0.0,0.0,0.0,0.0,0.0,0.0,0.0,0.0,0.0,409.0815447070939,409.0815447070939,409.0815447070939,0.0,0.0,0.0,82.57235539677353,82.57235539677353,82.57235539677353,-16.877812963949978,-16.877812963949978,-16.877812963949978,343.38700227427034,343.38700227427034,343.38700227427034,0.0,0.0,0.0,2941.2924209402327
2023-03-17,2534.0634137170287,2923.2906404260734,3260.131518612707,2534.0634137170287,2534.0634137170287,0.0,0.0,0.0,0.0,0.0,0.0,0.0,0.0,0.0,0.0,0.0,0.0,0.0,0.0,0.0,0.0,0.0,0.0,0.0,0.0,0.0,0.0,0.0,0.0,0.0,0.0,0.0,0.0,0.0,0.0,0.0,0.0,0.0,0.0,0.0,0.0,0.0,0.0,0.0,0.0,0.0,0.0,0.0,0.0,0.0,0.0,0.0,0.0,555.6694747911253,555.6694747911253,555.6694747911253,0.0,0.0,0.0,64.90473781834386,64.90473781834386,64.90473781834386,151.10859487133106,151.10859487133106,151.10859487133106,339.65614210145026,339.65614210145026,339.65614210145026,0.0,0.0,0.0,3089.732888508154
2023-03-18,2535.915951200919,2964.9718628400633,3268.525919139188,2535.915951200919,2535.915951200919,0.0,0.0,0.0,0.0,0.0,0.0,0.0,0.0,0.0,0.0,0.0,0.0,0.0,0.0,0.0,0.0,0.0,0.0,0.0,0.0,0.0,0.0,0.0,0.0,0.0,0.0,0.0,0.0,0.0,0.0,0.0,0.0,0.0,0.0,0.0,0.0,0.0,0.0,0.0,0.0,0.0,0.0,0.0,0.0,0.0,0.0,0.0,0.0,589.1257572096843,589.1257572096843,589.1257572096843,0.0,0.0,0.0,43.072123874254736,43.072123874254736,43.072123874254736,210.10138936412798,210.10138936412798,210.10138936412798,335.9522439713017,335.9522439713017,335.9522439713017,0.0,0.0,0.0,3125.0417084106034
2023-03-19,2537.768488684809,2821.035363103503,3143.9599842468792,2537.768488684809,2537.768488684809,0.0,0.0,0.0,0.0,0.0,0.0,0.0,0.0,0.0,0.0,0.0,0.0,0.0,0.0,0.0,0.0,0.0,0.0,0.0,0.0,0.0,0.0,0.0,0.0,0.0,0.0,0.0,0.0,0.0,0.0,0.0,0.0,0.0,0.0,0.0,0.0,0.0,0.0,0.0,0.0,0.0,0.0,0.0,0.0,0.0,0.0,0.0,0.0,443.7642698548139,443.7642698548139,443.7642698548139,0.0,0.0,0.0,11.868513343205132,11.868513343205132,11.868513343205132,99.5396473933675,99.5396473933675,99.5396473933675,332.3561091182413,332.3561091182413,332.3561091182413,0.0,0.0,0.0,2981.532758539623
2023-03-20,2539.6210261686997,2619.4833175568647,2931.120592279363,2539.6210261686997,2539.6210261686997,0.0,0.0,0.0,0.0,0.0,0.0,0.0,0.0,0.0,0.0,0.0,0.0,0.0,0.0,0.0,0.0,0.0,0.0,0.0,0.0,0.0,0.0,0.0,0.0,0.0,0.0,0.0,0.0,0.0,0.0,0.0,0.0,0.0,0.0,0.0,0.0,0.0,0.0,0.0,0.0,0.0,0.0,0.0,0.0,0.0,0.0,0.0,0.0,240.89047456684222,240.89047456684222,240.89047456684222,0.0,0.0,0.0,-28.776727607856817,-28.776727607856817,-28.776727607856817,-59.28245221750355,-59.28245221750355,-59.28245221750355,328.9496543922025,328.9496543922025,328.9496543922025,0.0,0.0,0.0,2780.511500735542
2023-03-21,2541.4735636525893,2427.222231079943,2753.2219144900573,2541.4735636525893,2541.4735636525893,0.0,0.0,0.0,0.0,0.0,0.0,0.0,0.0,0.0,0.0,0.0,0.0,0.0,0.0,0.0,0.0,0.0,0.0,0.0,0.0,0.0,0.0,0.0,0.0,0.0,0.0,0.0,0.0,0.0,0.0,0.0,0.0,0.0,0.0,0.0,0.0,0.0,0.0,0.0,0.0,0.0,0.0,0.0,0.0,0.0,0.0,0.0,0.0,51.16237760047248,51.16237760047248,51.16237760047248,0.0,0.0,0.0,-71.77608124496594,-71.77608124496594,-71.77608124496594,-202.87489051714962,-202.87489051714962,-202.87489051714962,325.81334936258804,325.81334936258804,325.81334936258804,0.0,0.0,0.0,2592.635941253062
2023-03-22,2543.32610113648,2410.0393190818195,2741.713024688489,2543.32610113648,2543.32610113648,0.0,0.0,0.0,0.0,0.0,0.0,0.0,0.0,0.0,0.0,0.0,0.0,0.0,0.0,0.0,0.0,0.0,0.0,0.0,0.0,0.0,0.0,0.0,0.0,0.0,0.0,0.0,0.0,0.0,0.0,0.0,0.0,0.0,0.0,0.0,0.0,0.0,0.0,0.0,0.0,0.0,0.0,0.0,0.0,0.0,0.0,0.0,0.0,34.86302871569128,34.86302871569128,34.86302871569128,0.0,0.0,0.0,-106.44612442308954,-106.44612442308954,-106.44612442308954,-181.7144759306184,-181.7144759306184,-181.7144759306184,323.02362906939914,323.02362906939914,323.02362906939914,0.0,0.0,0.0,2578.189129852171
2023-03-23,2545.17863862037,2564.135609106111,2889.71452782351,2545.17863862037,2545.17863862037,0.0,0.0,0.0,0.0,0.0,0.0,0.0,0.0,0.0,0.0,0.0,0.0,0.0,0.0,0.0,0.0,0.0,0.0,0.0,0.0,0.0,0.0,0.0,0.0,0.0,0.0,0.0,0.0,0.0,0.0,0.0,0.0,0.0,0.0,0.0,0.0,0.0,0.0,0.0,0.0,0.0,0.0,0.0,0.0,0.0,0.0,0.0,0.0,178.5270332168776,178.5270332168776,178.5270332168776,0.0,0.0,0.0,-125.24551716432089,-125.24551716432089,-125.24551716432089,-16.877812963841844,-16.877812963841844,-16.877812963841844,320.6503633450402,320.6503633450402,320.6503633450402,0.0,0.0,0.0,2723.7056718372473
2023-03-24,2547.0311761042603,2729.7681204685,3064.7186636255974,2547.0311761042603,2547.0311761042603,0.0,0.0,0.0,0.0,0.0,0.0,0.0,0.0,0.0,0.0,0.0,0.0,0.0,0.0,0.0,0.0,0.0,0.0,0.0,0.0,0.0,0.0,0.0,0.0,0.0,0.0,0.0,0.0,0.0,0.0,0.0,0.0,0.0,0.0,0.0,0.0,0.0,0.0,0.0,0.0,0.0,0.0,0.0,0.0,0.0,0.0,0.0,0.0,341.3464522908626,341.3464522908626,341.3464522908626,0.0,0.0,0.0,-128.51660501293426,-128.51660501293426,-128.51660501293426,151.10859487145296,151.10859487145296,151.10859487145296,318.75446243234387,318.75446243234387,318.75446243234387,0.0,0.0,0.0,2888.377628395123
2023-03-25,2548.8837135881504,2778.4381109201877,3109.76300209486,2548.8837135881504,2548.8837135881504,0.0,0.0,0.0,0.0,0.0,0.0,0.0,0.0,0.0,0.0,0.0,0.0,0.0,0.0,0.0,0.0,0.0,0.0,0.0,0.0,0.0,0.0,0.0,0.0,0.0,0.0,0.0,0.0,0.0,0.0,0.0,0.0,0.0,0.0,0.0,0.0,0.0,0.0,0.0,0.0,0.0,0.0,0.0,0.0,0.0,0.0,0.0,0.0,403.9155449911207,403.9155449911207,403.9155449911207,0.0,0.0,0.0,-123.57153935192491,-123.57153935192491,-123.57153935192491,210.10138936410974,210.10138936410974,210.10138936410974,317.3856949789359,317.3856949789359,317.3856949789359,0.0,0.0,0.0,2952.7992585792713
2023-03-26,2550.736250944895,2690.4901696646675,3007.051764025589,2550.736250944895,2550.736250944895,0.0,0.0,0.0,0.0,0.0,0.0,0.0,0.0,0.0,0.0,0.0,0.0,0.0,0.0,0.0,0.0,0.0,0.0,0.0,0.0,0.0,0.0,0.0,0.0,0.0,0.0,0.0,0.0,0.0,0.0,0.0,0.0,0.0,0.0,0.0,0.0,0.0,0.0,0.0,0.0,0.0,0.0,0.0,0.0,0.0,0.0,0.0,0.0,297.1202096392343,297.1202096392343,297.1202096392343,0.0,0.0,0.0,-119.00022625872154,-119.00022625872154,-119.00022625872154,99.53964739325527,99.53964739325527,99.53964739325527,316.58078850470054,316.58078850470054,316.58078850470054,0.0,0.0,0.0,2847.8564605841293
2023-03-27,2552.58878830164,2519.904028554461,2850.5238250434168,2552.58878830164,2552.58878830164,0.0,0.0,0.0,0.0,0.0,0.0,0.0,0.0,0.0,0.0,0.0,0.0,0.0,0.0,0.0,0.0,0.0,0.0,0.0,0.0,0.0,0.0,0.0,0.0,0.0,0.0,0.0,0.0,0.0,0.0,0.0,0.0,0.0,0.0,0.0,0.0,0.0,0.0,0.0,0.0,0.0,0.0,0.0,0.0,0.0,0.0,0.0,0.0,138.3118479798422,138.3118479798422,138.3118479798422,0.0,0.0,0.0,-118.76757410150937,-118.76757410150937,-118.76757410150937,-59.2824522169083,-59.2824522169083,-59.2824522169083,316.3618742982599,316.3618742982599,316.3618742982599,0.0,0.0,0.0,2690.900636281482
2023-03-28,2554.4413256583853,2395.096506096741,2726.3907791197603,2554.4413256583853,2554.4413256583853,0.0,0.0,0.0,0.0,0.0,0.0,0.0,0.0,0.0,0.0,0.0,0.0,0.0,0.0,0.0,0.0,0.0,0.0,0.0,0.0,0.0,0.0,0.0,0.0,0.0,0.0,0.0,0.0,0.0,0.0,0.0,0.0,0.0,0.0,0.0,0.0,0.0,0.0,0.0,0.0,0.0,0.0,0.0,0.0,0.0,0.0,0.0,0.0,-6.60257469428438,-6.60257469428438,-6.60257469428438,0.0,0.0,0.0,-120.46301282181206,-120.46301282181206,-120.46301282181206,-202.87489051719322,-202.87489051719322,-202.87489051719322,316.7353286447208,316.7353286447208,316.7353286447208,0.0,0.0,0.0,2547.838750964101
2023-03-29,2556.2938630151307,2421.4706692929235,2728.63965070349,2556.2938630151307,2556.2938630151307,0.0,0.0,0.0,0.0,0.0,0.0,0.0,0.0,0.0,0.0,0.0,0.0,0.0,0.0,0.0,0.0,0.0,0.0,0.0,0.0,0.0,0.0,0.0,0.0,0.0,0.0,0.0,0.0,0.0,0.0,0.0,0.0,0.0,0.0,0.0,0.0,0.0,0.0,0.0,0.0,0.0,0.0,0.0,0.0,0.0,0.0,0.0,0.0,17.597065797859024,17.597065797859024,17.597065797859024,0.0,0.0,0.0,-118.37950889545586,-118.37950889545586,-118.37950889545586,-181.71447593050328,-181.71447593050328,-181.71447593050328,317.6910506238181,317.6910506238181,317.6910506238181,0.0,0.0,0.0,2573.89092881299
2023-03-30,2558.1464003718756,2595.49941093557,2920.4080282514064,2558.1464003718756,2558.1464003718756,0.0,0.0,0.0,0.0,0.0,0.0,0.0,0.0,0.0,0.0,0.0,0.0,0.0,0.0,0.0,0.0,0.0,0.0,0.0,0.0,0.0,0.0,0.0,0.0,0.0,0.0,0.0,0.0,0.0,0.0,0.0,0.0,0.0,0.0,0.0,0.0,0.0,0.0,0.0,0.0,0.0,0.0,0.0,0.0,0.0,0.0,0.0,0.0,194.04118851238152,194.04118851238152,194.04118851238152,0.0,0.0,0.0,-108.28320231888753,-108.28320231888753,-108.28320231888753,-16.87781296443996,-16.87781296443996,-16.87781296443996,319.20220379570907,319.20220379570907,319.20220379570907,0.0,0.0,0.0,2752.1875888842574
2023-03-31,2559.998937728621,2779.782169473696,3101.251487297181,2559.998937728621,2559.998937728621,0.0,0.0,0.0,0.0,0.0,0.0,0.0,0.0,0.0,0.0,0.0,0.0,0.0,0.0,0.0,0.0,0.0,0.0,0.0,0.0,0.0,0.0,0.0,0.0,0.0,0.0,0.0,0.0,0.0,0.0,0.0,0.0,0.0,0.0,0.0,0.0,0.0,0.0,0.0,0.0,0.0,0.0,0.0,0.0,0.0,0.0,0.0,0.0,382.3639208803094,382.3639208803094,382.3639208803094,0.0,0.0,0.0,-89.9701092912385,-89.9701092912385,-89.9701092912385,151.1085948714977,151.1085948714977,151.1085948714977,321.22543530005026,321.22543530005026,321.22543530005026,0.0,0.0,0.0,2942.3628586089303
2023-04-01,2561.851475085366,2880.7725524083344,3190.21102819622,2561.851475085366,2561.851475085366,0.0,0.0,0.0,0.0,0.0,0.0,0.0,0.0,0.0,0.0,0.0,0.0,0.0,0.0,0.0,0.0,0.0,0.0,0.0,0.0,0.0,0.0,0.0,0.0,0.0,0.0,0.0,0.0,0.0,0.0,0.0,0.0,0.0,0.0,0.0,0.0,0.0,0.0,0.0,0.0,0.0,0.0,0.0,0.0,0.0,0.0,0.0,0.0,467.56464308724964,467.56464308724964,467.56464308724964,0.0,0.0,0.0,-66.23831792581272,-66.23831792581272,-66.23831792581272,210.10138936409146,210.10138936409146,210.10138936409146,323.70157164897086,323.70157164897086,323.70157164897086,0.0,0.0,0.0,3029.416118172616
2023-04-02,2563.704012442111,2800.3135445577195,3109.4531991908066,2563.704012442111,2563.704012442111,0.0,0.0,0.0,0.0,0.0,0.0,0.0,0.0,0.0,0.0,0.0,0.0,0.0,0.0,0.0,0.0,0.0,0.0,0.0,0.0,0.0,0.0,0.0,0.0,0.0,0.0,0.0,0.0,0.0,0.0,0.0,0.0,0.0,0.0,0.0,0.0,0.0,0.0,0.0,0.0,0.0,0.0,0.0,0.0,0.0,0.0,0.0,0.0,385.9978569614674,385.9978569614674,385.9978569614674,0.0,0.0,0.0,-40.098566655598546,-40.098566655598546,-40.098566655598546,99.5396473937555,99.5396473937555,99.5396473937555,326.5567762233104,326.5567762233104,326.5567762233104,0.0,0.0,0.0,2949.7018694035783
2023-04-03,2565.5565497988564,2656.755673620546,2983.1808697064466,2565.5565497988564,2565.5565497988564,0.0,0.0,0.0,0.0,0.0,0.0,0.0,0.0,0.0,0.0,0.0,0.0,0.0,0.0,0.0,0.0,0.0,0.0,0.0,0.0,0.0,0.0,0.0,0.0,0.0,0.0,0.0,0.0,0.0,0.0,0.0,0.0,0.0,0.0,0.0,0.0,0.0,0.0,0.0,0.0,0.0,0.0,0.0,0.0,0.0,0.0,0.0,0.0,257.38699801180127,257.38699801180127,257.38699801180127,0.0,0.0,0.0,-13.034689386238103,-13.034689386238103,-13.034689386238103,-59.28245221704169,-59.28245221704169,-59.28245221704169,329.70413961508103,329.70413961508103,329.70413961508103,0.0,0.0,0.0,2822.9435478106575
2023-04-04,2567.409087155602,2553.8817866894833,2874.6117949196764,2567.409087155602,2567.409087155602,0.0,0.0,0.0,0.0,0.0,0.0,0.0,0.0,0.0,0.0,0.0,0.0,0.0,0.0,0.0,0.0,0.0,0.0,0.0,0.0,0.0,0.0,0.0,0.0,0.0,0.0,0.0,0.0,0.0,0.0,0.0,0.0,0.0,0.0,0.0,0.0,0.0,0.0,0.0,0.0,0.0,0.0,0.0,0.0,0.0,0.0,0.0,0.0,144.74710311525007,144.74710311525007,144.74710311525007,0.0,0.0,0.0,14.57633271836388,14.57633271836388,14.57633271836388,-202.87489051727766,-202.87489051727766,-202.87489051727766,333.0456609141638,333.0456609141638,333.0456609141638,0.0,0.0,0.0,2712.1561902708518
2023-04-05,2569.2616245123463,2598.1663187059717,2925.728191229096,2569.2616245123463,2569.2616245123463,0.0,0.0,0.0,0.0,0.0,0.0,0.0,0.0,0.0,0.0,0.0,0.0,0.0,0.0,0.0,0.0,0.0,0.0,0.0,0.0,0.0,0.0,0.0,0.0,0.0,0.0,0.0,0.0,0.0,0.0,0.0,0.0,0.0,0.0,0.0,0.0,0.0,0.0,0.0,0.0,0.0,0.0,0.0,0.0,0.0,0.0,0.0,0.0,196.86560258039296,196.86560258039296,196.86560258039296,0.0,0.0,0.0,42.105512304395724,42.105512304395724,42.105512304395724,-181.71447593043806,-181.71447593043806,-181.71447593043806,336.4745662064353,336.4745662064353,336.4745662064353,0.0,0.0,0.0,2766.1272270927393
2023-04-06,2571.1141618690917,2796.2176080015734,3130.859834963829,2571.1141618690917,2571.1141618690917,0.0,0.0,0.0,0.0,0.0,0.0,0.0,0.0,0.0,0.0,0.0,0.0,0.0,0.0,0.0,0.0,0.0,0.0,0.0,0.0,0.0,0.0,0.0,0.0,0.0,0.0,0.0,0.0,0.0,0.0,0.0,0.0,0.0,0.0,0.0,0.0,0.0,0.0,0.0,0.0,0.0,0.0,0.0,0.0,0.0,0.0,0.0,0.0,391.19952293027643,391.19952293027643,391.19952293027643,0.0,0.0,0.0,68.19943560332106,68.19943560332106,68.19943560332106,-16.87781296433183,-16.87781296433183,-16.87781296433183,339.87790029128706,339.87790029128706,339.87790029128706,0.0,0.0,0.0,2962.3136847993683
2023-04-07,2572.966699225837,3001.9258577357173,3314.083838709772,2572.966699225837,2572.966699225837,0.0,0.0,0.0,0.0,0.0,0.0,0.0,0.0,0.0,0.0,0.0,0.0,0.0,0.0,0.0,0.0,0.0,0.0,0.0,0.0,0.0,0.0,0.0,0.0,0.0,0.0,0.0,0.0,0.0,0.0,0.0,0.0,0.0,0.0,0.0,0.0,0.0,0.0,0.0,0.0,0.0,0.0,0.0,0.0,0.0,0.0,0.0,0.0,585.8216103477646,585.8216103477646,585.8216103477646,0.0,0.0,0.0,91.57369623129041,91.57369623129041,91.57369623129041,151.10859487111242,151.10859487111242,151.10859487111242,343.1393192453618,343.1393192453618,343.1393192453618,0.0,0.0,0.0,3158.7883095736015
2023-04-08,2574.8192365825826,3076.242978579007,3392.5142535056,2574.8192365825826,2574.8192365825826,0.0,0.0,0.0,0.0,0.0,0.0,0.0,0.0,0.0,0.0,0.0,0.0,0.0,0.0,0.0,0.0,0.0,0.0,0.0,0.0,0.0,0.0,0.0,0.0,0.0,0.0,0.0,0.0,0.0,0.0,0.0,0.0,0.0,0.0,0.0,0.0,0.0,0.0,0.0,0.0,0.0,0.0,0.0,0.0,0.0,0.0,0.0,0.0,668.0284874752413,668.0284874752413,668.0284874752413,0.0,0.0,0.0,111.78509289803522,111.78509289803522,111.78509289803522,210.10138936407319,210.10138936407319,210.10138936407319,346.1420052131329,346.1420052131329,346.1420052131329,0.0,0.0,0.0,3242.847724057824
2023-04-09,2576.6717739393275,2981.548338848317,3312.9638472954716,2576.6717739393275,2576.6717739393275,0.0,0.0,0.0,0.0,0.0,0.0,0.0,0.0,0.0,0.0,0.0,0.0,0.0,0.0,0.0,0.0,0.0,0.0,0.0,0.0,0.0,0.0,0.0,0.0,0.0,0.0,0.0,0.0,0.0,0.0,0.0,0.0,0.0,0.0,0.0,0.0,0.0,0.0,0.0,0.0,0.0,0.0,0.0,0.0,0.0,0.0,0.0,0.0,577.0369597926644,577.0369597926644,577.0369597926644,0.0,0.0,0.0,128.72569152100078,128.72569152100078,128.72569152100078,99.539647393645,99.539647393645,99.539647393645,348.7716208780187,348.7716208780187,348.7716208780187,0.0,0.0,0.0,3153.7087337319917
2023-04-10,2578.5243112960725,2840.6696562244715,3176.880154614857,2578.5243112960725,2578.5243112960725,0.0,0.0,0.0,0.0,0.0,0.0,0.0,0.0,0.0,0.0,0.0,0.0,0.0,0.0,0.0,0.0,0.0,0.0,0.0,0.0,0.0,0.0,0.0,0.0,0.0,0.0,0.0,0.0,0.0,0.0,0.0,0.0,0.0,0.0,0.0,0.0,0.0,0.0,0.0,0.0,0.0,0.0,0.0,0.0,0.0,0.0,0.0,0.0,432.8927566941976,432.8927566941976,432.8927566941976,0.0,0.0,0.0,141.25598932785917,141.25598932785917,141.25598932785917,-59.28245221715149,-59.28245221715149,-59.28245221715149,350.91921958348996,350.91921958348996,350.91921958348996,0.0,0.0,0.0,3011.41706799027
2023-04-11,2580.3768486528174,2721.04759021963,3043.6760671327893,2580.3768486528174,2580.3768486528174,0.0,0.0,0.0,0.0,0.0,0.0,0.0,0.0,0.0,0.0,0.0,0.0,0.0,0.0,0.0,0.0,0.0,0.0,0.0,0.0,0.0,0.0,0.0,0.0,0.0,0.0,0.0,0.0,0.0,0.0,0.0,0.0,0.0,0.0,0.0,0.0,0.0,0.0,0.0,0.0,0.0,0.0,0.0,0.0,0.0,0.0,0.0,0.0,296.3738418971185,296.3738418971185,296.3738418971185,0.0,0.0,0.0,146.76470433916248,146.76470433916248,146.76470433916248,-202.87489051728045,-202.87489051728045,-202.87489051728045,352.48402807523644,352.48402807523644,352.48402807523644,0.0,0.0,0.0,2876.750690549936
2023-04-12,2582.229386009563,2735.5178964915713,3056.2816321090268,2582.229386009563,2582.229386009563,0.0,0.0,0.0,0.0,0.0,0.0,0.0,0.0,0.0,0.0,0.0,0.0,0.0,0.0,0.0,0.0,0.0,0.0,0.0,0.0,0.0,0.0,0.0,0.0,0.0,0.0,0.0,0.0,0.0,0.0,0.0,0.0,0.0,0.0,0.0,0.0,0.0,0.0,0.0,0.0,0.0,0.0,0.0,0.0,0.0,0.0,0.0,0.0,314.44395052387205,314.44395052387205,314.44395052387205,0.0,0.0,0.0,142.78240415668958,142.78240415668958,142.78240415668958,-181.71447593037283,-181.71447593037283,-181.71447593037283,353.3760222975553,353.3760222975553,353.3760222975553,0.0,0.0,0.0,2896.673336533435
2023-04-13,2584.081923366308,2887.280341992525,3216.9930150911578,2584.081923366308,2584.081923366308,0.0,0.0,0.0,0.0,0.0,0.0,0.0,0.0,0.0,0.0,0.0,0.0,0.0,0.0,0.0,0.0,0.0,0.0,0.0,0.0,0.0,0.0,0.0,0.0,0.0,0.0,0.0,0.0,0.0,0.0,0.0,0.0,0.0,0.0,0.0,0.0,0.0,0.0,0.0,0.0,0.0,0.0,0.0,0.0,0.0,0.0,0.0,0.0,466.17136416819784,466.17136416819784,466.17136416819784,0.0,0.0,0.0,129.53095463640562,129.53095463640562,129.53095463640562,-16.877812964125447,-16.877812964125447,-16.877812964125447,353.51822249591766,353.51822249591766,353.51822249591766,0.0,0.0,0.0,3050.2532875345055
2023-04-14,2585.9344607230532,3043.1470218547183,3345.4127270135177,2585.9344607230532,2585.9344607230532,0.0,0.0,0.0,0.0,0.0,0.0,0.0,0.0,0.0,0.0,0.0,0.0,0.0,0.0,0.0,0.0,0.0,0.0,0.0,0.0,0.0,0.0,0.0,0.0,0.0,0.0,0.0,0.0,0.0,0.0,0.0,0.0,0.0,0.0,0.0,0.0,0.0,0.0,0.0,0.0,0.0,0.0,0.0,0.0,0.0,0.0,0.0,0.0,614.7439383966037,614.7439383966037,614.7439383966037,0.0,0.0,0.0,110.78670164318764,110.78670164318764,110.78670164318764,151.1085948711957,151.1085948711957,151.1085948711957,352.84864188222036,352.84864188222036,352.84864188222036,0.0,0.0,0.0,3200.678399119657
2023-04-15,2587.7869980797986,3087.0012796820415,3395.0458021370896,2587.7869980797986,2587.7869980797986,0.0,0.0,0.0,0.0,0.0,0.0,0.0,0.0,0.0,0.0,0.0,0.0,0.0,0.0,0.0,0.0,0.0,0.0,0.0,0.0,0.0,0.0,0.0,0.0,0.0,0.0,0.0,0.0,0.0,0.0,0.0,0.0,0.0,0.0,0.0,0.0,0.0,0.0,0.0,0.0,0.0,0.0,0.0,0.0,0.0,0.0,0.0,0.0,652.954165056059,652.954165056059,652.954165056059,0.0,0.0,0.0,91.53094261917495,91.53094261917495,91.53094261917495,210.10138936403445,210.10138936403445,210.10138936403445,351.32183307284953,351.32183307284953,351.32183307284953,0.0,0.0,0.0,3240.7411631358577
2023-04-16,2589.6395354365436,2942.4392417660047,3264.5378955461156,2589.6395354365436,2589.6395354365436,0.0,0.0,0.0,0.0,0.0,0.0,0.0,0.0,0.0,0.0,0.0,0.0,0.0,0.0,0.0,0.0,0.0,0.0,0.0,0.0,0.0,0.0,0.0,0.0,0.0,0.0,0.0,0.0,0.0,0.0,0.0,0.0,0.0,0.0,0.0,0.0,0.0,0.0,0.0,0.0,0.0,0.0,0.0,0.0,0.0,0.0,0.0,0.0,522.3286184695842,522.3286184695842,522.3286184695842,0.0,0.0,0.0,73.87898296087536,73.87898296087536,73.87898296087536,99.5396473935345,99.5396473935345,99.5396473935345,348.9099881151744,348.9099881151744,348.9099881151744,0.0,0.0,0.0,3111.9681539061276
2023-04-17,2591.4920727932886,2760.293281197614,3093.0122184167417,2591.4920727932886,2591.4920727932886,0.0,0.0,0.0,0.0,0.0,0.0,0.0,0.0,0.0,0.0,0.0,0.0,0.0,0.0,0.0,0.0,0.0,0.0,0.0,0.0,0.0,0.0,0.0,0.0,0.0,0.0,0.0,0.0,0.0,0.0,0.0,0.0,0.0,0.0,0.0,0.0,0.0,0.0,0.0,0.0,0.0,0.0,0.0,0.0,0.0,0.0,0.0,0.0,341.2180405665775,341.2180405665775,341.2180405665775,0.0,0.0,0.0,54.896931950793395,54.896931950793395,54.896931950793395,-59.28245221726129,-59.28245221726129,-59.28245221726129,345.6035608330454,345.6035608330454,345.6035608330454,0.0,0.0,0.0,2932.710113359866
2023-04-18,2593.344610150034,2605.570969333195,2919.6308473816325,2593.344610150034,2593.344610150034,0.0,0.0,0.0,0.0,0.0,0.0,0.0,0.0,0.0,0.0,0.0,0.0,0.0,0.0,0.0,0.0,0.0,0.0,0.0,0.0,0.0,0.0,0.0,0.0,0.0,0.0,0.0,0.0,0.0,0.0,0.0,0.0,0.0,0.0,0.0,0.0,0.0,0.0,0.0,0.0,0.0,0.0,0.0,0.0,0.0,0.0,0.0,0.0,167.3532880316584,167.3532880316584,167.3532880316584,0.0,0.0,0.0,28.816784487863004,28.816784487863004,28.816784487863004,-202.87489051707357,-202.87489051707357,-202.87489051707357,341.41139406086893,341.41139406086893,341.41139406086893,0.0,0.0,0.0,2760.6978981816924
2023-04-19,2595.197147506779,2575.258834263026,2892.9942130522677,2595.197147506779,2595.197147506779,0.0,0.0,0.0,0.0,0.0,0.0,0.0,0.0,0.0,0.0,0.0,0.0,0.0,0.0,0.0,0.0,0.0,0.0,0.0,0.0,0.0,0.0,0.0,0.0,0.0,0.0,0.0,0.0,0.0,0.0,0.0,0.0,0.0,0.0,0.0,0.0,0.0,0.0,0.0,0.0,0.0,0.0,0.0,0.0,0.0,0.0,0.0,0.0,147.08130261034043,147.08130261034043,147.08130261034043,0.0,0.0,0.0,-7.564570148707331,-7.564570148707331,-7.564570148707331,-181.7144759303076,-181.7144759303076,-181.7144759303076,336.36034868935536,336.36034868935536,336.36034868935536,0.0,0.0,0.0,2742.2784501171195
2023-04-20,2597.049684863524,2693.0042320283032,3025.517129709223,2597.049684863524,2597.049684863524,0.0,0.0,0.0,0.0,0.0,0.0,0.0,0.0,0.0,0.0,0.0,0.0,0.0,0.0,0.0,0.0,0.0,0.0,0.0,0.0,0.0,0.0,0.0,0.0,0.0,0.0,0.0,0.0,0.0,0.0,0.0,0.0,0.0,0.0,0.0,0.0,0.0,0.0,0.0,0.0,0.0,0.0,0.0,0.0,0.0,0.0,0.0,0.0,262.9758290890372,262.9758290890372,262.9758290890372,0.0,0.0,0.0,-50.640803833941355,-50.640803833941355,-50.640803833941355,-16.877812964017313,-16.877812964017313,-16.877812964017313,330.4944458869959,330.4944458869959,330.4944458869959,0.0,0.0,0.0,2860.025513952561
2023-04-21,2598.9022222202693,2823.5327635917743,3147.631479595937,2598.9022222202693,2598.9022222202693,0.0,0.0,0.0,0.0,0.0,0.0,0.0,0.0,0.0,0.0,0.0,0.0,0.0,0.0,0.0,0.0,0.0,0.0,0.0,0.0,0.0,0.0,0.0,0.0,0.0,0.0,0.0,0.0,0.0,0.0,0.0,0.0,0.0,0.0,0.0,0.0,0.0,0.0,0.0,0.0,0.0,0.0,0.0,0.0,0.0,0.0,0.0,0.0,384.2066480217163,384.2066480217163,384.2066480217163,0.0,0.0,0.0,-90.77549481105805,-90.77549481105805,-90.77549481105805,151.10859487131762,151.10859487131762,151.10859487131762,323.8735479614568,323.8735479614568,323.8735479614568,0.0,0.0,0.0,2983.1088702419856
2023-04-22,2600.7547595770147,2853.499499271828,3170.939462505727,2600.7547595770147,2600.7547595770147,0.0,0.0,0.0,0.0,0.0,0.0,0.0,0.0,0.0,0.0,0.0,0.0,0.0,0.0,0.0,0.0,0.0,0.0,0.0,0.0,0.0,0.0,0.0,0.0,0.0,0.0,0.0,0.0,0.0,0.0,0.0,0.0,0.0,0.0,0.0,0.0,0.0,0.0,0.0,0.0,0.0,0.0,0.0,0.0,0.0,0.0,0.0,0.0,408.65977618520003,408.65977618520003,408.65977618520003,0.0,0.0,0.0,-118.01322984616243,-118.01322984616243,-118.01322984616243,210.10138936403666,210.10138936403666,210.10138936403666,316.57161666732577,316.57161666732577,316.57161666732577,0.0,0.0,0.0,3009.4145357622147
2023-04-23,2602.60729693376,2717.370545689919,3035.7368384766105,2602.60729693376,2602.60729693376,0.0,0.0,0.0,0.0,0.0,0.0,0.0,0.0,0.0,0.0,0.0,0.0,0.0,0.0,0.0,0.0,0.0,0.0,0.0,0.0,0.0,0.0,0.0,0.0,0.0,0.0,0.0,0.0,0.0,0.0,0.0,0.0,0.0,0.0,0.0,0.0,0.0,0.0,0.0,0.0,0.0,0.0,0.0,0.0,0.0,0.0,0.0,0.0,279.73807579988403,279.73807579988403,279.73807579988403,0.0,0.0,0.0,-128.4761715477215,-128.4761715477215,-128.4761715477215,99.53964739403474,99.53964739403474,99.53964739403474,308.6745999535708,308.6745999535708,308.6745999535708,0.0,0.0,0.0,2882.345372733644
2023-04-24,2604.4598342905047,2566.9025110544735,2879.9261115871486,2604.4598342905047,2604.4598342905047,0.0,0.0,0.0,0.0,0.0,0.0,0.0,0.0,0.0,0.0,0.0,0.0,0.0,0.0,0.0,0.0,0.0,0.0,0.0,0.0,0.0,0.0,0.0,0.0,0.0,0.0,0.0,0.0,0.0,0.0,0.0,0.0,0.0,0.0,0.0,0.0,0.0,0.0,0.0,0.0,0.0,0.0,0.0,0.0,0.0,0.0,0.0,0.0,114.5128417503348,114.5128417503348,114.5128417503348,0.0,0.0,0.0,-126.48271484953858,-126.48271484953858,-126.48271484953858,-59.28245221741826,-59.28245221741826,-59.28245221741826,300.2780088172916,300.2780088172916,300.2780088172916,0.0,0.0,0.0,2718.9726760408394
2023-04-25,2606.3123716472496,2397.8533860499183,2735.8045478958197,2606.3123716472496,2606.3123716472496,0.0,0.0,0.0,0.0,0.0,0.0,0.0,0.0,0.0,0.0,0.0,0.0,0.0,0.0,0.0,0.0,0.0,0.0,0.0,0.0,0.0,0.0,0.0,0.0,0.0,0.0,0.0,0.0,0.0,0.0,0.0,0.0,0.0,0.0,0.0,0.0,0.0,0.0,0.0,0.0,0.0,0.0,0.0,0.0,0.0,0.0,0.0,0.0,-32.22615523445807,-32.22615523445807,-32.22615523445807,0.0,0.0,0.0,-120.83551949207886,-120.83551949207886,-120.83551949207886,-202.87489051711714,-202.87489051711714,-202.87489051711714,291.48425477473796,291.48425477473796,291.48425477473796,0.0,0.0,0.0,2574.0862164127916
2023-04-26,2608.164909003995,2424.126143752299,2752.883892572302,2608.164909003995,2608.164909003995,0.0,0.0,0.0,0.0,0.0,0.0,0.0,0.0,0.0,0.0,0.0,0.0,0.0,0.0,0.0,0.0,0.0,0.0,0.0,0.0,0.0,0.0,0.0,0.0,0.0,0.0,0.0,0.0,0.0,0.0,0.0,0.0,0.0,0.0,0.0,0.0,0.0,0.0,0.0,0.0,0.0,0.0,0.0,0.0,0.0,0.0,0.0,0.0,-17.674666677277735,-17.674666677277735,-17.674666677277735,0.0,0.0,0.0,-118.36001595909829,-118.36001595909829,-118.36001595909829,-181.71447593066412,-181.71447593066412,-181.71447593066412,282.3998252124847,282.3998252124847,282.3998252124847,0.0,0.0,0.0,2590.490242326717
2023-04-27,2610.0174463607405,2593.858857834021,2909.020112287703,2610.0174463607405,2610.0174463607405,0.0,0.0,0.0,0.0,0.0,0.0,0.0,0.0,0.0,0.0,0.0,0.0,0.0,0.0,0.0,0.0,0.0,0.0,0.0,0.0,0.0,0.0,0.0,0.0,0.0,0.0,0.0,0.0,0.0,0.0,0.0,0.0,0.0,0.0,0.0,0.0,0.0,0.0,0.0,0.0,0.0,0.0,0.0,0.0,0.0,0.0,0.0,0.0,136.54235593949642,136.54235593949642,136.54235593949642,0.0,0.0,0.0,-119.71220944513493,-119.71220944513493,-119.71220944513493,-16.877812963860055,-16.877812963860055,-16.877812963860055,273.1323783484914,273.1323783484914,273.1323783484914,0.0,0.0,0.0,2746.5598023002367
2023-04-28,2611.8699837174854,2734.6118886963473,3061.2752471086505,2611.8699837174854,2611.8699837174854,0.0,0.0,0.0,0.0,0.0,0.0,0.0,0.0,0.0,0.0,0.0,0.0,0.0,0.0,0.0,0.0,0.0,0.0,0.0,0.0,0.0,0.0,0.0,0.0,0.0,0.0,0.0,0.0,0.0,0.0,0.0,0.0,0.0,0.0,0.0,0.0,0.0,0.0,0.0,0.0,0.0,0.0,0.0,0.0,0.0,0.0,0.0,0.0,294.6556426915218,294.6556426915218,294.6556426915218,0.0,0.0,0.0,-120.24079376053999,-120.24079376053999,-120.24079376053999,151.10859487143955,151.10859487143955,151.10859487143955,263.7878415806222,263.7878415806222,263.7878415806222,0.0,0.0,0.0,2906.525626409007
2023-04-29,2613.722521074231,2806.5313403861464,3132.9564864330355,2613.722521074231,2613.722521074231,0.0,0.0,0.0,0.0,0.0,0.0,0.0,0.0,0.0,0.0,0.0,0.0,0.0,0.0,0.0,0.0,0.0,0.0,0.0,0.0,0.0,0.0,0.0,0.0,0.0,0.0,0.0,0.0,0.0,0.0,0.0,0.0,0.0,0.0,0.0,0.0,0.0,0.0,0.0,0.0,0.0,0.0,0.0,0.0,0.0,0.0,0.0,0.0,350.1250905660628,350.1250905660628,350.1250905660628,0.0,0.0,0.0,-114.4438953714355,-114.4438953714355,-114.4438953714355,210.1013893641242,210.1013893641242,210.1013893641242,254.46759657337404,254.46759657337404,254.46759657337404,0.0,0.0,0.0,2963.8476116402935
2023-04-30,2615.575058430976,2703.697802143298,3024.4337490194976,2615.575058430976,2615.575058430976,0.0,0.0,0.0,0.0,0.0,0.0,0.0,0.0,0.0,0.0,0.0,0.0,0.0,0.0,0.0,0.0,0.0,0.0,0.0,0.0,0.0,0.0,0.0,0.0,0.0,0.0,0.0,0.0,0.0,0.0,0.0,0.0,0.0,0.0,0.0,0.0,0.0,0.0,0.0,0.0,0.0,0.0,0.0,0.0,0.0,0.0,0.0,0.0,244.7878433399195,244.7878433399195,244.7878433399195,0.0,0.0,0.0,-100.01763560364336,-100.01763560364336,-100.01763560364336,99.53964739392423,99.53964739392423,99.53964739392423,245.26583154963853,245.26583154963853,245.26583154963853,0.0,0.0,0.0,2860.3629017708954
2023-05-01,2617.4275957877207,2538.2059950164794,2877.7598231918605,2617.4275957877207,2617.4275957877207,0.0,0.0,0.0,0.0,0.0,0.0,0.0,0.0,0.0,0.0,0.0,0.0,0.0,0.0,0.0,0.0,0.0,0.0,0.0,0.0,0.0,0.0,0.0,0.0,0.0,0.0,0.0,0.0,0.0,0.0,0.0,0.0,0.0,0.0,0.0,0.0,0.0,0.0,0.0,0.0,0.0,0.0,0.0,0.0,0.0,0.0,0.0,0.0,98.41738973463139,98.41738973463139,98.41738973463139,0.0,0.0,0.0,-78.5672940479473,-78.5672940479473,-78.5672940479473,-59.28245221752806,-59.28245221752806,-59.28245221752806,236.26713600010675,236.26713600010675,236.26713600010675,0.0,0.0,0.0,2715.844985522352
2023-05-02,2619.280133144466,2442.4531699903405,2752.81512615974,2619.280133144466,2619.280133144466,0.0,0.0,0.0,0.0,0.0,0.0,0.0,0.0,0.0,0.0,0.0,0.0,0.0,0.0,0.0,0.0,0.0,0.0,0.0,0.0,0.0,0.0,0.0,0.0,0.0,0.0,0.0,0.0,0.0,0.0,0.0,0.0,0.0,0.0,0.0,0.0,0.0,0.0,0.0,0.0,0.0,0.0,0.0,0.0,0.0,0.0,0.0,0.0,-28.666778487150008,-28.666778487150008,-28.666778487150008,0.0,0.0,0.0,-53.33629353299161,-53.33629353299161,-53.33629353299161,-202.87489051720155,-202.87489051720155,-202.87489051720155,227.54440556304309,227.54440556304309,227.54440556304309,0.0,0.0,0.0,2590.613354657316
2023-05-03,2621.132670501211,2466.3516340063975,2799.2253450059065,2621.132670501211,2621.132670501211,0.0,0.0,0.0,0.0,0.0,0.0,0.0,0.0,0.0,0.0,0.0,0.0,0.0,0.0,0.0,0.0,0.0,0.0,0.0,0.0,0.0,0.0,0.0,0.0,0.0,0.0,0.0,0.0,0.0,0.0,0.0,0.0,0.0,0.0,0.0,0.0,0.0,0.0,0.0,0.0,0.0,0.0,0.0,0.0,0.0,0.0,0.0,0.0,10.793500062477678,10.793500062477678,10.793500062477678,0.0,0.0,0.0,-26.649139388540537,-26.649139388540537,-26.649139388540537,-181.7144759305989,-181.7144759305989,-181.7144759305989,219.1571153816171,219.1571153816171,219.1571153816171,0.0,0.0,0.0,2631.9261705636886
2023-05-04,2622.985207857956,2668.2488294083373,2972.307710298751,2622.985207857956,2622.985207857956,0.0,0.0,0.0,0.0,0.0,0.0,0.0,0.0,0.0,0.0,0.0,0.0,0.0,0.0,0.0,0.0,0.0,0.0,0.0,0.0,0.0,0.0,0.0,0.0,0.0,0.0,0.0,0.0,0.0,0.0,0.0,0.0,0.0,0.0,0.0,0.0,0.0,0.0,0.0,0.0,0.0,0.0,0.0,0.0,0.0,0.0,0.0,0.0,194.99497698406424,194.99497698406424,194.99497698406424,0.0,0.0,0.0,0.7227808428944225,0.7227808428944225,0.7227808428944225,-16.877812964507292,-16.877812964507292,-16.877812964507292,211.15000910567716,211.15000910567716,211.15000910567716,0.0,0.0,0.0,2817.98018484202
2023-05-05,2624.8377452147015,2835.0452678773518,3165.5253109652717,2624.8377452147015,2624.8377452147015,0.0,0.0,0.0,0.0,0.0,0.0,0.0,0.0,0.0,0.0,0.0,0.0,0.0,0.0,0.0,0.0,0.0,0.0,0.0,0.0,0.0,0.0,0.0,0.0,0.0,0.0,0.0,0.0,0.0,0.0,0.0,0.0,0.0,0.0,0.0,0.0,0.0,0.0,0.0,0.0,0.0,0.0,0.0,0.0,0.0,0.0,0.0,0.0,383.08468541375396,383.08468541375396,383.08468541375396,0.0,0.0,0.0,28.423852341711946,28.423852341711946,28.423852341711946,151.10859487148423,151.10859487148423,151.10859487148423,203.55223820055772,203.55223820055772,203.55223820055772,0.0,0.0,0.0,3007.9224306284555
2023-05-06,2626.690282571447,2921.5644238651776,3254.8878997101697,2626.690282571447,2626.690282571447,0.0,0.0,0.0,0.0,0.0,0.0,0.0,0.0,0.0,0.0,0.0,0.0,0.0,0.0,0.0,0.0,0.0,0.0,0.0,0.0,0.0,0.0,0.0,0.0,0.0,0.0,0.0,0.0,0.0,0.0,0.0,0.0,0.0,0.0,0.0,0.0,0.0,0.0,0.0,0.0,0.0,0.0,0.0,0.0,0.0,0.0,0.0,0.0,461.9055875595942,461.9055875595942,461.9055875595942,0.0,0.0,0.0,55.42722546228291,55.42722546228291,55.42722546228291,210.10138936410593,210.10138936410593,210.10138936410593,196.37697273320532,196.37697273320532,196.37697273320532,0.0,0.0,0.0,3088.595870131041
2023-05-07,2628.5428199281923,2833.454350481953,3162.3761758923997,2628.5428199281923,2628.5428199281923,0.0,0.0,0.0,0.0,0.0,0.0,0.0,0.0,0.0,0.0,0.0,0.0,0.0,0.0,0.0,0.0,0.0,0.0,0.0,0.0,0.0,0.0,0.0,0.0,0.0,0.0,0.0,0.0,0.0,0.0,0.0,0.0,0.0,0.0,0.0,0.0,0.0,0.0,0.0,0.0,0.0,0.0,0.0,0.0,0.0,0.0,0.0,0.0,369.4365864237198,369.4365864237198,369.4365864237198,0.0,0.0,0.0,80.27544829874603,80.27544829874603,80.27544829874603,99.539647393812,99.539647393812,99.539647393812,189.6214907311617,189.6214907311617,189.6214907311617,0.0,0.0,0.0,2997.979406351912
2023-05-08,2630.3963420933364,2691.2427301676043,3018.6491584833393,2630.3963420933364,2630.3963420933364,0.0,0.0,0.0,0.0,0.0,0.0,0.0,0.0,0.0,0.0,0.0,0.0,0.0,0.0,0.0,0.0,0.0,0.0,0.0,0.0,0.0,0.0,0.0,0.0,0.0,0.0,0.0,0.0,0.0,0.0,0.0,0.0,0.0,0.0,0.0,0.0,0.0,0.0,0.0,0.0,0.0,0.0,0.0,0.0,0.0,0.0,0.0,0.0,226.05905982981304,226.05905982981304,226.05905982981304,0.0,0.0,0.0,102.07377307514601,102.07377307514601,102.07377307514601,-59.28245221766145,-59.28245221766145,-59.28245221766145,183.26773897232846,183.26773897232846,183.26773897232846,0.0,0.0,0.0,2856.4554019231496
2023-05-09,2632.2498642584806,2565.009049887674,2890.269663497007,2632.2498642584806,2632.2498642584806,0.0,0.0,0.0,0.0,0.0,0.0,0.0,0.0,0.0,0.0,0.0,0.0,0.0,0.0,0.0,0.0,0.0,0.0,0.0,0.0,0.0,0.0,0.0,0.0,0.0,0.0,0.0,0.0,0.0,0.0,0.0,0.0,0.0,0.0,0.0,0.0,0.0,0.0,0.0,0.0,0.0,0.0,0.0,0.0,0.0,0.0,0.0,0.0,95.10532351574982,95.10532351574982,95.10532351574982,0.0,0.0,0.0,120.6968699445076,120.6968699445076,120.6968699445076,-202.8748905172859,-202.8748905172859,-202.8748905172859,177.28334408852808,177.28334408852808,177.28334408852808,0.0,0.0,0.0,2727.35518777423
2023-05-10,2634.103386423624,2603.8755534566194,2920.192872319763,2634.103386423624,2634.103386423624,0.0,0.0,0.0,0.0,0.0,0.0,0.0,0.0,0.0,0.0,0.0,0.0,0.0,0.0,0.0,0.0,0.0,0.0,0.0,0.0,0.0,0.0,0.0,0.0,0.0,0.0,0.0,0.0,0.0,0.0,0.0,0.0,0.0,0.0,0.0,0.0,0.0,0.0,0.0,0.0,0.0,0.0,0.0,0.0,0.0,0.0,0.0,0.0,125.58834816766527,125.58834816766527,125.58834816766527,0.0,0.0,0.0,135.6797845279855,135.6797845279855,135.6797845279855,-181.71447593048381,-181.71447593048381,-181.71447593048381,171.62303957016346,171.62303957016346,171.62303957016346,0.0,0.0,0.0,2759.6917345912893
2023-05-11,2635.956908588769,2764.0732485946537,3084.055590807083,2635.956908588769,2635.956908588769,0.0,0.0,0.0,0.0,0.0,0.0,0.0,0.0,0.0,0.0,0.0,0.0,0.0,0.0,0.0,0.0,0.0,0.0,0.0,0.0,0.0,0.0,0.0,0.0,0.0,0.0,0.0,0.0,0.0,0.0,0.0,0.0,0.0,0.0,0.0,0.0,0.0,0.0,0.0,0.0,0.0,0.0,0.0,0.0,0.0,0.0,0.0,0.0,294.4296432698101,294.4296432698101,294.4296432698101,0.0,0.0,0.0,145.07699419526972,145.07699419526972,145.07699419526972,-16.877812964350035,-16.877812964350035,-16.877812964350035,166.23046203889032,166.23046203889032,166.23046203889032,0.0,0.0,0.0,2930.386551858579
2023-05-12,2637.8104307539134,2922.7398264427234,3245.645307873765,2637.8104307539134,2637.8104307539134,0.0,0.0,0.0,0.0,0.0,0.0,0.0,0.0,0.0,0.0,0.0,0.0,0.0,0.0,0.0,0.0,0.0,0.0,0.0,0.0,0.0,0.0,0.0,0.0,0.0,0.0,0.0,0.0,0.0,0.0,0.0,0.0,0.0,0.0,0.0,0.0,0.0,0.0,0.0,0.0,0.0,0.0,0.0,0.0,0.0,0.0,0.0,0.0,458.1827949998104,458.1827949998104,458.1827949998104,0.0,0.0,0.0,146.0339407544679,146.0339407544679,146.0339407544679,151.10859487160613,151.10859487160613,151.10859487160613,161.04025937373643,161.04025937373643,161.04025937373643,0.0,0.0,0.0,3095.993225753724
2023-05-13,2639.6639529190575,2976.8525993398293,3301.699624495935,2639.6639529190575,2639.6639529190575,0.0,0.0,0.0,0.0,0.0,0.0,0.0,0.0,0.0,0.0,0.0,0.0,0.0,0.0,0.0,0.0,0.0,0.0,0.0,0.0,0.0,0.0,0.0,0.0,0.0,0.0,0.0,0.0,0.0,0.0,0.0,0.0,0.0,0.0,0.0,0.0,0.0,0.0,0.0,0.0,0.0,0.0,0.0,0.0,0.0,0.0,0.0,0.0,503.2324959574928,503.2324959574928,503.2324959574928,0.0,0.0,0.0,137.1506623429747,137.1506623429747,137.1506623429747,210.10138936408768,210.10138936408768,210.10138936408768,155.9804442504303,155.9804442504303,155.9804442504303,0.0,0.0,0.0,3142.8964488765505
2023-05-14,2641.517475084202,2850.3355238600584,3178.112749910216,2641.517475084202,2641.517475084202,0.0,0.0,0.0,0.0,0.0,0.0,0.0,0.0,0.0,0.0,0.0,0.0,0.0,0.0,0.0,0.0,0.0,0.0,0.0,0.0,0.0,0.0,0.0,0.0,0.0,0.0,0.0,0.0,0.0,0.0,0.0,0.0,0.0,0.0,0.0,0.0,0.0,0.0,0.0,0.0,0.0,0.0,0.0,0.0,0.0,0.0,0.0,0.0,371.0296235386883,371.0296235386883,371.0296235386883,0.0,0.0,0.0,120.51505649175171,120.51505649175171,120.51505649175171,99.53964739370151,99.53964739370151,99.53964739370151,150.97491965323508,150.97491965323508,150.97491965323508,0.0,0.0,0.0,3012.54709862289
2023-05-15,2643.3709972493457,2674.1483216016654,2987.4667992342706,2643.3709972493457,2643.3709972493457,0.0,0.0,0.0,0.0,0.0,0.0,0.0,0.0,0.0,0.0,0.0,0.0,0.0,0.0,0.0,0.0,0.0,0.0,0.0,0.0,0.0,0.0,0.0,0.0,0.0,0.0,0.0,0.0,0.0,0.0,0.0,0.0,0.0,0.0,0.0,0.0,0.0,0.0,0.0,0.0,0.0,0.0,0.0,0.0,0.0,0.0,0.0,0.0,187.64295392029078,187.64295392029078,187.64295392029078,0.0,0.0,0.0,100.97930799017692,100.97930799017692,100.97930799017692,-59.28245221708979,-59.28245221708979,-59.28245221708979,145.94609814720374,145.94609814720374,145.94609814720374,0.0,0.0,0.0,2831.0139511696366
2023-05-16,2645.22451941449,2484.734295544349,2824.7586207950226,2645.22451941449,2645.22451941449,0.0,0.0,0.0,0.0,0.0,0.0,0.0,0.0,0.0,0.0,0.0,0.0,0.0,0.0,0.0,0.0,0.0,0.0,0.0,0.0,0.0,0.0,0.0,0.0,0.0,0.0,0.0,0.0,0.0,0.0,0.0,0.0,0.0,0.0,0.0,0.0,0.0,0.0,0.0,0.0,0.0,0.0,0.0,0.0,0.0,0.0,0.0,0.0,20.514999172543696,20.514999172543696,20.514999172543696,0.0,0.0,0.0,82.57235539678173,82.57235539678173,82.57235539678173,-202.87489051728878,-202.87489051728878,-202.87489051728878,140.8175342930507,140.8175342930507,140.8175342930507,0.0,0.0,0.0,2665.7395185870337
2023-05-17,2647.0780415796344,2506.3555683189857,2808.05205041958,2647.0780415796344,2647.0780415796344,0.0,0.0,0.0,0.0,0.0,0.0,0.0,0.0,0.0,0.0,0.0,0.0,0.0,0.0,0.0,0.0,0.0,0.0,0.0,0.0,0.0,0.0,0.0,0.0,0.0,0.0,0.0,0.0,0.0,0.0,0.0,0.0,0.0,0.0,0.0,0.0,0.0,0.0,0.0,0.0,0.0,0.0,0.0,0.0,0.0,0.0,0.0,0.0,18.706751504932694,18.706751504932694,18.706751504932694,0.0,0.0,0.0,64.90473781833731,64.90473781833731,64.90473781833731,-181.71447593046844,-181.71447593046844,-181.71447593046844,135.51648961706385,135.51648961706385,135.51648961706385,0.0,0.0,0.0,2665.784793084567
2023-05-18,2648.9315637447785,2644.989035967317,2975.358430389949,2648.9315637447785,2648.9315637447785,0.0,0.0,0.0,0.0,0.0,0.0,0.0,0.0,0.0,0.0,0.0,0.0,0.0,0.0,0.0,0.0,0.0,0.0,0.0,0.0,0.0,0.0,0.0,0.0,0.0,0.0,0.0,0.0,0.0,0.0,0.0,0.0,0.0,0.0,0.0,0.0,0.0,0.0,0.0,0.0,0.0,0.0,0.0,0.0,0.0,0.0,0.0,0.0,156.17066291482934,156.17066291482934,156.17066291482934,0.0,0.0,0.0,43.07212387426252,43.07212387426252,43.07212387426252,-16.8778129642419,-16.8778129642419,-16.8778129642419,129.9763520048087,129.9763520048087,129.9763520048087,0.0,0.0,0.0,2805.102226659608
2023-05-19,2650.785085909923,2764.2441384705526,3095.4236575056507,2650.785085909923,2650.785085909923,0.0,0.0,0.0,0.0,0.0,0.0,0.0,0.0,0.0,0.0,0.0,0.0,0.0,0.0,0.0,0.0,0.0,0.0,0.0,0.0,0.0,0.0,0.0,0.0,0.0,0.0,0.0,0.0,0.0,0.0,0.0,0.0,0.0,0.0,0.0,0.0,0.0,0.0,0.0,0.0,0.0,0.0,0.0,0.0,0.0,0.0,0.0,0.0,287.11594440918475,287.11594440918475,287.11594440918475,0.0,0.0,0.0,11.868513343209587,11.868513343209587,11.868513343209587,151.10859487168943,151.10859487168943,151.10859487168943,124.13883619428576,124.13883619428576,124.13883619428576,0.0,0.0,0.0,2937.901030319108
2023-05-20,2652.6386080750667,2793.309586563065,3114.3883648891456,2652.6386080750667,2652.6386080750667,0.0,0.0,0.0,0.0,0.0,0.0,0.0,0.0,0.0,0.0,0.0,0.0,0.0,0.0,0.0,0.0,0.0,0.0,0.0,0.0,0.0,0.0,0.0,0.0,0.0,0.0,0.0,0.0,0.0,0.0,0.0,0.0,0.0,0.0,0.0,0.0,0.0,0.0,0.0,0.0,0.0,0.0,0.0,0.0,0.0,0.0,0.0,0.0,299.28056080470753,299.28056080470753,299.28056080470753,0.0,0.0,0.0,-28.776727607929637,-28.776727607929637,-28.776727607929637,210.1013893641957,210.1013893641957,210.1013893641957,117.95589904844142,117.95589904844142,117.95589904844142,0.0,0.0,0.0,2951.919168879774
2023-05-21,2654.492130240211,2631.510588352062,2949.8596389708605,2654.492130240211,2654.492130240211,0.0,0.0,0.0,0.0,0.0,0.0,0.0,0.0,0.0,0.0,0.0,0.0,0.0,0.0,0.0,0.0,0.0,0.0,0.0,0.0,0.0,0.0,0.0,0.0,0.0,0.0,0.0,0.0,0.0,0.0,0.0,0.0,0.0,0.0,0.0,0.0,0.0,0.0,0.0,0.0,0.0,0.0,0.0,0.0,0.0,0.0,0.0,0.0,139.1548784249611,139.1548784249611,139.1548784249611,0.0,0.0,0.0,-71.77608124496955,-71.77608124496955,-71.77608124496955,99.53964739358929,99.53964739358929,99.53964739358929,111.39131227634135,111.39131227634135,111.39131227634135,0.0,0.0,0.0,2793.647008665172
2023-05-22,2656.3456524053554,2442.9554635558807,2748.675389518116,2656.3456524053554,2656.3456524053554,0.0,0.0,0.0,0.0,0.0,0.0,0.0,0.0,0.0,0.0,0.0,0.0,0.0,0.0,0.0,0.0,0.0,0.0,0.0,0.0,0.0,0.0,0.0,0.0,0.0,0.0,0.0,0.0,0.0,0.0,0.0,0.0,0.0,0.0,0.0,0.0,0.0,0.0,0.0,0.0,0.0,0.0,0.0,0.0,0.0,0.0,0.0,0.0,-61.3067306691708,-61.3067306691708,-61.3067306691708,0.0,0.0,0.0,-106.44612442308741,-106.44612442308741,-106.44612442308741,-59.282452217223174,-59.282452217223174,-59.282452217223174,104.42184597113979,104.42184597113979,104.42184597113979,0.0,0.0,0.0,2595.0389217361844
2023-05-23,2658.1991745705,2268.9523031453814,2584.0049071203825,2658.1991745705,2658.1991745705,0.0,0.0,0.0,0.0,0.0,0.0,0.0,0.0,0.0,0.0,0.0,0.0,0.0,0.0,0.0,0.0,0.0,0.0,0.0,0.0,0.0,0.0,0.0,0.0,0.0,0.0,0.0,0.0,0.0,0.0,0.0,0.0,0.0,0.0,0.0,0.0,0.0,0.0,0.0,0.0,0.0,0.0,0.0,0.0,0.0,0.0,0.0,0.0,-231.08237926839976,-231.08237926839976,-231.08237926839976,0.0,0.0,0.0,-125.24551716430962,-125.24551716430962,-125.24551716430962,-202.8748905173732,-202.8748905173732,-202.8748905173732,97.03802841328299,97.03802841328299,97.03802841328299,0.0,0.0,0.0,2427.1167953021004
2023-05-24,2660.0526967356436,2274.614302311475,2604.4860373104225,2660.0526967356436,2660.0526967356436,0.0,0.0,0.0,0.0,0.0,0.0,0.0,0.0,0.0,0.0,0.0,0.0,0.0,0.0,0.0,0.0,0.0,0.0,0.0,0.0,0.0,0.0,0.0,0.0,0.0,0.0,0.0,0.0,0.0,0.0,0.0,0.0,0.0,0.0,0.0,0.0,0.0,0.0,0.0,0.0,0.0,0.0,0.0,0.0,0.0,0.0,0.0,0.0,-220.98662025698164,-220.98662025698164,-220.98662025698164,0.0,0.0,0.0,-128.5166050129211,-128.5166050129211,-128.5166050129211,-181.71447593035333,-181.71447593035333,-181.71447593035333,89.24446068629283,89.24446068629283,89.24446068629283,0.0,0.0,0.0,2439.066076478662
2023-05-25,2661.906218900788,2443.387940849361,2756.0439388980785,2661.906218900788,2661.906218900788,0.0,0.0,0.0,0.0,0.0,0.0,0.0,0.0,0.0,0.0,0.0,0.0,0.0,0.0,0.0,0.0,0.0,0.0,0.0,0.0,0.0,0.0,0.0,0.0,0.0,0.0,0.0,0.0,0.0,0.0,0.0,0.0,0.0,0.0,0.0,0.0,0.0,0.0,0.0,0.0,0.0,0.0,0.0,0.0,0.0,0.0,0.0,0.0,-59.38967394752228,-59.38967394752228,-59.38967394752228,0.0,0.0,0.0,-123.57153935193698,-123.57153935193698,-123.57153935193698,-16.877812964084644,-16.877812964084644,-16.877812964084644,81.05967836849935,81.05967836849935,81.05967836849935,0.0,0.0,0.0,2602.516544953266
2023-05-26,2663.7597410659323,2611.3897152158534,2921.3349677083247,2663.7597410659323,2663.7597410659323,0.0,0.0,0.0,0.0,0.0,0.0,0.0,0.0,0.0,0.0,0.0,0.0,0.0,0.0,0.0,0.0,0.0,0.0,0.0,0.0,0.0,0.0,0.0,0.0,0.0,0.0,0.0,0.0,0.0,0.0,0.0,0.0,0.0,0.0,0.0,0.0,0.0,0.0,0.0,0.0,0.0,0.0,0.0,0.0,0.0,0.0,0.0,0.0,104.62393509789352,104.62393509789352,104.62393509789352,0.0,0.0,0.0,-119.00022625872701,-119.00022625872701,-119.00022625872701,151.10859487126555,151.10859487126555,151.10859487126555,72.51556648535495,72.51556648535495,72.51556648535495,0.0,0.0,0.0,2768.383676163826
2023-05-27,2665.6132632310764,2648.3157956270416,2984.7792164870366,2665.6132632310764,2665.6132632310764,0.0,0.0,0.0,0.0,0.0,0.0,0.0,0.0,0.0,0.0,0.0,0.0,0.0,0.0,0.0,0.0,0.0,0.0,0.0,0.0,0.0,0.0,0.0,0.0,0.0,0.0,0.0,0.0,0.0,0.0,0.0,0.0,0.0,0.0,0.0,0.0,0.0,0.0,0.0,0.0,0.0,0.0,0.0,0.0,0.0,0.0,0.0,0.0,154.990162871432,154.990162871432,154.990162871432,0.0,0.0,0.0,-118.76757410151095,-118.76757410151095,-118.76757410151095,210.1013893641774,210.1013893641774,210.1013893641774,63.65634760876556,63.65634760876556,63.65634760876556,0.0,0.0,0.0,2820.6034261025084
2023-05-28,2667.466785396221,2534.09646329994,2873.810251794633,2667.466785396221,2667.466785396221,0.0,0.0,0.0,0.0,0.0,0.0,0.0,0.0,0.0,0.0,0.0,0.0,0.0,0.0,0.0,0.0,0.0,0.0,0.0,0.0,0.0,0.0,0.0,0.0,0.0,0.0,0.0,0.0,0.0,0.0,0.0,0.0,0.0,0.0,0.0,0.0,0.0,0.0,0.0,0.0,0.0,0.0,0.0,0.0,0.0,0.0,0.0,0.0,33.61381063342404,33.61381063342404,33.61381063342404,0.0,0.0,0.0,-120.46301282180853,-120.46301282180853,-120.46301282180853,99.5396473934805,99.5396473934805,99.5396473934805,54.53717606175207,54.53717606175207,54.53717606175207,0.0,0.0,0.0,2701.080596029645
2023-05-29,2669.3203075613646,2331.0142834619583,2658.5429477348043,2669.3203075613646,2669.3203075613646,0.0,0.0,0.0,0.0,0.0,0.0,0.0,0.0,0.0,0.0,0.0,0.0,0.0,0.0,0.0,0.0,0.0,0.0,0.0,0.0,0.0,0.0,0.0,0.0,0.0,0.0,0.0,-55.612599545519764,-55.612599545519764,-55.612599545519764,0.0,0.0,0.0,0.0,0.0,0.0,0.0,0.0,0.0,0.0,0.0,0.0,0.0,0.0,0.0,0.0,0.0,0.0,-188.05217742728777,-188.05217742728777,-188.05217742728777,-55.612599545519764,-55.612599545519764,-55.612599545519764,-118.37950889546079,-118.37950889546079,-118.37950889546079,-59.282452217332974,-59.282452217332974,-59.282452217332974,45.22238323102575,45.22238323102575,45.22238323102575,0.0,0.0,0.0,2481.2681301340767
2023-05-30,2671.173829726509,2217.492837248754,2559.320250395302,2671.173829726509,2671.173829726509,0.0,0.0,0.0,0.0,0.0,0.0,0.0,0.0,0.0,0.0,0.0,0.0,0.0,0.0,0.0,0.0,0.0,0.0,0.0,0.0,0.0,0.0,0.0,0.0,0.0,0.0,0.0,0.0,0.0,0.0,0.0,0.0,0.0,0.0,0.0,0.0,0.0,0.0,0.0,0.0,0.0,0.0,0.0,0.0,0.0,0.0,0.0,0.0,-275.3746631922614,-275.3746631922614,-275.3746631922614,0.0,0.0,0.0,-108.28320231889559,-108.28320231889559,-108.28320231889559,-202.87489051708468,-202.87489051708468,-202.87489051708468,35.78342964371887,35.78342964371887,35.78342964371887,0.0,0.0,0.0,2395.799166534248
2023-05-31,2673.027351891654,2270.2503509523176,2581.845950795641,2673.027351891654,2673.027351891654,0.0,0.0,0.0,0.0,0.0,0.0,0.0,0.0,0.0,0.0,0.0,0.0,0.0,0.0,0.0,0.0,0.0,0.0,0.0,0.0,0.0,0.0,0.0,0.0,0.0,0.0,0.0,0.0,0.0,0.0,0.0,0.0,0.0,0.0,0.0,0.0,0.0,0.0,0.0,0.0,0.0,0.0,0.0,0.0,0.0,0.0,0.0,0.0,-245.38795681453212,-245.38795681453212,-245.38795681453212,0.0,0.0,0.0,-89.97010929125342,-89.97010929125342,-89.97010929125342,-181.71447593070988,-181.71447593070988,-181.71447593070988,26.296628407431182,26.296628407431182,26.296628407431182,0.0,0.0,0.0,2427.6393950771217
2023-06-01,2674.8808740567974,2436.8626355898678,2760.4720798873354,2674.8808740567974,2674.8808740567974,0.0,0.0,0.0,0.0,0.0,0.0,0.0,0.0,0.0,0.0,0.0,0.0,0.0,0.0,0.0,0.0,0.0,0.0,0.0,0.0,0.0,0.0,0.0,0.0,0.0,0.0,0.0,0.0,0.0,0.0,0.0,0.0,0.0,0.0,0.0,0.0,0.0,0.0,0.0,0.0,0.0,0.0,0.0,0.0,0.0,0.0,0.0,0.0,-66.27541931523272,-66.27541931523272,-66.27541931523272,0.0,0.0,0.0,-66.23831792576667,-66.23831792576667,-66.23831792576667,-16.877812963976513,-16.877812963976513,-16.877812963976513,16.84071157451047,16.84071157451047,16.84071157451047,0.0,0.0,0.0,2608.6054547415647
2023-06-02,2676.734396221942,2632.674452891365,2953.654925530719,2676.734396221942,2676.734396221942,0.0,0.0,0.0,0.0,0.0,0.0,0.0,0.0,0.0,0.0,0.0,0.0,0.0,0.0,0.0,0.0,0.0,0.0,0.0,0.0,0.0,0.0,0.0,0.0,0.0,0.0,0.0,0.0,0.0,0.0,0.0,0.0,0.0,0.0,0.0,0.0,0.0,0.0,0.0,0.0,0.0,0.0,0.0,0.0,0.0,0.0,0.0,0.0,118.50434397684879,118.50434397684879,118.50434397684879,0.0,0.0,0.0,-40.09856665561455,-40.09856665561455,-40.09856665561455,151.10859487134886,151.10859487134886,151.10859487134886,7.49431576111446,7.49431576111446,7.49431576111446,0.0,0.0,0.0,2795.2387401987908
2023-06-03,2678.5879183870866,2720.8749790828488,3035.011826397657,2678.5879183870866,2678.5879183870866,0.0,0.0,0.0,0.0,0.0,0.0,0.0,0.0,0.0,0.0,0.0,0.0,0.0,0.0,0.0,0.0,0.0,0.0,0.0,0.0,0.0,0.0,0.0,0.0,0.0,0.0,0.0,0.0,0.0,0.0,0.0,0.0,0.0,0.0,0.0,0.0,0.0,0.0,0.0,0.0,0.0,0.0,0.0,0.0,0.0,0.0,0.0,0.0,195.4001657671533,195.4001657671533,195.4001657671533,0.0,0.0,0.0,-13.03468938625638,-13.03468938625638,-13.03468938625638,210.10138936415916,210.10138936415916,210.10138936415916,-1.6665342107494376,-1.6665342107494376,-1.6665342107494376,0.0,0.0,0.0,2873.98808415424
2023-06-04,2680.4414405522302,2631.39463140064,2937.8739287216963,2680.4414405522302,2680.4414405522302,0.0,0.0,0.0,0.0,0.0,0.0,0.0,0.0,0.0,0.0,0.0,0.0,0.0,0.0,0.0,0.0,0.0,0.0,0.0,0.0,0.0,0.0,0.0,0.0,0.0,0.0,0.0,0.0,0.0,0.0,0.0,0.0,0.0,0.0,0.0,0.0,0.0,0.0,0.0,0.0,0.0,0.0,0.0,0.0,0.0,0.0,0.0,0.0,103.54511526039494,103.54511526039494,103.54511526039494,0.0,0.0,0.0,14.576332718339742,14.576332718339742,14.576332718339742,99.53964739336827,99.53964739336827,99.53964739336827,-10.570864851313077,-10.570864851313077,-10.570864851313077,0.0,0.0,0.0,2783.9865558126253
2023-06-05,2682.294962717375,2490.154293144702,2795.5651034295925,2682.294962717375,2682.294962717375,0.0,0.0,0.0,0.0,0.0,0.0,0.0,0.0,0.0,0.0,0.0,0.0,0.0,0.0,0.0,0.0,0.0,0.0,0.0,0.0,0.0,0.0,0.0,0.0,0.0,0.0,0.0,0.0,0.0,0.0,0.0,0.0,0.0,0.0,0.0,0.0,0.0,0.0,0.0,0.0,0.0,0.0,0.0,0.0,0.0,0.0,0.0,0.0,-36.33198021399455,-36.33198021399455,-36.33198021399455,0.0,0.0,0.0,42.10551230437938,42.10551230437938,42.10551230437938,-59.282452217466364,-59.282452217466364,-59.282452217466364,-19.155040300907565,-19.155040300907565,-19.155040300907565,0.0,0.0,0.0,2645.9629825033803
2023-06-06,2684.1484848825185,2352.462571362519,2673.112540942463,2684.1484848825185,2684.1484848825185,0.0,0.0,0.0,0.0,0.0,0.0,0.0,0.0,0.0,0.0,0.0,0.0,0.0,0.0,0.0,0.0,0.0,0.0,0.0,0.0,0.0,0.0,0.0,0.0,0.0,0.0,0.0,0.0,0.0,0.0,0.0,0.0,0.0,0.0,0.0,0.0,0.0,0.0,0.0,0.0,0.0,0.0,0.0,0.0,0.0,0.0,0.0,0.0,-162.04027859380412,-162.04027859380412,-162.04027859380412,0.0,0.0,0.0,68.19943560331659,68.19943560331659,68.19943560331659,-202.87489051716904,-202.87489051716904,-202.87489051716904,-27.364823679951666,-27.364823679951666,-27.364823679951666,0.0,0.0,0.0,2522.1082062887144
2023-06-07,2686.002007047663,2409.054330946271,2736.0164423306683,2686.002007047663,2686.002007047663,0.0,0.0,0.0,0.0,0.0,0.0,0.0,0.0,0.0,0.0,0.0,0.0,0.0,0.0,0.0,0.0,0.0,0.0,0.0,0.0,0.0,0.0,0.0,0.0,0.0,0.0,0.0,0.0,0.0,0.0,0.0,0.0,0.0,0.0,0.0,0.0,0.0,0.0,0.0,0.0,0.0,0.0,0.0,0.0,0.0,0.0,0.0,0.0,-125.29792838502468,-125.29792838502468,-125.29792838502468,0.0,0.0,0.0,91.57369623134004,91.57369623134004,91.57369623134004,-181.71447593064468,-181.71447593064468,-181.71447593064468,-35.157148685719996,-35.157148685719996,-35.157148685719996,0.0,0.0,0.0,2560.7040786626385
2023-06-08,2687.8555292128076,2577.2657503022833,2904.7053610442767,2687.8555292128076,2687.8555292128076,0.0,0.0,0.0,0.0,0.0,0.0,0.0,0.0,0.0,0.0,0.0,0.0,0.0,0.0,0.0,0.0,0.0,0.0,0.0,0.0,0.0,0.0,0.0,0.0,0.0,0.0,0.0,0.0,0.0,0.0,0.0,0.0,0.0,0.0,0.0,0.0,0.0,0.0,0.0,0.0,0.0,0.0,0.0,0.0,0.0,0.0,0.0,0.0,52.40573441933952,52.40573441933952,52.40573441933952,0.0,0.0,0.0,111.78509289804326,111.78509289804326,111.78509289804326,-16.877812963770126,-16.877812963770126,-16.877812963770126,-42.501545514933625,-42.501545514933625,-42.501545514933625,0.0,0.0,0.0,2740.261263632147
2023-06-09,2689.7090513779513,2750.0851910563297,3083.8308052947286,2689.7090513779513,2689.7090513779513,0.0,0.0,0.0,0.0,0.0,0.0,0.0,0.0,0.0,0.0,0.0,0.0,0.0,0.0,0.0,0.0,0.0,0.0,0.0,0.0,0.0,0.0,0.0,0.0,0.0,0.0,0.0,0.0,0.0,0.0,0.0,0.0,0.0,0.0,0.0,0.0,0.0,0.0,0.0,0.0,0.0,0.0,0.0,0.0,0.0,0.0,0.0,0.0,230.45311060279292,230.45311060279292,230.45311060279292,0.0,0.0,0.0,128.72569152100166,128.72569152100166,128.72569152100166,151.10859487143216,151.10859487143216,151.10859487143216,-49.38117578964092,-49.38117578964092,-49.38117578964092,0.0,0.0,0.0,2920.1621619807443
2023-06-10,2691.5625735430954,2821.8601301251733,3140.1698480608384,2691.5625735430954,2691.5625735430954,0.0,0.0,0.0,0.0,0.0,0.0,0.0,0.0,0.0,0.0,0.0,0.0,0.0,0.0,0.0,0.0,0.0,0.0,0.0,0.0,0.0,0.0,0.0,0.0,0.0,0.0,0.0,0.0,0.0,0.0,0.0,0.0,0.0,0.0,0.0,0.0,0.0,0.0,0.0,0.0,0.0,0.0,0.0,0.0,0.0,0.0,0.0,0.0,295.5639355418854,295.5639355418854,295.5639355418854,0.0,0.0,0.0,141.25598932785928,141.25598932785928,141.25598932785928,210.10138936412042,210.10138936412042,210.10138936412042,-55.79344315009439,-55.79344315009439,-55.79344315009439,0.0,0.0,0.0,2987.1265090849806
2023-06-11,2693.41609570824,2725.6712021072926,3049.576851702035,2693.41609570824,2693.41609570824,0.0,0.0,0.0,0.0,0.0,0.0,0.0,0.0,0.0,0.0,0.0,0.0,0.0,0.0,0.0,0.0,0.0,0.0,0.0,0.0,0.0,0.0,0.0,0.0,0.0,0.0,0.0,0.0,0.0,0.0,0.0,0.0,0.0,0.0,0.0,0.0,0.0,0.0,0.0,0.0,0.0,0.0,0.0,0.0,0.0,0.0,0.0,0.0,184.55419253724565,184.55419253724565,184.55419253724565,0.0,0.0,0.0,146.76470433917183,146.76470433917183,146.76470433917183,99.5396473938685,99.5396473938685,99.5396473938685,-61.75015919579469,-61.75015919579469,-61.75015919579469,0.0,0.0,0.0,2877.970288245486
2023-06-12,2695.269617873384,2560.184905632992,2879.50059141418,2695.269617873384,2695.269617873384,0.0,0.0,0.0,0.0,0.0,0.0,0.0,0.0,0.0,0.0,0.0,0.0,0.0,0.0,0.0,0.0,0.0,0.0,0.0,0.0,0.0,0.0,0.0,0.0,0.0,0.0,0.0,0.0,0.0,0.0,0.0,0.0,0.0,0.0,0.0,0.0,0.0,0.0,0.0,0.0,0.0,0.0,0.0,0.0,0.0,0.0,0.0,0.0,16.22269383464009,16.22269383464009,16.22269383464009,0.0,0.0,0.0,142.78240415669816,142.78240415669816,142.78240415669816,-59.282452217576164,-59.282452217576164,-59.282452217576164,-67.27725810448192,-67.27725810448192,-67.27725810448192,0.0,0.0,0.0,2711.4923117080243
2023-06-13,2697.1231400385286,2390.7698184086544,2699.8352082209713,2697.1231400385286,2697.1231400385286,0.0,0.0,0.0,0.0,0.0,0.0,0.0,0.0,0.0,0.0,0.0,0.0,0.0,0.0,0.0,0.0,0.0,0.0,0.0,0.0,0.0,0.0,0.0,0.0,0.0,0.0,0.0,0.0,0.0,0.0,0.0,0.0,0.0,0.0,0.0,0.0,0.0,0.0,0.0,0.0,0.0,0.0,0.0,0.0,0.0,0.0,0.0,0.0,-145.75800300779557,-145.75800300779557,-145.75800300779557,0.0,0.0,0.0,129.53095463637132,129.53095463637132,129.53095463637132,-202.87489051721266,-202.87489051721266,-202.87489051721266,-72.41406712695421,-72.41406712695421,-72.41406712695421,0.0,0.0,0.0,2551.365137030733
2023-06-14,2698.9766622036727,2402.1022238504315,2715.9692137871707,2698.9766622036727,2698.9766622036727,0.0,0.0,0.0,0.0,0.0,0.0,0.0,0.0,0.0,0.0,0.0,0.0,0.0,0.0,0.0,0.0,0.0,0.0,0.0,0.0,0.0,0.0,0.0,0.0,0.0,0.0,0.0,0.0,0.0,0.0,0.0,0.0,0.0,0.0,0.0,0.0,0.0,0.0,0.0,0.0,0.0,0.0,0.0,0.0,0.0,0.0,0.0,0.0,-148.13992810995867,-148.13992810995867,-148.13992810995867,0.0,0.0,0.0,110.78670164319674,110.78670164319674,110.78670164319674,-181.71447593057945,-181.71447593057945,-181.71447593057945,-77.21215382257594,-77.21215382257594,-77.21215382257594,0.0,0.0,0.0,2550.836734093714
2023-06-15,2700.8301843688164,2519.8263339529485,2860.1090615815215,2700.8301843688164,2700.8301843688164,0.0,0.0,0.0,0.0,0.0,0.0,0.0,0.0,0.0,0.0,0.0,0.0,0.0,0.0,0.0,0.0,0.0,0.0,0.0,0.0,0.0,0.0,0.0,0.0,0.0,0.0,0.0,0.0,0.0,0.0,0.0,0.0,0.0,0.0,0.0,0.0,0.0,0.0,0.0,0.0,0.0,0.0,0.0,0.0,0.0,0.0,0.0,0.0,-7.080654294026433,-7.080654294026433,-7.080654294026433,0.0,0.0,0.0,91.53094261918294,91.53094261918294,91.53094261918294,-16.877812963661995,-16.877812963661995,-16.877812963661995,-81.73378394954737,-81.73378394954737,-81.73378394954737,0.0,0.0,0.0,2693.74953007479
2023-06-16,2702.683706533961,2686.7359027275606,3008.27417263241,2702.683706533961,2702.683706533961,0.0,0.0,0.0,0.0,0.0,0.0,0.0,0.0,0.0,0.0,0.0,0.0,0.0,0.0,0.0,0.0,0.0,0.0,0.0,0.0,0.0,0.0,0.0,0.0,0.0,0.0,0.0,0.0,0.0,0.0,0.0,0.0,0.0,0.0,0.0,0.0,0.0,0.0,0.0,0.0,0.0,0.0,0.0,0.0,0.0,0.0,0.0,0.0,138.93754187046352,138.93754187046352,138.93754187046352,0.0,0.0,0.0,73.87898296088021,73.87898296088021,73.87898296088021,151.10859487100828,151.10859487100828,151.10859487100828,-86.05003596142497,-86.05003596142497,-86.05003596142497,0.0,0.0,0.0,2841.6212484044245
2023-06-17,2704.537228699105,2714.375815023478,3035.3500521455744,2704.537228699105,2704.537228699105,0.0,0.0,0.0,0.0,0.0,0.0,0.0,0.0,0.0,0.0,0.0,0.0,0.0,0.0,0.0,0.0,0.0,0.0,0.0,0.0,0.0,0.0,0.0,0.0,0.0,0.0,0.0,0.0,0.0,0.0,0.0,0.0,0.0,0.0,0.0,0.0,0.0,0.0,0.0,0.0,0.0,0.0,0.0,0.0,0.0,0.0,0.0,0.0,174.75969259847918,174.75969259847918,174.75969259847918,0.0,0.0,0.0,54.89693195079607,54.89693195079607,54.89693195079607,210.10138936408165,210.10138936408165,210.10138936408165,-90.23862871639857,-90.23862871639857,-90.23862871639857,0.0,0.0,0.0,2879.296921297584
2023-06-18,2706.3907508642496,2582.0960973412925,2902.2144019241723,2706.3907508642496,2706.3907508642496,0.0,0.0,0.0,0.0,0.0,0.0,0.0,0.0,0.0,0.0,0.0,0.0,0.0,0.0,0.0,0.0,0.0,0.0,0.0,0.0,0.0,0.0,0.0,0.0,0.0,0.0,0.0,0.0,0.0,0.0,0.0,0.0,0.0,0.0,0.0,0.0,0.0,0.0,0.0,0.0,0.0,0.0,0.0,0.0,0.0,0.0,0.0,0.0,33.97490392386038,33.97490392386038,33.97490392386038,0.0,0.0,0.0,28.816784487866304,28.816784487866304,28.816784487866304,99.53964739375802,99.53964739375802,99.53964739375802,-94.38152795776394,-94.38152795776394,-94.38152795776394,0.0,0.0,0.0,2740.36565478811
2023-06-19,2708.244273029394,2264.3583101785143,2579.803661255861,2708.244273029394,2708.244273029394,0.0,0.0,0.0,0.0,0.0,0.0,0.0,0.0,0.0,0.0,0.0,0.0,0.0,0.0,0.0,-117.09663452419738,-117.09663452419738,-117.09663452419738,0.0,0.0,0.0,0.0,0.0,0.0,0.0,0.0,0.0,0.0,0.0,0.0,0.0,0.0,0.0,0.0,0.0,0.0,0.0,0.0,0.0,0.0,0.0,0.0,0.0,0.0,0.0,0.0,0.0,0.0,-282.5060609872065,-282.5060609872065,-282.5060609872065,-117.09663452419738,-117.09663452419738,-117.09663452419738,-7.564570148766,-7.564570148766,-7.564570148766,-59.28245221773314,-59.28245221773314,-59.28245221773314,-98.56240409651006,-98.56240409651006,-98.56240409651006,0.0,0.0,0.0,2425.7382120421876
2023-06-20,2710.098551943805,2191.0420867455596,2519.3566473730316,2710.098551943805,2710.098551943805,0.0,0.0,0.0,0.0,0.0,0.0,0.0,0.0,0.0,0.0,0.0,0.0,0.0,0.0,0.0,0.0,0.0,0.0,0.0,0.0,0.0,0.0,0.0,0.0,0.0,0.0,0.0,0.0,0.0,0.0,0.0,0.0,0.0,0.0,0.0,0.0,0.0,0.0,0.0,0.0,0.0,0.0,0.0,0.0,0.0,0.0,0.0,0.0,-356.3797129557761,-356.3797129557761,-356.3797129557761,0.0,0.0,0.0,-50.6408038339335,-50.6408038339335,-50.6408038339335,-202.8748905172563,-202.8748905172563,-202.8748905172563,-102.86401860458624,-102.86401860458624,-102.86401860458624,0.0,0.0,0.0,2353.718838988029
2023-06-21,2711.952830858216,2165.8728328047778,2484.5048546722023,2711.952830858216,2711.952830858216,0.0,0.0,0.0,0.0,0.0,0.0,0.0,0.0,0.0,0.0,0.0,0.0,0.0,0.0,0.0,0.0,0.0,0.0,0.0,0.0,0.0,0.0,0.0,0.0,0.0,0.0,0.0,0.0,0.0,0.0,0.0,0.0,0.0,0.0,0.0,0.0,0.0,0.0,0.0,0.0,0.0,0.0,0.0,0.0,0.0,0.0,0.0,0.0,-379.8555895069095,-379.8555895069095,-379.8555895069095,0.0,0.0,0.0,-90.77549481105252,-90.77549481105252,-90.77549481105252,-181.71447593046432,-181.71447593046432,-181.71447593046432,-107.36561876539265,-107.36561876539265,-107.36561876539265,0.0,0.0,0.0,2332.097241351307
2023-06-22,2713.807109772628,2309.189185684834,2632.2685156413836,2713.807109772628,2713.807109772628,0.0,0.0,0.0,0.0,0.0,0.0,0.0,0.0,0.0,0.0,0.0,0.0,0.0,0.0,0.0,0.0,0.0,0.0,0.0,0.0,0.0,0.0,0.0,0.0,0.0,0.0,0.0,0.0,0.0,0.0,0.0,0.0,0.0,0.0,0.0,0.0,0.0,0.0,0.0,0.0,0.0,0.0,0.0,0.0,0.0,0.0,0.0,0.0,-247.0314633549231,-247.0314633549231,-247.0314633549231,0.0,0.0,0.0,-118.01322984615506,-118.01322984615506,-118.01322984615506,-16.877812964309236,-16.877812964309236,-16.877812964309236,-112.14042054445885,-112.14042054445885,-112.14042054445885,0.0,0.0,0.0,2466.7756464177046
2023-06-23,2715.661388687039,2469.6856637898836,2781.3494405372644,2715.661388687039,2715.661388687039,0.0,0.0,0.0,0.0,0.0,0.0,0.0,0.0,0.0,0.0,0.0,0.0,0.0,0.0,0.0,0.0,0.0,0.0,0.0,0.0,0.0,0.0,0.0,0.0,0.0,0.0,0.0,0.0,0.0,0.0,0.0,0.0,0.0,0.0,0.0,0.0,0.0,0.0,0.0,0.0,0.0,0.0,0.0,0.0,0.0,0.0,0.0,0.0,-94.6208336128259,-94.6208336128259,-94.6208336128259,0.0,0.0,0.0,-128.4761715477121,-128.4761715477121,-128.4761715477121,151.1085948711302,151.1085948711302,151.1085948711302,-117.25325693624394,-117.25325693624394,-117.25325693624394,0.0,0.0,0.0,2621.040555074213
2023-06-24,2717.51566760145,2512.594464780089,2828.0492816424808,2717.51566760145,2717.51566760145,0.0,0.0,0.0,0.0,0.0,0.0,0.0,0.0,0.0,0.0,0.0,0.0,0.0,0.0,0.0,0.0,0.0,0.0,0.0,0.0,0.0,0.0,0.0,0.0,0.0,0.0,0.0,0.0,0.0,0.0,0.0,0.0,0.0,0.0,0.0,0.0,0.0,0.0,0.0,0.0,0.0,0.0,0.0,0.0,0.0,0.0,0.0,0.0,-39.13978986523136,-39.13978986523136,-39.13978986523136,0.0,0.0,0.0,-126.4827148495244,-126.4827148495244,-126.4827148495244,210.10138936406338,210.10138936406338,210.10138936406338,-122.7584643797703,-122.7584643797703,-122.7584643797703,0.0,0.0,0.0,2678.3758777362186
2023-06-25,2719.369946515861,2406.349546613259,2735.3451656358684,2719.369946515861,2719.369946515861,0.0,0.0,0.0,0.0,0.0,0.0,0.0,0.0,0.0,0.0,0.0,0.0,0.0,0.0,0.0,0.0,0.0,0.0,0.0,0.0,0.0,0.0,0.0,0.0,0.0,0.0,0.0,0.0,0.0,0.0,0.0,0.0,0.0,0.0,0.0,0.0,0.0,0.0,0.0,0.0,0.0,0.0,0.0,0.0,0.0,0.0,0.0,0.0,-149.9939449536826,-149.9939449536826,-149.9939449536826,0.0,0.0,0.0,-120.83551949207383,-120.83551949207383,-120.83551949207383,99.53964739364753,99.53964739364753,99.53964739364753,-128.69807285525627,-128.69807285525627,-128.69807285525627,0.0,0.0,0.0,2569.3760015621783
2023-06-26,2721.2242254302723,2250.8038410704035,2571.021124655774,2721.2242254302723,2721.2242254302723,0.0,0.0,0.0,0.0,0.0,0.0,0.0,0.0,0.0,0.0,0.0,0.0,0.0,0.0,0.0,0.0,0.0,0.0,0.0,0.0,0.0,0.0,0.0,0.0,0.0,0.0,0.0,0.0,0.0,0.0,0.0,0.0,0.0,0.0,0.0,0.0,0.0,0.0,0.0,0.0,0.0,0.0,0.0,0.0,0.0,0.0,0.0,0.0,-312.742824462041,-312.742824462041,-312.742824462041,0.0,0.0,0.0,-118.36001595909467,-118.36001595909467,-118.36001595909467,-59.28245221716147,-59.28245221716147,-59.28245221716147,-135.10035628578484,-135.10035628578484,-135.10035628578484,0.0,0.0,0.0,2408.4814009682314
2023-06-27,2723.0785043446836,2104.077662883972,2427.958959687883,2723.0785043446836,2723.0785043446836,0.0,0.0,0.0,0.0,0.0,0.0,0.0,0.0,0.0,0.0,0.0,0.0,0.0,0.0,0.0,0.0,0.0,0.0,0.0,0.0,0.0,0.0,0.0,0.0,0.0,0.0,0.0,0.0,0.0,0.0,0.0,0.0,0.0,0.0,0.0,0.0,0.0,0.0,0.0,0.0,0.0,0.0,0.0,0.0,0.0,0.0,0.0,0.0,-464.5658890976197,-464.5658890976197,-464.5658890976197,0.0,0.0,0.0,-119.71220944512402,-119.71220944512402,-119.71220944512402,-202.8748905170086,-202.8748905170086,-202.8748905170086,-141.9787891354872,-141.9787891354872,-141.9787891354872,0.0,0.0,0.0,2258.512615247064
2023-06-28,2724.932783259095,2122.884221337322,2436.8358310503945,2724.932783259095,2724.932783259095,0.0,0.0,0.0,0.0,0.0,0.0,0.0,0.0,0.0,0.0,0.0,0.0,0.0,0.0,0.0,0.0,0.0,0.0,0.0,0.0,0.0,0.0,0.0,0.0,0.0,0.0,0.0,0.0,0.0,0.0,0.0,0.0,0.0,0.0,0.0,0.0,0.0,0.0,0.0,0.0,0.0,0.0,0.0,0.0,0.0,0.0,0.0,0.0,-451.28671263567327,-451.28671263567327,-451.28671263567327,0.0,0.0,0.0,-120.24079376053494,-120.24079376053494,-120.24079376053494,-181.7144759303492,-181.7144759303492,-181.7144759303492,-149.3314429447891,-149.3314429447891,-149.3314429447891,0.0,0.0,0.0,2273.6460706234216
2023-06-29,2726.787062173506,2282.0770692831525,2601.2508419001656,2726.787062173506,2726.787062173506,0.0,0.0,0.0,0.0,0.0,0.0,0.0,0.0,0.0,0.0,0.0,0.0,0.0,0.0,0.0,0.0,0.0,0.0,0.0,0.0,0.0,0.0,0.0,0.0,0.0,0.0,0.0,0.0,0.0,0.0,0.0,0.0,0.0,0.0,0.0,0.0,0.0,0.0,0.0,0.0,0.0,0.0,0.0,0.0,0.0,0.0,0.0,0.0,-288.4625516705699,-288.4625516705699,-288.4625516705699,0.0,0.0,0.0,-114.44389537141741,-114.44389537141741,-114.44389537141741,-16.87781296415198,-16.87781296415198,-16.87781296415198,-157.14084333500048,-157.14084333500048,-157.14084333500048,0.0,0.0,0.0,2438.324510502936
2023-06-30,2728.6413410879177,2447.5424904358747,2775.13236774897,2728.6413410879177,2728.6413410879177,0.0,0.0,0.0,0.0,0.0,0.0,0.0,0.0,0.0,0.0,0.0,0.0,0.0,0.0,0.0,0.0,0.0,0.0,0.0,0.0,0.0,0.0,0.0,0.0,0.0,0.0,0.0,0.0,0.0,0.0,0.0,0.0,0.0,0.0,0.0,0.0,0.0,0.0,0.0,0.0,0.0,0.0,0.0,0.0,0.0,0.0,0.0,0.0,-114.28333487816913,-114.28333487816913,-114.28333487816913,0.0,0.0,0.0,-100.01763560364174,-100.01763560364174,-100.01763560364174,151.1085948711749,151.1085948711749,151.1085948711749,-165.37429414570232,-165.37429414570232,-165.37429414570232,0.0,0.0,0.0,2614.3580062097485
2023-07-01,2730.4956200023285,2532.0629088055944,2854.3832912685557,2730.4956200023285,2730.4956200023285,0.0,0.0,0.0,0.0,0.0,0.0,0.0,0.0,0.0,0.0,0.0,0.0,0.0,0.0,0.0,0.0,0.0,0.0,0.0,0.0,0.0,0.0,0.0,0.0,0.0,0.0,0.0,0.0,0.0,0.0,0.0,0.0,0.0,0.0,0.0,0.0,0.0,0.0,0.0,0.0,0.0,0.0,0.0,0.0,0.0,0.0,0.0,0.0,-42.45056594353535,-42.45056594353535,-42.45056594353535,0.0,0.0,0.0,-78.56729404789394,-78.56729404789394,-78.56729404789394,210.10138936404513,210.10138936404513,210.10138936404513,-173.98466125968645,-173.98466125968645,-173.98466125968645,0.0,0.0,0.0,2688.045054058793
2023-07-02,2732.3498989167397,2432.7347328648507,2760.5565025536616,2732.3498989167397,2732.3498989167397,0.0,0.0,0.0,0.0,0.0,0.0,0.0,0.0,0.0,0.0,0.0,0.0,0.0,0.0,0.0,0.0,0.0,0.0,0.0,0.0,0.0,0.0,0.0,0.0,0.0,0.0,0.0,0.0,0.0,0.0,0.0,0.0,0.0,0.0,0.0,0.0,0.0,0.0,0.0,0.0,0.0,0.0,0.0,0.0,0.0,0.0,0.0,0.0,-136.7082408826554,-136.7082408826554,-136.7082408826554,0.0,0.0,0.0,-53.33629353299592,-53.33629353299592,-53.33629353299592,99.53964739353529,99.53964739353529,99.53964739353529,-182.91159474319485,-182.91159474319485,-182.91159474319485,0.0,0.0,0.0,2595.6416580340842
2023-07-03,2734.2041778311514,2292.3656581598743,2611.702346841179,2734.2041778311514,2734.2041778311514,0.0,0.0,0.0,0.0,0.0,0.0,0.0,0.0,0.0,0.0,0.0,0.0,0.0,0.0,0.0,0.0,0.0,0.0,0.0,0.0,0.0,0.0,0.0,0.0,0.0,0.0,0.0,0.0,0.0,0.0,0.0,0.0,0.0,0.0,0.0,0.0,0.0,0.0,0.0,0.0,0.0,0.0,0.0,0.0,0.0,0.0,0.0,0.0,-278.01474621468515,-278.01474621468515,-278.01474621468515,0.0,0.0,0.0,-26.649139388543123,-26.649139388543123,-26.649139388543123,-59.28245221729487,-59.28245221729487,-59.28245221729487,-192.0831546088472,-192.0831546088472,-192.0831546088472,0.0,0.0,0.0,2456.189431616466
2023-07-04,2736.0584567455626,2154.9864468243345,2473.843739476095,2736.0584567455626,2736.0584567455626,0.0,0.0,0.0,0.0,0.0,0.0,0.0,0.0,0.0,-14.09509711147287,-14.09509711147287,-14.09509711147287,0.0,0.0,0.0,0.0,0.0,0.0,0.0,0.0,0.0,0.0,0.0,0.0,0.0,0.0,0.0,0.0,0.0,0.0,0.0,0.0,0.0,0.0,0.0,0.0,0.0,0.0,0.0,0.0,0.0,0.0,0.0,0.0,0.0,0.0,0.0,0.0,-417.6649999805988,-417.6649999805988,-417.6649999805988,-14.09509711147287,-14.09509711147287,-14.09509711147287,0.7227808429043244,0.7227808429043244,0.7227808429043244,-202.87489051709298,-202.87489051709298,-202.87489051709298,-201.41779319493725,-201.41779319493725,-201.41779319493725,0.0,0.0,0.0,2318.393456764964
2023-07-05,2737.9127356599734,2216.529445899496,2535.3316065613944,2737.9127356599734,2737.9127356599734,0.0,0.0,0.0,0.0,0.0,0.0,0.0,0.0,0.0,0.0,0.0,0.0,0.0,0.0,0.0,0.0,0.0,0.0,0.0,0.0,0.0,0.0,0.0,0.0,0.0,0.0,0.0,0.0,0.0,0.0,0.0,0.0,0.0,0.0,0.0,0.0,0.0,0.0,0.0,0.0,0.0,0.0,0.0,0.0,0.0,0.0,0.0,0.0,-364.11725981341505,-364.11725981341505,-364.11725981341505,0.0,0.0,0.0,28.423852341708127,28.423852341708127,28.423852341708127,-181.714475930284,-181.714475930284,-181.714475930284,-210.82663622483915,-210.82663622483915,-210.82663622483915,0.0,0.0,0.0,2373.7954758465585
2023-07-06,2739.767014574385,2395.061569983228,2725.756668424773,2739.767014574385,2739.767014574385,0.0,0.0,0.0,0.0,0.0,0.0,0.0,0.0,0.0,0.0,0.0,0.0,0.0,0.0,0.0,0.0,0.0,0.0,0.0,0.0,0.0,0.0,0.0,0.0,0.0,0.0,0.0,0.0,0.0,0.0,0.0,0.0,0.0,0.0,0.0,0.0,0.0,0.0,0.0,0.0,0.0,0.0,0.0,0.0,0.0,0.0,0.0,0.0,-181.6665828979274,-181.6665828979274,-181.6665828979274,0.0,0.0,0.0,55.42722546226898,55.42722546226898,55.42722546226898,-16.87781296399472,-16.87781296399472,-16.87781296399472,-220.21599539620166,-220.21599539620166,-220.21599539620166,0.0,0.0,0.0,2558.1004316764574
2023-07-07,2741.6212934887963,2583.7097499117913,2907.3809537931716,2741.6212934887963,2741.6212934887963,0.0,0.0,0.0,0.0,0.0,0.0,0.0,0.0,0.0,0.0,0.0,0.0,0.0,0.0,0.0,0.0,0.0,0.0,0.0,0.0,0.0,0.0,0.0,0.0,0.0,0.0,0.0,0.0,0.0,0.0,0.0,0.0,0.0,0.0,0.0,0.0,0.0,0.0,0.0,0.0,0.0,0.0,0.0,0.0,0.0,0.0,0.0,0.0,1.8940050377011963,1.8940050377011963,1.8940050377011963,0.0,0.0,0.0,80.2754482987902,80.2754482987902,80.2754482987902,151.10859487129682,151.10859487129682,151.10859487129682,-229.4900381323858,-229.4900381323858,-229.4900381323858,0.0,0.0,0.0,2743.5152985264976
2023-07-08,2743.4755724032075,2661.3311492724156,2982.0328626151195,2743.4755724032075,2743.4755724032075,0.0,0.0,0.0,0.0,0.0,0.0,0.0,0.0,0.0,0.0,0.0,0.0,0.0,0.0,0.0,0.0,0.0,0.0,0.0,0.0,0.0,0.0,0.0,0.0,0.0,0.0,0.0,0.0,0.0,0.0,0.0,0.0,0.0,0.0,0.0,0.0,0.0,0.0,0.0,0.0,0.0,0.0,0.0,0.0,0.0,0.0,0.0,0.0,73.62162730498575,73.62162730498575,73.62162730498575,0.0,0.0,0.0,102.07377307514157,102.07377307514157,102.07377307514157,210.10138936415314,210.10138936415314,210.10138936415314,-238.55353513430896,-238.55353513430896,-238.55353513430896,0.0,0.0,0.0,2817.0971997081933
2023-07-09,2745.3298513176182,2566.8431874257612,2873.904590532861,2745.3298513176182,2745.3298513176182,0.0,0.0,0.0,0.0,0.0,0.0,0.0,0.0,0.0,0.0,0.0,0.0,0.0,0.0,0.0,0.0,0.0,0.0,0.0,0.0,0.0,0.0,0.0,0.0,0.0,0.0,0.0,0.0,0.0,0.0,0.0,0.0,0.0,0.0,0.0,0.0,0.0,0.0,0.0,0.0,0.0,0.0,0.0,0.0,0.0,0.0,0.0,0.0,-27.07808641361206,-27.07808641361206,-27.07808641361206,0.0,0.0,0.0,120.69686994449116,120.69686994449116,120.69686994449116,99.53964739342307,99.53964739342307,99.53964739342307,-247.31460375152628,-247.31460375152628,-247.31460375152628,0.0,0.0,0.0,2718.251764904006
2023-07-10,2747.18413023203,2401.051018431221,2728.491807521081,2747.18413023203,2747.18413023203,0.0,0.0,0.0,0.0,0.0,0.0,0.0,0.0,0.0,0.0,0.0,0.0,0.0,0.0,0.0,0.0,0.0,0.0,0.0,0.0,0.0,0.0,0.0,0.0,0.0,0.0,0.0,0.0,0.0,0.0,0.0,0.0,0.0,0.0,0.0,0.0,0.0,0.0,0.0,0.0,0.0,0.0,0.0,0.0,0.0,0.0,0.0,0.0,-179.29003272642862,-179.29003272642862,-179.29003272642862,0.0,0.0,0.0,135.67978452797914,135.67978452797914,135.67978452797914,-59.28245221740466,-59.28245221740466,-59.28245221740466,-255.6873650370031,-255.6873650370031,-255.6873650370031,0.0,0.0,0.0,2567.894097505601
2023-07-11,2749.038409146441,2250.268104276039,2592.475549764904,2749.038409146441,2749.038409146441,0.0,0.0,0.0,0.0,0.0,0.0,0.0,0.0,0.0,0.0,0.0,0.0,0.0,0.0,0.0,0.0,0.0,0.0,0.0,0.0,0.0,0.0,0.0,0.0,0.0,0.0,0.0,0.0,0.0,0.0,0.0,0.0,0.0,0.0,0.0,0.0,0.0,0.0,0.0,0.0,0.0,0.0,0.0,0.0,0.0,0.0,0.0,0.0,-321.3923309887463,-321.3923309887463,-321.3923309887463,0.0,0.0,0.0,145.07699419527552,145.07699419527552,145.07699419527552,-202.8748905170958,-202.8748905170958,-202.8748905170958,-263.594434666926,-263.594434666926,-263.594434666926,0.0,0.0,0.0,2427.646078157695
2023-07-12,2750.892688060852,2273.1395279071226,2597.0948913390343,2750.892688060852,2750.892688060852,0.0,0.0,0.0,0.0,0.0,0.0,0.0,0.0,0.0,0.0,0.0,0.0,0.0,0.0,0.0,0.0,0.0,0.0,0.0,0.0,0.0,0.0,0.0,0.0,0.0,0.0,0.0,0.0,0.0,0.0,0.0,0.0,0.0,0.0,0.0,0.0,0.0,0.0,0.0,0.0,0.0,0.0,0.0,0.0,0.0,0.0,0.0,0.0,-306.6497078118257,-306.6497078118257,-306.6497078118257,0.0,0.0,0.0,146.03394075446667,146.03394075446667,146.03394075446667,-181.71447593021878,-181.71447593021878,-181.71447593021878,-270.96917263607355,-270.96917263607355,-270.96917263607355,0.0,0.0,0.0,2444.242980249026
2023-07-13,2752.746966975263,2432.6484947797853,2765.7185832313407,2752.746966975263,2752.746966975263,0.0,0.0,0.0,0.0,0.0,0.0,0.0,0.0,0.0,0.0,0.0,0.0,0.0,0.0,0.0,0.0,0.0,0.0,0.0,0.0,0.0,0.0,0.0,0.0,0.0,0.0,0.0,0.0,0.0,0.0,0.0,0.0,0.0,0.0,0.0,0.0,0.0,0.0,0.0,0.0,0.0,0.0,0.0,0.0,0.0,0.0,0.0,0.0,-157.4847742638841,-157.4847742638841,-157.4847742638841,0.0,0.0,0.0,137.15066234293843,137.15066234293843,137.15066234293843,-16.877812964641958,-16.877812964641958,-16.877812964641958,-277.7576236421805,-277.7576236421805,-277.7576236421805,0.0,0.0,0.0,2595.262192711379
2023-07-14,2754.6012458896744,2581.9332128347182,2898.5535424039185,2754.6012458896744,2754.6012458896744,0.0,0.0,0.0,0.0,0.0,0.0,0.0,0.0,0.0,0.0,0.0,0.0,0.0,0.0,0.0,0.0,0.0,0.0,0.0,0.0,0.0,0.0,0.0,0.0,0.0,0.0,0.0,0.0,0.0,0.0,0.0,0.0,0.0,0.0,0.0,0.0,0.0,0.0,0.0,0.0,0.0,0.0,0.0,0.0,0.0,0.0,0.0,0.0,-12.296437782708715,-12.296437782708715,-12.296437782708715,0.0,0.0,0.0,120.51505649174796,120.51505649174796,120.51505649174796,151.1085948713801,151.1085948713801,151.1085948713801,-283.92008914583676,-283.92008914583676,-283.92008914583676,0.0,0.0,0.0,2742.3048081069655
2023-07-15,2756.455524804086,2625.3111793725698,2939.339189678927,2756.455524804086,2756.455524804086,0.0,0.0,0.0,0.0,0.0,0.0,0.0,0.0,0.0,0.0,0.0,0.0,0.0,0.0,0.0,0.0,0.0,0.0,0.0,0.0,0.0,0.0,0.0,0.0,0.0,0.0,0.0,0.0,0.0,0.0,0.0,0.0,0.0,0.0,0.0,0.0,0.0,0.0,0.0,0.0,0.0,0.0,0.0,0.0,0.0,0.0,0.0,0.0,21.648414386577496,21.648414386577496,21.648414386577496,0.0,0.0,0.0,100.9793079901859,100.9793079901859,100.9793079901859,210.1013893641144,210.1013893641144,210.1013893641144,-289.4322829677228,-289.4322829677228,-289.4322829677228,0.0,0.0,0.0,2778.1039391906634
2023-07-16,2758.309803718497,2486.0163198550104,2815.1042704500596,2758.309803718497,2758.309803718497,0.0,0.0,0.0,0.0,0.0,0.0,0.0,0.0,0.0,0.0,0.0,0.0,0.0,0.0,0.0,0.0,0.0,0.0,0.0,0.0,0.0,0.0,0.0,0.0,0.0,0.0,0.0,0.0,0.0,0.0,0.0,0.0,0.0,0.0,0.0,0.0,0.0,0.0,0.0,0.0,0.0,0.0,0.0,0.0,0.0,0.0,0.0,0.0,-112.1740318510144,-112.1740318510144,-112.1740318510144,0.0,0.0,0.0,82.57235539679868,82.57235539679868,82.57235539679868,99.53964739331256,99.53964739331256,99.53964739331256,-294.28603464112575,-294.28603464112575,-294.28603464112575,0.0,0.0,0.0,2646.1357718674826
2023-07-17,2760.1640826329085,2298.882785283032,2620.7894131888806,2760.1640826329085,2760.1640826329085,0.0,0.0,0.0,0.0,0.0,0.0,0.0,0.0,0.0,0.0,0.0,0.0,0.0,0.0,0.0,0.0,0.0,0.0,0.0,0.0,0.0,0.0,0.0,0.0,0.0,0.0,0.0,0.0,0.0,0.0,0.0,0.0,0.0,0.0,0.0,0.0,0.0,0.0,0.0,0.0,0.0,0.0,0.0,0.0,0.0,0.0,0.0,0.0,-292.86723260439675,-292.86723260439675,-292.86723260439675,0.0,0.0,0.0,64.90473781834405,64.90473781834405,64.90473781834405,-59.28245221753805,-59.28245221753805,-59.28245221753805,-298.4895182052027,-298.4895182052027,-298.4895182052027,0.0,0.0,0.0,2467.296850028512
2023-07-18,2762.0183615473197,2137.083011062812,2463.4585264368507,2762.0183615473197,2762.0183615473197,0.0,0.0,0.0,0.0,0.0,0.0,0.0,0.0,0.0,0.0,0.0,0.0,0.0,0.0,0.0,0.0,0.0,0.0,0.0,0.0,0.0,0.0,0.0,0.0,0.0,0.0,0.0,0.0,0.0,0.0,0.0,0.0,0.0,0.0,0.0,0.0,0.0,0.0,0.0,0.0,0.0,0.0,0.0,0.0,0.0,0.0,0.0,0.0,-461.86976494600094,-461.86976494600094,-461.86976494600094,0.0,0.0,0.0,43.07212387426515,43.07212387426515,43.07212387426515,-202.87489051718018,-202.87489051718018,-202.87489051718018,-302.06699830308594,-302.06699830308594,-302.06699830308594,0.0,0.0,0.0,2300.148596601319
2023-07-19,2763.872640461731,2123.644243117134,2460.7456536157156,2763.872640461731,2763.872640461731,0.0,0.0,0.0,0.0,0.0,0.0,0.0,0.0,0.0,0.0,0.0,0.0,0.0,0.0,0.0,0.0,0.0,0.0,0.0,0.0,0.0,0.0,0.0,0.0,0.0,0.0,0.0,0.0,0.0,0.0,0.0,0.0,0.0,0.0,0.0,0.0,0.0,0.0,0.0,0.0,0.0,0.0,0.0,0.0,0.0,0.0,0.0,0.0,-474.9040625003901,-474.9040625003901,-474.9040625003901,0.0,0.0,0.0,11.86851334314064,11.86851334314064,11.86851334314064,-181.71447593057528,-181.71447593057528,-181.71447593057528,-305.05809991295547,-305.05809991295547,-305.05809991295547,0.0,0.0,0.0,2288.968577961341
2023-07-20,2765.7269193761417,2260.1190070002685,2563.7950572754,2765.7269193761417,2765.7269193761417,0.0,0.0,0.0,0.0,0.0,0.0,0.0,0.0,0.0,0.0,0.0,0.0,0.0,0.0,0.0,0.0,0.0,0.0,0.0,0.0,0.0,0.0,0.0,0.0,0.0,0.0,0.0,0.0,0.0,0.0,0.0,0.0,0.0,0.0,0.0,0.0,0.0,0.0,0.0,0.0,0.0,0.0,0.0,0.0,0.0,0.0,0.0,0.0,-353.1711629279956,-353.1711629279956,-353.1711629279956,0.0,0.0,0.0,-28.77672760792279,-28.77672760792279,-28.77672760792279,-16.8778129644847,-16.8778129644847,-16.8778129644847,-307.51662235558814,-307.51662235558814,-307.51662235558814,0.0,0.0,0.0,2412.555756448146
2023-07-21,2767.581198290554,2376.5494412682847,2696.668924688587,2767.581198290554,2767.581198290554,0.0,0.0,0.0,0.0,0.0,0.0,0.0,0.0,0.0,0.0,0.0,0.0,0.0,0.0,0.0,0.0,0.0,0.0,0.0,0.0,0.0,0.0,0.0,0.0,0.0,0.0,0.0,0.0,0.0,0.0,0.0,0.0,0.0,0.0,0.0,0.0,0.0,0.0,0.0,0.0,0.0,0.0,0.0,0.0,0.0,0.0,0.0,0.0,-230.17641833172448,-230.17641833172448,-230.17641833172448,0.0,0.0,0.0,-71.77608124496358,-71.77608124496358,-71.77608124496358,151.10859487150202,151.10859487150202,151.10859487150202,-309.50893195826296,-309.50893195826296,-309.50893195826296,0.0,0.0,0.0,2537.4047799588293
2023-07-22,2769.4354772049646,2408.4089815900384,2727.064431699363,2769.4354772049646,2769.4354772049646,0.0,0.0,0.0,0.0,0.0,0.0,0.0,0.0,0.0,0.0,0.0,0.0,0.0,0.0,0.0,0.0,0.0,0.0,0.0,0.0,0.0,0.0,0.0,0.0,0.0,0.0,0.0,0.0,0.0,0.0,0.0,0.0,0.0,0.0,0.0,0.0,0.0,0.0,0.0,0.0,0.0,0.0,0.0,0.0,0.0,0.0,0.0,0.0,-207.45671555497137,-207.45671555497137,-207.45671555497137,0.0,0.0,0.0,-106.44612442307834,-106.44612442307834,-106.44612442307834,210.10138936411659,210.10138936411659,210.10138936411659,-311.1119804960096,-311.1119804960096,-311.1119804960096,0.0,0.0,0.0,2561.9787616499934
2023-07-23,2771.289756119376,2269.3990286649437,2581.8074517861055,2771.289756119376,2771.289756119376,0.0,0.0,0.0,0.0,0.0,0.0,0.0,0.0,0.0,0.0,0.0,0.0,0.0,0.0,0.0,0.0,0.0,0.0,0.0,0.0,0.0,0.0,0.0,0.0,0.0,0.0,0.0,0.0,0.0,0.0,0.0,0.0,0.0,0.0,0.0,0.0,0.0,0.0,0.0,0.0,0.0,0.0,0.0,0.0,0.0,0.0,0.0,0.0,-338.11687766363553,-338.11687766363553,-338.11687766363553,0.0,0.0,0.0,-125.24551716429383,-125.24551716429383,-125.24551716429383,99.53964739381625,99.53964739381625,99.53964739381625,-312.4110078931579,-312.4110078931579,-312.4110078931579,0.0,0.0,0.0,2433.1728784557404
2023-07-24,2773.144035033787,2113.3677949257853,2427.507088746937,2773.144035033787,2773.144035033787,0.0,0.0,0.0,0.0,0.0,0.0,0.0,0.0,0.0,0.0,0.0,0.0,0.0,0.0,0.0,0.0,0.0,0.0,0.0,0.0,0.0,0.0,0.0,0.0,0.0,0.0,0.0,0.0,0.0,0.0,0.0,0.0,0.0,0.0,0.0,0.0,0.0,0.0,0.0,0.0,0.0,0.0,0.0,0.0,0.0,0.0,0.0,0.0,-501.2960545327974,-501.2960545327974,-501.2960545327974,0.0,0.0,0.0,-128.51660501293276,-128.51660501293276,-128.51660501293276,-59.282452216966384,-59.282452216966384,-59.282452216966384,-313.49699730289825,-313.49699730289825,-313.49699730289825,0.0,0.0,0.0,2271.8479805009897
2023-07-25,2774.9983139481983,1982.9690371998315,2295.4980458700775,2774.9983139481983,2774.9983139481983,0.0,0.0,0.0,0.0,0.0,0.0,0.0,0.0,0.0,0.0,0.0,0.0,0.0,0.0,0.0,0.0,0.0,0.0,0.0,0.0,0.0,0.0,0.0,0.0,0.0,0.0,0.0,0.0,0.0,0.0,0.0,0.0,0.0,0.0,0.0,0.0,0.0,0.0,0.0,0.0,0.0,0.0,0.0,0.0,0.0,0.0,0.0,0.0,-640.910388166431,-640.910388166431,-640.910388166431,0.0,0.0,0.0,-123.57153935193473,-123.57153935193473,-123.57153935193473,-202.87489051722378,-202.87489051722378,-202.87489051722378,-314.4639582972724,-314.4639582972724,-314.4639582972724,0.0,0.0,0.0,2134.0879257817674
2023-07-26,2776.8525928626095,2004.004712855869,2332.323998391508,2776.8525928626095,2776.8525928626095,0.0,0.0,0.0,0.0,0.0,0.0,0.0,0.0,0.0,0.0,0.0,0.0,0.0,0.0,0.0,0.0,0.0,0.0,0.0,0.0,0.0,0.0,0.0,0.0,0.0,0.0,0.0,0.0,0.0,0.0,0.0,0.0,0.0,0.0,0.0,0.0,0.0,0.0,0.0,0.0,0.0,0.0,0.0,0.0,0.0,0.0,0.0,0.0,-616.1208214475216,-616.1208214475216,-616.1208214475216,0.0,0.0,0.0,-119.0002262587123,-119.0002262587123,-119.0002262587123,-181.71447593046017,-181.71447593046017,-181.71447593046017,-315.4061192583491,-315.4061192583491,-315.4061192583491,0.0,0.0,0.0,2160.7317714150877
2023-07-27,2778.7068717770208,2154.4517345604795,2483.022742467038,2778.7068717770208,2778.7068717770208,0.0,0.0,0.0,0.0,0.0,0.0,0.0,0.0,0.0,0.0,0.0,0.0,0.0,0.0,0.0,0.0,0.0,0.0,0.0,0.0,0.0,0.0,0.0,0.0,0.0,0.0,0.0,0.0,0.0,0.0,0.0,0.0,0.0,0.0,0.0,0.0,0.0,0.0,0.0,0.0,0.0,0.0,0.0,0.0,0.0,0.0,0.0,0.0,-452.0605000621596,-452.0605000621596,-452.0605000621596,0.0,0.0,0.0,-118.76757410150329,-118.76757410150329,-118.76757410150329,-16.877812964376567,-16.877812964376567,-16.877812964376567,-316.4151129962796,-316.4151129962796,-316.4151129962796,0.0,0.0,0.0,2326.6463717148613
2023-07-28,2780.561150691432,2334.9661213048093,2651.850114592509,2780.561150691432,2780.561150691432,0.0,0.0,0.0,0.0,0.0,0.0,0.0,0.0,0.0,0.0,0.0,0.0,0.0,0.0,0.0,0.0,0.0,0.0,0.0,0.0,0.0,0.0,0.0,0.0,0.0,0.0,0.0,0.0,0.0,0.0,0.0,0.0,0.0,0.0,0.0,0.0,0.0,0.0,0.0,0.0,0.0,0.0,0.0,0.0,0.0,0.0,0.0,0.0,-286.93165798560926,-286.93165798560926,-286.93165798560926,0.0,0.0,0.0,-120.46301282181682,-120.46301282181682,-120.46301282181682,151.1085948715853,151.1085948715853,151.1085948715853,-317.5772400353778,-317.5772400353778,-317.5772400353778,0.0,0.0,0.0,2493.6294927058225
2023-07-29,2782.415429605843,2389.12309566276,2720.8107712050414,2782.415429605843,2782.415429605843,0.0,0.0,0.0,0.0,0.0,0.0,0.0,0.0,0.0,0.0,0.0,0.0,0.0,0.0,0.0,0.0,0.0,0.0,0.0,0.0,0.0,0.0,0.0,0.0,0.0,0.0,0.0,0.0,0.0,0.0,0.0,0.0,0.0,0.0,0.0,0.0,0.0,0.0,0.0,0.0,0.0,0.0,0.0,0.0,0.0,0.0,0.0,0.0,-227.2490114163489,-227.2490114163489,-227.2490114163489,0.0,0.0,0.0,-118.37950889544672,-118.37950889544672,-118.37950889544672,210.10138936407785,210.10138936407785,210.10138936407785,-318.97089188498006,-318.97089188498006,-318.97089188498006,0.0,0.0,0.0,2555.1664181894944
2023-07-30,2784.2697085202544,2290.1924011530455,2621.5616621173517,2784.2697085202544,2784.2697085202544,0.0,0.0,0.0,0.0,0.0,0.0,0.0,0.0,0.0,0.0,0.0,0.0,0.0,0.0,0.0,0.0,0.0,0.0,0.0,0.0,0.0,0.0,0.0,0.0,0.0,0.0,0.0,0.0,0.0,0.0,0.0,0.0,0.0,0.0,0.0,0.0,0.0,0.0,0.0,0.0,0.0,0.0,0.0,0.0,0.0,0.0,0.0,0.0,-329.40776692951107,-329.40776692951107,-329.40776692951107,0.0,0.0,0.0,-108.28320231887719,-108.28320231887719,-108.28320231887719,99.53964739370403,99.53964739370403,99.53964739370403,-320.6642120043379,-320.6642120043379,-320.6642120043379,0.0,0.0,0.0,2454.8619415907433
2023-07-31,2786.123987434665,2146.183229543248,2472.454248837216,2786.123987434665,2786.123987434665,0.0,0.0,0.0,0.0,0.0,0.0,0.0,0.0,0.0,0.0,0.0,0.0,0.0,0.0,0.0,0.0,0.0,0.0,0.0,0.0,0.0,0.0,0.0,0.0,0.0,0.0,0.0,0.0,0.0,0.0,0.0,0.0,0.0,0.0,0.0,0.0,0.0,0.0,0.0,0.0,0.0,0.0,0.0,0.0,0.0,0.0,0.0,0.0,-471.9656267178697,-471.9656267178697,-471.9656267178697,0.0,0.0,0.0,-89.97010929119631,-89.97010929119631,-89.97010929119631,-59.282452217099774,-59.282452217099774,-59.282452217099774,-322.71306520957364,-322.71306520957364,-322.71306520957364,0.0,0.0,0.0,2314.1583607167954
2023-08-01,2787.9782663490773,2021.8580393877091,2353.0524852517447,2787.9782663490773,2787.9782663490773,0.0,0.0,0.0,0.0,0.0,0.0,0.0,0.0,0.0,0.0,0.0,0.0,0.0,0.0,0.0,0.0,0.0,0.0,0.0,0.0,0.0,0.0,0.0,0.0,0.0,0.0,0.0,0.0,0.0,0.0,0.0,0.0,0.0,0.0,0.0,0.0,0.0,0.0,0.0,0.0,0.0,0.0,0.0,0.0,0.0,0.0,0.0,0.0,-594.2725856021736,-594.2725856021736,-594.2725856021736,0.0,0.0,0.0,-66.23831792577234,-66.23831792577234,-66.23831792577234,-202.8748905173082,-202.8748905173082,-202.8748905173082,-325.15937715909314,-325.15937715909314,-325.15937715909314,0.0,0.0,0.0,2193.7056807469035
2023-08-02,2789.934593024396,2082.6907599200376,2419.5075572902597,2789.934593024396,2789.934593024396,0.0,0.0,0.0,0.0,0.0,0.0,0.0,0.0,0.0,0.0,0.0,0.0,0.0,0.0,0.0,0.0,0.0,0.0,0.0,0.0,0.0,0.0,0.0,0.0,0.0,0.0,0.0,0.0,0.0,0.0,0.0,0.0,0.0,0.0,0.0,0.0,0.0,0.0,0.0,0.0,0.0,0.0,0.0,0.0,0.0,0.0,0.0,0.0,-549.8429371433072,-549.8429371433072,-549.8429371433072,0.0,0.0,0.0,-40.09856665561779,-40.09856665561779,-40.09856665561779,-181.71447593044485,-181.71447593044485,-181.71447593044485,-328.02989455724463,-328.02989455724463,-328.02989455724463,0.0,0.0,0.0,2240.0916558810886
2023-08-03,2791.8909196997142,2273.3259845981434,2584.4962458234845,2791.8909196997142,2791.8909196997142,0.0,0.0,0.0,0.0,0.0,0.0,0.0,0.0,0.0,0.0,0.0,0.0,0.0,0.0,0.0,0.0,0.0,0.0,0.0,0.0,0.0,0.0,0.0,0.0,0.0,0.0,0.0,0.0,0.0,0.0,0.0,0.0,0.0,0.0,0.0,0.0,0.0,0.0,0.0,0.0,0.0,0.0,0.0,0.0,0.0,0.0,0.0,0.0,-361.24790651050654,-361.24790651050654,-361.24790651050654,0.0,0.0,0.0,-13.03468938625885,-13.03468938625885,-13.03468938625885,-16.877812964170182,-16.877812964170182,-16.877812964170182,-331.3354041600776,-331.3354041600776,-331.3354041600776,0.0,0.0,0.0,2430.6430131892075
2023-08-04,2793.8472463750327,2466.637412137502,2789.495432314692,2793.8472463750327,2793.8472463750327,0.0,0.0,0.0,0.0,0.0,0.0,0.0,0.0,0.0,0.0,0.0,0.0,0.0,0.0,0.0,0.0,0.0,0.0,0.0,0.0,0.0,0.0,0.0,0.0,0.0,0.0,0.0,0.0,0.0,0.0,0.0,0.0,0.0,0.0,0.0,0.0,0.0,0.0,0.0,0.0,0.0,0.0,0.0,0.0,0.0,0.0,0.0,0.0,-169.38550733428062,-169.38550733428062,-169.38550733428062,0.0,0.0,0.0,14.576332718336484,14.576332718336484,14.576332718336484,151.10859487116142,151.10859487116142,151.10859487116142,-335.0704349237785,-335.0704349237785,-335.0704349237785,0.0,0.0,0.0,2624.461739040752
2023-08-05,2795.803573050351,2548.143294586895,2868.875986035753,2795.803573050351,2795.803573050351,0.0,0.0,0.0,0.0,0.0,0.0,0.0,0.0,0.0,0.0,0.0,0.0,0.0,0.0,0.0,0.0,0.0,0.0,0.0,0.0,0.0,0.0,0.0,0.0,0.0,0.0,0.0,0.0,0.0,0.0,0.0,0.0,0.0,0.0,0.0,0.0,0.0,0.0,0.0,0.0,0.0,0.0,0.0,0.0,0.0,0.0,0.0,0.0,-87.00655144550224,-87.00655144550224,-87.00655144550224,0.0,0.0,0.0,42.10551230437514,42.10551230437514,42.10551230437514,210.10138936405957,210.10138936405957,210.10138936405957,-339.21345311393696,-339.21345311393696,-339.21345311393696,0.0,0.0,0.0,2708.797021604849
2023-08-06,2797.75989972567,2458.1069355853388,2790.8150451138063,2797.75989972567,2797.75989972567,0.0,0.0,0.0,0.0,0.0,0.0,0.0,0.0,0.0,0.0,0.0,0.0,0.0,0.0,0.0,0.0,0.0,0.0,0.0,0.0,0.0,0.0,0.0,0.0,0.0,0.0,0.0,0.0,0.0,0.0,0.0,0.0,0.0,0.0,0.0,0.0,0.0,0.0,0.0,0.0,0.0,0.0,0.0,0.0,0.0,0.0,0.0,0.0,-175.98846233119366,-175.98846233119366,-175.98846233119366,0.0,0.0,0.0,68.19943560335282,68.19943560335282,68.19943560335282,99.5396473935918,99.5396473935918,99.5396473935918,-343.7275453281383,-343.7275453281383,-343.7275453281383,0.0,0.0,0.0,2621.7714373944764
2023-08-07,2799.7162264009885,2326.3749445769818,2655.0816037537656,2799.7162264009885,2799.7162264009885,0.0,0.0,0.0,0.0,0.0,0.0,0.0,0.0,0.0,0.0,0.0,0.0,0.0,0.0,0.0,0.0,0.0,0.0,0.0,0.0,0.0,0.0,0.0,0.0,0.0,0.0,0.0,0.0,0.0,0.0,0.0,0.0,0.0,0.0,0.0,0.0,0.0,0.0,0.0,0.0,0.0,0.0,0.0,0.0,0.0,0.0,0.0,0.0,-316.270325605813,-316.270325605813,-316.270325605813,0.0,0.0,0.0,91.57369623132917,91.57369623132917,91.57369623132917,-59.282452217209574,-59.282452217209574,-59.282452217209574,-348.56156961993264,-348.56156961993264,-348.56156961993264,0.0,0.0,0.0,2483.4459007951755
2023-08-08,2801.672553076307,2187.293505048346,2514.879259868748,2801.672553076307,2801.672553076307,0.0,0.0,0.0,0.0,0.0,0.0,0.0,0.0,0.0,0.0,0.0,0.0,0.0,0.0,0.0,0.0,0.0,0.0,0.0,0.0,0.0,0.0,0.0,0.0,0.0,0.0,0.0,0.0,0.0,0.0,0.0,0.0,0.0,0.0,0.0,0.0,0.0,0.0,0.0,0.0,0.0,0.0,0.0,0.0,0.0,0.0,0.0,0.0,-444.7415383121653,-444.7415383121653,-444.7415383121653,0.0,0.0,0.0,111.78509289802567,111.78509289802567,111.78509289802567,-202.87489051735182,-202.87489051735182,-202.87489051735182,-353.6517406928392,-353.6517406928392,-353.6517406928392,0.0,0.0,0.0,2356.9310147641418
2023-08-09,2803.628879751626,2234.4649572109074,2545.785607916012,2803.628879751626,2803.628879751626,0.0,0.0,0.0,0.0,0.0,0.0,0.0,0.0,0.0,0.0,0.0,0.0,0.0,0.0,0.0,0.0,0.0,0.0,0.0,0.0,0.0,0.0,0.0,0.0,0.0,0.0,0.0,0.0,0.0,0.0,0.0,0.0,0.0,0.0,0.0,0.0,0.0,0.0,0.0,0.0,0.0,0.0,0.0,0.0,0.0,0.0,0.0,0.0,-411.91238630077726,-411.91238630077726,-411.91238630077726,0.0,0.0,0.0,128.7256915209756,128.7256915209756,128.7256915209756,-181.7144759307515,-181.7144759307515,-181.7144759307515,-358.9236018910015,-358.9236018910015,-358.9236018910015,0.0,0.0,0.0,2391.7164934508487
2023-08-10,2805.5852064269443,2408.905593243751,2732.1938427549817,2805.5852064269443,2805.5852064269443,0.0,0.0,0.0,0.0,0.0,0.0,0.0,0.0,0.0,0.0,0.0,0.0,0.0,0.0,0.0,0.0,0.0,0.0,0.0,0.0,0.0,0.0,0.0,0.0,0.0,0.0,0.0,0.0,0.0,0.0,0.0,0.0,0.0,0.0,0.0,0.0,0.0,0.0,0.0,0.0,0.0,0.0,0.0,0.0,0.0,0.0,0.0,0.0,-239.9161484826035,-239.9161484826035,-239.9161484826035,0.0,0.0,0.0,141.25598932785343,141.25598932785343,141.25598932785343,-16.87781296406205,-16.87781296406205,-16.87781296406205,-364.29432484639483,-364.29432484639483,-364.29432484639483,0.0,0.0,0.0,2565.6690579443407
2023-08-11,2807.5415331022627,2569.773572524461,2903.4398624217624,2807.5415331022627,2807.5415331022627,0.0,0.0,0.0,0.0,0.0,0.0,0.0,0.0,0.0,0.0,0.0,0.0,0.0,0.0,0.0,0.0,0.0,0.0,0.0,0.0,0.0,0.0,0.0,0.0,0.0,0.0,0.0,0.0,0.0,0.0,0.0,0.0,0.0,0.0,0.0,0.0,0.0,0.0,0.0,0.0,0.0,0.0,0.0,0.0,0.0,0.0,0.0,0.0,-71.80196830676161,-71.80196830676161,-71.80196830676161,0.0,0.0,0.0,146.76470433915554,146.76470433915554,146.76470433915554,151.10859487124472,151.10859487124472,151.10859487124472,-369.67526751716184,-369.67526751716184,-369.67526751716184,0.0,0.0,0.0,2735.7395647955013
2023-08-12,2809.497859777581,2619.821527149378,2955.4399155884225,2809.497859777581,2809.497859777581,0.0,0.0,0.0,0.0,0.0,0.0,0.0,0.0,0.0,0.0,0.0,0.0,0.0,0.0,0.0,0.0,0.0,0.0,0.0,0.0,0.0,0.0,0.0,0.0,0.0,0.0,0.0,0.0,0.0,0.0,0.0,0.0,0.0,0.0,0.0,0.0,0.0,0.0,0.0,0.0,0.0,0.0,0.0,0.0,0.0,0.0,0.0,0.0,-22.09091975582537,-22.09091975582537,-22.09091975582537,0.0,0.0,0.0,142.78240415667403,142.78240415667403,142.78240415667403,210.1013893640208,210.1013893640208,210.1013893640208,-374.9747132765203,-374.9747132765203,-374.9747132765203,0.0,0.0,0.0,2787.406940021756
2023-08-13,2811.4541864528996,2501.693313848522,2827.7590106579814,2811.4541864528996,2811.4541864528996,0.0,0.0,0.0,0.0,0.0,0.0,0.0,0.0,0.0,0.0,0.0,0.0,0.0,0.0,0.0,0.0,0.0,0.0,0.0,0.0,0.0,0.0,0.0,0.0,0.0,0.0,0.0,0.0,0.0,0.0,0.0,0.0,0.0,0.0,0.0,0.0,0.0,0.0,0.0,0.0,0.0,0.0,0.0,0.0,0.0,0.0,0.0,0.0,-151.0301059082342,-151.0301059082342,-151.0301059082342,0.0,0.0,0.0,129.53095463637783,129.53095463637783,129.53095463637783,99.5396473934813,99.5396473934813,99.5396473934813,-380.10070793809336,-380.10070793809336,-380.10070793809336,0.0,0.0,0.0,2660.4240805446652
2023-08-14,2813.410513128218,2318.585289536631,2633.920346840964,2813.410513128218,2813.410513128218,0.0,0.0,0.0,0.0,0.0,0.0,0.0,0.0,0.0,0.0,0.0,0.0,0.0,0.0,0.0,0.0,0.0,0.0,0.0,0.0,0.0,0.0,0.0,0.0,0.0,0.0,0.0,0.0,0.0,0.0,0.0,0.0,0.0,0.0,0.0,0.0,0.0,0.0,0.0,0.0,0.0,0.0,0.0,0.0,0.0,0.0,0.0,0.0,-333.4596588907453,-333.4596588907453,-333.4596588907453,0.0,0.0,0.0,110.78670164319232,110.78670164319232,110.78670164319232,-59.28245221736655,-59.28245221736655,-59.28245221736655,-384.963908316571,-384.963908316571,-384.963908316571,0.0,0.0,0.0,2479.950854237473
2023-08-15,2815.3668398035365,2155.260962704229,2490.9323709749015,2815.3668398035365,2815.3668398035365,0.0,0.0,0.0,0.0,0.0,0.0,0.0,0.0,0.0,0.0,0.0,0.0,0.0,0.0,0.0,0.0,0.0,0.0,0.0,0.0,0.0,0.0,0.0,0.0,0.0,0.0,0.0,0.0,0.0,0.0,0.0,0.0,0.0,0.0,0.0,0.0,0.0,0.0,0.0,0.0,0.0,0.0,0.0,0.0,0.0,0.0,0.0,0.0,-500.8243031261536,-500.8243031261536,-500.8243031261536,0.0,0.0,0.0,91.53094261918595,91.53094261918595,91.53094261918595,-202.87489051710412,-202.87489051710412,-202.87489051710412,-389.48035522823545,-389.48035522823545,-389.48035522823545,0.0,0.0,0.0,2314.542536677383
2023-08-16,2817.323166478855,2148.7607825875066,2473.48741813849,2817.323166478855,2817.323166478855,0.0,0.0,0.0,0.0,0.0,0.0,0.0,0.0,0.0,0.0,0.0,0.0,0.0,0.0,0.0,0.0,0.0,0.0,0.0,0.0,0.0,0.0,0.0,0.0,0.0,0.0,0.0,0.0,0.0,0.0,0.0,0.0,0.0,0.0,0.0,0.0,0.0,0.0,0.0,0.0,0.0,0.0,0.0,0.0,0.0,0.0,0.0,0.0,-501.40957874005323,-501.40957874005323,-501.40957874005323,0.0,0.0,0.0,73.8789829608731,73.8789829608731,73.8789829608731,-181.71447593073614,-181.71447593073614,-181.71447593073614,-393.57408577019027,-393.57408577019027,-393.57408577019027,0.0,0.0,0.0,2315.9135877388017
2023-08-17,2819.279493154174,2290.213417832844,2618.2922189541696,2819.279493154174,2819.279493154174,0.0,0.0,0.0,0.0,0.0,0.0,0.0,0.0,0.0,0.0,0.0,0.0,0.0,0.0,0.0,0.0,0.0,0.0,0.0,0.0,0.0,0.0,0.0,0.0,0.0,0.0,0.0,0.0,0.0,0.0,0.0,0.0,0.0,0.0,0.0,0.0,0.0,0.0,0.0,0.0,0.0,0.0,0.0,0.0,0.0,0.0,0.0,0.0,-359.16038524243464,-359.16038524243464,-359.16038524243464,0.0,0.0,0.0,54.89693195081145,54.89693195081145,54.89693195081145,-16.877812963953918,-16.877812963953918,-16.877812963953918,-397.17950422929215,-397.17950422929215,-397.17950422929215,0.0,0.0,0.0,2460.1191079117393
2023-08-18,2821.235819829493,2447.6848012818955,2756.270403503545,2821.235819829493,2821.235819829493,0.0,0.0,0.0,0.0,0.0,0.0,0.0,0.0,0.0,0.0,0.0,0.0,0.0,0.0,0.0,0.0,0.0,0.0,0.0,0.0,0.0,0.0,0.0,0.0,0.0,0.0,0.0,0.0,0.0,0.0,0.0,0.0,0.0,0.0,0.0,0.0,0.0,0.0,0.0,0.0,0.0,0.0,0.0,0.0,0.0,0.0,0.0,0.0,-220.3180585828576,-220.3180585828576,-220.3180585828576,0.0,0.0,0.0,28.81678448780166,28.81678448780166,28.81678448780166,151.10859487136668,151.10859487136668,151.10859487136668,-400.24343794202593,-400.24343794202593,-400.24343794202593,0.0,0.0,0.0,2600.917761246635
2023-08-19,2823.192146504811,2461.82789543213,2782.0723792995054,2823.192146504811,2823.192146504811,0.0,0.0,0.0,0.0,0.0,0.0,0.0,0.0,0.0,0.0,0.0,0.0,0.0,0.0,0.0,0.0,0.0,0.0,0.0,0.0,0.0,0.0,0.0,0.0,0.0,0.0,0.0,0.0,0.0,0.0,0.0,0.0,0.0,0.0,0.0,0.0,0.0,0.0,0.0,0.0,0.0,0.0,0.0,0.0,0.0,0.0,0.0,0.0,-200.1899944386046,-200.1899944386046,-200.1899944386046,0.0,0.0,0.0,-7.564570148777773,-7.564570148777773,-7.564570148777773,210.10138936400256,210.10138936400256,210.10138936400256,-402.72681365382937,-402.72681365382937,-402.72681365382937,0.0,0.0,0.0,2623.0021520662062
2023-08-20,2825.1484731801297,2314.159541637883,2632.8353280357087,2825.1484731801297,2825.1484731801297,0.0,0.0,0.0,0.0,0.0,0.0,0.0,0.0,0.0,0.0,0.0,0.0,0.0,0.0,0.0,0.0,0.0,0.0,0.0,0.0,0.0,0.0,0.0,0.0,0.0,0.0,0.0,0.0,0.0,0.0,0.0,0.0,0.0,0.0,0.0,0.0,0.0,0.0,0.0,0.0,0.0,0.0,0.0,0.0,0.0,0.0,0.0,0.0,-355.7070575854888,-355.7070575854888,-355.7070575854888,0.0,0.0,0.0,-50.64080383393905,-50.64080383393905,-50.64080383393905,99.53964739397982,99.53964739397982,99.53964739397982,-404.6059011455297,-404.6059011455297,-404.6059011455297,0.0,0.0,0.0,2469.441415594641
2023-08-21,2827.104799855448,2123.661867241384,2447.7239977364234,2827.104799855448,2827.104799855448,0.0,0.0,0.0,0.0,0.0,0.0,0.0,0.0,0.0,0.0,0.0,0.0,0.0,0.0,0.0,0.0,0.0,0.0,0.0,0.0,0.0,0.0,0.0,0.0,0.0,0.0,0.0,0.0,0.0,0.0,0.0,0.0,0.0,0.0,0.0,0.0,0.0,0.0,0.0,0.0,0.0,0.0,0.0,0.0,0.0,0.0,0.0,0.0,-555.9310308066989,-555.9310308066989,-555.9310308066989,0.0,0.0,0.0,-90.77549481104606,-90.77549481104606,-90.77549481104606,-59.28245221747635,-59.28245221747635,-59.28245221747635,-405.8730837781765,-405.8730837781765,-405.8730837781765,0.0,0.0,0.0,2271.1737690487494
2023-08-22,2829.0611265307666,1936.9460664622216,2259.135598705555,2829.0611265307666,2829.0611265307666,0.0,0.0,0.0,0.0,0.0,0.0,0.0,0.0,0.0,0.0,0.0,0.0,0.0,0.0,0.0,0.0,0.0,0.0,0.0,0.0,0.0,0.0,0.0,0.0,0.0,0.0,0.0,0.0,0.0,0.0,0.0,0.0,0.0,0.0,0.0,0.0,0.0,0.0,0.0,0.0,0.0,0.0,0.0,0.0,0.0,0.0,0.0,0.0,-727.425250140459,-727.425250140459,-727.425250140459,0.0,0.0,0.0,-118.01322984615176,-118.01322984615176,-118.01322984615176,-202.87489051714772,-202.87489051714772,-202.87489051714772,-406.5371297771594,-406.5371297771594,-406.5371297771594,0.0,0.0,0.0,2101.6358763903077
2023-08-23,2831.017453206085,1954.621936705477,2275.6541391625437,2831.017453206085,2831.017453206085,0.0,0.0,0.0,0.0,0.0,0.0,0.0,0.0,0.0,0.0,0.0,0.0,0.0,0.0,0.0,0.0,0.0,0.0,0.0,0.0,0.0,0.0,0.0,0.0,0.0,0.0,0.0,0.0,0.0,0.0,0.0,0.0,0.0,0.0,0.0,0.0,0.0,0.0,0.0,0.0,0.0,0.0,0.0,0.0,0.0,0.0,0.0,0.0,-716.8136005912811,-716.8136005912811,-716.8136005912811,0.0,0.0,0.0,-128.47617154771925,-128.47617154771925,-128.47617154771925,-181.71447593062106,-181.71447593062106,-181.71447593062106,-406.622953112941,-406.622953112941,-406.622953112941,0.0,0.0,0.0,2114.203852614804
2023-08-24,2832.9737798814035,2120.538476091744,2446.635330642262,2832.9737798814035,2832.9737798814035,0.0,0.0,0.0,0.0,0.0,0.0,0.0,0.0,0.0,0.0,0.0,0.0,0.0,0.0,0.0,0.0,0.0,0.0,0.0,0.0,0.0,0.0,0.0,0.0,0.0,0.0,0.0,0.0,0.0,0.0,0.0,0.0,0.0,0.0,0.0,0.0,0.0,0.0,0.0,0.0,0.0,0.0,0.0,0.0,0.0,0.0,0.0,0.0,-549.5313961060534,-549.5313961060534,-549.5313961060534,0.0,0.0,0.0,-126.48271484954037,-126.48271484954037,-126.48271484954037,-16.87781296379666,-16.87781296379666,-16.87781296379666,-406.1708682927164,-406.1708682927164,-406.1708682927164,0.0,0.0,0.0,2283.44238377535
2023-08-25,2834.930106556722,2300.5450938385097,2613.760057761686,2834.930106556722,2834.930106556722,0.0,0.0,0.0,0.0,0.0,0.0,0.0,0.0,0.0,0.0,0.0,0.0,0.0,0.0,0.0,0.0,0.0,0.0,0.0,0.0,0.0,0.0,0.0,0.0,0.0,0.0,0.0,0.0,0.0,0.0,0.0,0.0,0.0,0.0,0.0,0.0,0.0,0.0,0.0,0.0,0.0,0.0,0.0,0.0,0.0,0.0,0.0,0.0,-374.9622834141555,-374.9622834141555,-374.9622834141555,0.0,0.0,0.0,-120.83551949208437,-120.83551949208437,-120.83551949208437,151.1085948714113,151.1085948714113,151.1085948714113,-405.2353587934825,-405.2353587934825,-405.2353587934825,0.0,0.0,0.0,2459.9678231425664
2023-08-26,2836.886433232041,2367.3779981542816,2683.884725960493,2836.886433232041,2836.886433232041,0.0,0.0,0.0,0.0,0.0,0.0,0.0,0.0,0.0,0.0,0.0,0.0,0.0,0.0,0.0,0.0,0.0,0.0,0.0,0.0,0.0,0.0,0.0,0.0,0.0,0.0,0.0,0.0,0.0,0.0,0.0,0.0,0.0,0.0,0.0,0.0,0.0,0.0,0.0,0.0,0.0,0.0,0.0,0.0,0.0,0.0,0.0,0.0,-312.1420203750563,-312.1420203750563,-312.1420203750563,0.0,0.0,0.0,-118.36001595910328,-118.36001595910328,-118.36001595910328,210.10138936413105,210.10138936413105,210.10138936413105,-403.8833937800841,-403.8833937800841,-403.8833937800841,0.0,0.0,0.0,2524.7444128569846
2023-08-27,2838.84275990736,2243.666968028556,2589.2129399753585,2838.84275990736,2838.84275990736,0.0,0.0,0.0,0.0,0.0,0.0,0.0,0.0,0.0,0.0,0.0,0.0,0.0,0.0,0.0,0.0,0.0,0.0,0.0,0.0,0.0,0.0,0.0,0.0,0.0,0.0,0.0,0.0,0.0,0.0,0.0,0.0,0.0,0.0,0.0,0.0,0.0,0.0,0.0,0.0,0.0,0.0,0.0,0.0,0.0,0.0,0.0,0.0,-422.36490376242057,-422.36490376242057,-422.36490376242057,0.0,0.0,0.0,-119.71220944513195,-119.71220944513195,-119.71220944513195,99.53964739387105,99.53964739387105,99.53964739387105,-402.1923417111596,-402.1923417111596,-402.1923417111596,0.0,0.0,0.0,2416.4778561449393
2023-08-28,2840.799086582678,2094.0388021598837,2425.267042508108,2840.799086582678,2840.799086582678,0.0,0.0,0.0,0.0,0.0,0.0,0.0,0.0,0.0,0.0,0.0,0.0,0.0,0.0,0.0,0.0,0.0,0.0,0.0,0.0,0.0,0.0,0.0,0.0,0.0,0.0,0.0,0.0,0.0,0.0,0.0,0.0,0.0,0.0,0.0,0.0,0.0,0.0,0.0,0.0,0.0,0.0,0.0,0.0,0.0,0.0,0.0,0.0,-579.7707879983357,-579.7707879983357,-579.7707879983357,0.0,0.0,0.0,-120.2407937605353,-120.2407937605353,-120.2407937605353,-59.28245221758615,-59.28245221758615,-59.28245221758615,-400.2475420202142,-400.2475420202142,-400.2475420202142,0.0,0.0,0.0,2261.0282985843423
2023-08-29,2842.7554132579967,1968.8747182508585,2278.4343119930477,2842.7554132579967,2842.7554132579967,0.0,0.0,0.0,0.0,0.0,0.0,0.0,0.0,0.0,0.0,0.0,0.0,0.0,0.0,0.0,0.0,0.0,0.0,0.0,0.0,0.0,0.0,0.0,0.0,0.0,0.0,0.0,0.0,0.0,0.0,0.0,0.0,0.0,0.0,0.0,0.0,0.0,0.0,0.0,0.0,0.0,0.0,0.0,0.0,0.0,0.0,0.0,0.0,-715.4583927697698,-715.4583927697698,-715.4583927697698,0.0,0.0,0.0,-114.44389537143718,-114.44389537143718,-114.44389537143718,-202.8748905172321,-202.8748905172321,-202.8748905172321,-398.13960688110035,-398.13960688110035,-398.13960688110035,0.0,0.0,0.0,2127.2970204882267
2023-08-30,2844.7117399333147,2011.88816078331,2332.4024283748163,2844.7117399333147,2844.7117399333147,0.0,0.0,0.0,0.0,0.0,0.0,0.0,0.0,0.0,0.0,0.0,0.0,0.0,0.0,0.0,0.0,0.0,0.0,0.0,0.0,0.0,0.0,0.0,0.0,0.0,0.0,0.0,0.0,0.0,0.0,0.0,0.0,0.0,0.0,0.0,0.0,0.0,0.0,0.0,0.0,0.0,0.0,0.0,0.0,0.0,0.0,0.0,0.0,-677.693645329159,-677.693645329159,-677.693645329159,0.0,0.0,0.0,-100.0176356036502,-100.0176356036502,-100.0176356036502,-181.7144759305558,-181.7144759305558,-181.7144759305558,-395.96153379495314,-395.96153379495314,-395.96153379495314,0.0,0.0,0.0,2167.0180946041555
2023-08-31,2846.6680666086336,2191.729144803626,2530.7913562108174,2846.6680666086336,2846.6680666086336,0.0,0.0,0.0,0.0,0.0,0.0,0.0,0.0,0.0,0.0,0.0,0.0,0.0,0.0,0.0,0.0,0.0,0.0,0.0,0.0,0.0,0.0,0.0,0.0,0.0,0.0,0.0,0.0,0.0,0.0,0.0,0.0,0.0,0.0,0.0,0.0,0.0,0.0,0.0,0.0,0.0,0.0,0.0,0.0,0.0,0.0,0.0,0.0,-489.25082310691363,-489.25082310691363,-489.25082310691363,0.0,0.0,0.0,-78.56729404790097,-78.56729404790097,-78.56729404790097,-16.877812964493025,-16.877812964493025,-16.877812964493025,-393.8057160945197,-393.8057160945197,-393.8057160945197,0.0,0.0,0.0,2357.41724350172
2023-09-01,2848.624393283952,2410.485401981489,2718.0434318779085,2848.624393283952,2848.624393283952,0.0,0.0,0.0,0.0,0.0,0.0,0.0,0.0,0.0,0.0,0.0,0.0,0.0,0.0,0.0,0.0,0.0,0.0,0.0,0.0,0.0,0.0,0.0,0.0,0.0,0.0,0.0,0.0,0.0,0.0,0.0,0.0,0.0,0.0,0.0,0.0,0.0,0.0,0.0,0.0,0.0,0.0,0.0,0.0,0.0,0.0,0.0,0.0,-293.9886409099987,-293.9886409099987,-293.9886409099987,0.0,0.0,0.0,-53.336293532999065,-53.336293532999065,-53.336293532999065,151.10859487153323,151.10859487153323,151.10859487153323,-391.76094224853284,-391.76094224853284,-391.76094224853284,0.0,0.0,0.0,2554.6357523739534
2023-09-02,2850.5807199592705,2481.858502600401,2809.050065120151,2850.5807199592705,2850.5807199592705,0.0,0.0,0.0,0.0,0.0,0.0,0.0,0.0,0.0,0.0,0.0,0.0,0.0,0.0,0.0,0.0,0.0,0.0,0.0,0.0,0.0,0.0,0.0,0.0,0.0,0.0,0.0,0.0,0.0,0.0,0.0,0.0,0.0,0.0,0.0,0.0,0.0,0.0,0.0,0.0,0.0,0.0,0.0,0.0,0.0,0.0,0.0,0.0,-206.4572259573466,-206.4572259573466,-206.4572259573466,0.0,0.0,0.0,-26.64913938855277,-26.64913938855277,-26.64913938855277,210.10138936411278,210.10138936411278,210.10138936411278,-389.9094759329066,-389.9094759329066,-389.9094759329066,0.0,0.0,0.0,2644.123494001924
2023-09-03,2852.537046634589,2401.224714782124,2725.5107320677007,2852.537046634589,2852.537046634589,0.0,0.0,0.0,0.0,0.0,0.0,0.0,0.0,0.0,0.0,0.0,0.0,0.0,0.0,0.0,0.0,0.0,0.0,0.0,0.0,0.0,0.0,0.0,0.0,0.0,0.0,0.0,0.0,0.0,0.0,0.0,0.0,0.0,0.0,0.0,0.0,0.0,0.0,0.0,0.0,0.0,0.0,0.0,0.0,0.0,0.0,0.0,0.0,-288.06187893257095,-288.06187893257095,-288.06187893257095,0.0,0.0,0.0,0.7227808429006425,0.7227808429006425,0.7227808429006425,99.53964739375883,99.53964739375883,99.53964739375883,-388.3243071692304,-388.3243071692304,-388.3243071692304,0.0,0.0,0.0,2564.475167702018
2023-09-04,2854.4933733099074,2315.5404297003242,2652.2944026698688,2854.4933733099074,2854.4933733099074,0.0,0.0,0.0,0.0,0.0,0.0,0.0,0.0,0.0,0.0,0.0,0.0,0.0,0.0,0.0,0.0,0.0,0.0,0.0,0.0,0.0,44.38666092395592,44.38666092395592,44.38666092395592,0.0,0.0,0.0,0.0,0.0,0.0,0.0,0.0,0.0,0.0,0.0,0.0,0.0,0.0,0.0,0.0,0.0,0.0,0.0,0.0,0.0,0.0,0.0,0.0,-373.53859939850076,-373.53859939850076,-373.53859939850076,44.38666092395592,44.38666092395592,44.38666092395592,28.423852341704308,28.423852341704308,28.423852341704308,-59.28245221771954,-59.28245221771954,-59.28245221771954,-387.06666044644146,-387.06666044644146,-387.06666044644146,0.0,0.0,0.0,2480.954773911407
2023-09-05,2856.449699985226,2154.2921137290514,2475.1226881182843,2856.449699985226,2856.449699985226,0.0,0.0,0.0,0.0,0.0,0.0,0.0,0.0,0.0,0.0,0.0,0.0,0.0,0.0,0.0,0.0,0.0,0.0,0.0,0.0,0.0,0.0,0.0,0.0,0.0,0.0,0.0,0.0,0.0,0.0,0.0,0.0,0.0,0.0,0.0,0.0,0.0,0.0,0.0,0.0,0.0,0.0,0.0,0.0,0.0,0.0,0.0,0.0,-533.6315038052868,-533.6315038052868,-533.6315038052868,0.0,0.0,0.0,55.42722546222066,55.42722546222066,55.42722546222066,-202.87489051694365,-202.87489051694365,-202.87489051694365,-386.1838387505639,-386.1838387505639,-386.1838387505639,0.0,0.0,0.0,2322.818196179939
2023-09-06,2858.4060266605447,2207.4633206790536,2533.3842400522667,2858.4060266605447,2858.4060266605447,0.0,0.0,0.0,0.0,0.0,0.0,0.0,0.0,0.0,0.0,0.0,0.0,0.0,0.0,0.0,0.0,0.0,0.0,0.0,0.0,0.0,0.0,0.0,0.0,0.0,0.0,0.0,0.0,0.0,0.0,0.0,0.0,0.0,0.0,0.0,0.0,0.0,0.0,0.0,0.0,0.0,0.0,0.0,0.0,0.0,0.0,0.0,0.0,-487.1465006543918,-487.1465006543918,-487.1465006543918,0.0,0.0,0.0,80.2754482987855,80.2754482987855,80.2754482987855,-181.71447593049058,-181.71447593049058,-181.71447593049058,-385.70747302268666,-385.70747302268666,-385.70747302268666,0.0,0.0,0.0,2371.259526006153
2023-09-07,2860.3623533358636,2392.4222392343786,2718.2275614881596,2860.3623533358636,2860.3623533358636,0.0,0.0,0.0,0.0,0.0,0.0,0.0,0.0,0.0,0.0,0.0,0.0,0.0,0.0,0.0,0.0,0.0,0.0,0.0,0.0,0.0,0.0,0.0,0.0,0.0,0.0,0.0,0.0,0.0,0.0,0.0,0.0,0.0,0.0,0.0,0.0,0.0,0.0,0.0,0.0,0.0,0.0,0.0,0.0,0.0,0.0,0.0,0.0,-300.45627489906406,-300.45627489906406,-300.45627489906406,0.0,0.0,0.0,102.07377307514354,102.07377307514354,102.07377307514354,-16.877812964286644,-16.877812964286644,-16.877812964286644,-385.652235009921,-385.652235009921,-385.652235009921,0.0,0.0,0.0,2559.9060784367994
2023-09-08,2862.3186800111816,2583.1685465127052,2911.115921019482,2862.3186800111816,2862.3186800111816,0.0,0.0,0.0,0.0,0.0,0.0,0.0,0.0,0.0,0.0,0.0,0.0,0.0,0.0,0.0,0.0,0.0,0.0,0.0,0.0,0.0,0.0,0.0,0.0,0.0,0.0,0.0,0.0,0.0,0.0,0.0,0.0,0.0,0.0,0.0,0.0,0.0,0.0,0.0,0.0,0.0,0.0,0.0,0.0,0.0,0.0,0.0,0.0,-114.20959328066635,-114.20959328066635,-114.20959328066635,0.0,0.0,0.0,120.69686994449826,120.69686994449826,120.69686994449826,151.10859487165519,151.10859487165519,151.10859487165519,-386.0150580968198,-386.0150580968198,-386.0150580968198,0.0,0.0,0.0,2748.109086730515
2023-09-09,2864.2750066865005,2654.9374478845807,2989.0447238549077,2864.2750066865005,2864.2750066865005,0.0,0.0,0.0,0.0,0.0,0.0,0.0,0.0,0.0,0.0,0.0,0.0,0.0,0.0,0.0,0.0,0.0,0.0,0.0,0.0,0.0,0.0,0.0,0.0,0.0,0.0,0.0,0.0,0.0,0.0,0.0,0.0,0.0,0.0,0.0,0.0,0.0,0.0,0.0,0.0,0.0,0.0,0.0,0.0,0.0,0.0,0.0,0.0,-40.993721999638,-40.993721999638,-40.993721999638,0.0,0.0,0.0,135.67978452798678,135.67978452798678,135.67978452798678,210.10138936407404,210.10138936407404,210.10138936407404,-386.77489589169875,-386.77489589169875,-386.77489589169875,0.0,0.0,0.0,2823.2812846868624
2023-09-10,2866.231333361819,2546.167816671148,2876.066217760289,2866.231333361819,2866.231333361819,0.0,0.0,0.0,0.0,0.0,0.0,0.0,0.0,0.0,0.0,0.0,0.0,0.0,0.0,0.0,0.0,0.0,0.0,0.0,0.0,0.0,0.0,0.0,0.0,0.0,0.0,0.0,0.0,0.0,0.0,0.0,0.0,0.0,0.0,0.0,0.0,0.0,0.0,0.0,0.0,0.0,0.0,0.0,0.0,0.0,0.0,0.0,0.0,-143.27639093198502,-143.27639093198502,-143.27639093198502,0.0,0.0,0.0,145.0769941952605,145.0769941952605,145.0769941952605,99.53964739364832,99.53964739364832,99.53964739364832,-387.8930325208939,-387.8930325208939,-387.8930325208939,0.0,0.0,0.0,2722.954942429834
2023-09-11,2868.1876600371374,2407.2152677776953,2736.5482581604206,2868.1876600371374,2868.1876600371374,0.0,0.0,0.0,0.0,0.0,0.0,0.0,0.0,0.0,0.0,0.0,0.0,0.0,0.0,0.0,0.0,0.0,0.0,0.0,0.0,0.0,0.0,0.0,0.0,0.0,0.0,0.0,0.0,0.0,0.0,0.0,0.0,0.0,0.0,0.0,0.0,0.0,0.0,0.0,0.0,0.0,0.0,0.0,0.0,0.0,0.0,0.0,0.0,-302.5624536813547,-302.5624536813547,-302.5624536813547,0.0,0.0,0.0,146.0339407544488,146.0339407544488,146.0339407544488,-59.2824522171243,-59.2824522171243,-59.2824522171243,-389.3139422186792,-389.3139422186792,-389.3139422186792,0.0,0.0,0.0,2565.6252063557827
2023-09-12,2870.143986712457,2253.5744460864626,2566.918000712602,2870.143986712457,2870.143986712457,0.0,0.0,0.0,0.0,0.0,0.0,0.0,0.0,0.0,0.0,0.0,0.0,0.0,0.0,0.0,0.0,0.0,0.0,0.0,0.0,0.0,0.0,0.0,0.0,0.0,0.0,0.0,0.0,0.0,0.0,0.0,0.0,0.0,0.0,0.0,0.0,0.0,0.0,0.0,0.0,0.0,0.0,0.0,0.0,0.0,0.0,0.0,0.0,-456.6909075442453,-456.6909075442453,-456.6909075442453,0.0,0.0,0.0,137.15066234294838,137.15066234294838,137.15066234294838,-202.87489051702804,-202.87489051702804,-202.87489051702804,-390.96667937016576,-390.96667937016576,-390.96667937016576,0.0,0.0,0.0,2413.4530791682114
2023-09-13,2872.100313631206,2255.081325618596,2583.8691722058884,2872.100313631206,2872.100313631206,0.0,0.0,0.0,0.0,0.0,0.0,0.0,0.0,0.0,0.0,0.0,0.0,0.0,0.0,0.0,0.0,0.0,0.0,0.0,0.0,0.0,0.0,0.0,0.0,0.0,0.0,0.0,0.0,0.0,0.0,0.0,0.0,0.0,0.0,0.0,0.0,0.0,0.0,0.0,0.0,0.0,0.0,0.0,0.0,0.0,0.0,0.0,0.0,-453.96618359353477,-453.96618359353477,-453.96618359353477,0.0,0.0,0.0,120.51505649175621,120.51505649175621,120.51505649175621,-181.7144759304254,-181.7144759304254,-181.7144759304254,-392.7667641548656,-392.7667641548656,-392.7667641548656,0.0,0.0,0.0,2418.134130037671
2023-09-14,2874.0566405499544,2395.5764310007426,2730.761066260088,2874.0566405499544,2874.0566405499544,0.0,0.0,0.0,0.0,0.0,0.0,0.0,0.0,0.0,0.0,0.0,0.0,0.0,0.0,0.0,0.0,0.0,0.0,0.0,0.0,0.0,0.0,0.0,0.0,0.0,0.0,0.0,0.0,0.0,0.0,0.0,0.0,0.0,0.0,0.0,0.0,0.0,0.0,0.0,0.0,0.0,0.0,0.0,0.0,0.0,0.0,0.0,0.0,-310.51701879993124,-310.51701879993124,-310.51701879993124,0.0,0.0,0.0,100.97930799018309,100.97930799018309,100.97930799018309,-16.877812964178506,-16.877812964178506,-16.877812964178506,-394.61851382593574,-394.61851382593574,-394.61851382593574,0.0,0.0,0.0,2563.5396217500233
2023-09-15,2876.0129674687037,2555.660582865817,2875.626962921316,2876.0129674687037,2876.0129674687037,0.0,0.0,0.0,0.0,0.0,0.0,0.0,0.0,0.0,0.0,0.0,0.0,0.0,0.0,0.0,0.0,0.0,0.0,0.0,0.0,0.0,0.0,0.0,0.0,0.0,0.0,0.0,0.0,0.0,0.0,0.0,0.0,0.0,0.0,0.0,0.0,0.0,0.0,0.0,0.0,0.0,0.0,0.0,0.0,0.0,0.0,0.0,0.0,-162.73680562753995,-162.73680562753995,-162.73680562753995,0.0,0.0,0.0,82.57235539679303,82.57235539679303,82.57235539679303,151.10859487173846,151.10859487173846,151.10859487173846,-396.4177558960714,-396.4177558960714,-396.4177558960714,0.0,0.0,0.0,2713.2761618411637
2023-09-16,2877.9692943874525,2587.8502138030144,2914.4505700252294,2877.9692943874525,2877.9692943874525,0.0,0.0,0.0,0.0,0.0,0.0,0.0,0.0,0.0,0.0,0.0,0.0,0.0,0.0,0.0,0.0,0.0,0.0,0.0,0.0,0.0,0.0,0.0,0.0,0.0,0.0,0.0,0.0,0.0,0.0,0.0,0.0,0.0,0.0,0.0,0.0,0.0,0.0,0.0,0.0,0.0,0.0,0.0,0.0,0.0,0.0,0.0,0.0,-123.04872031854526,-123.04872031854526,-123.04872031854526,0.0,0.0,0.0,64.90473781835429,64.90473781835429,64.90473781835429,210.10138936418207,210.10138936418207,210.10138936418207,-398.05484750108155,-398.05484750108155,-398.05484750108155,0.0,0.0,0.0,2754.920574068907
2023-09-17,2879.9256213062013,2453.5227398468874,2797.73420317869,2879.9256213062013,2879.9256213062013,0.0,0.0,0.0,0.0,0.0,0.0,0.0,0.0,0.0,0.0,0.0,0.0,0.0,0.0,0.0,0.0,0.0,0.0,0.0,0.0,0.0,0.0,0.0,0.0,0.0,0.0,0.0,0.0,0.0,0.0,0.0,0.0,0.0,0.0,0.0,0.0,0.0,0.0,0.0,0.0,0.0,0.0,0.0,0.0,0.0,0.0,0.0,0.0,-256.80614407363913,-256.80614407363913,-256.80614407363913,0.0,0.0,0.0,43.07212387428495,43.07212387428495,43.07212387428495,99.5396473935378,99.5396473935378,99.5396473935378,-399.4179153414619,-399.4179153414619,-399.4179153414619,0.0,0.0,0.0,2623.119477232562
2023-09-18,2881.8819482249505,2272.8282185701305,2584.818065393637,2881.8819482249505,2881.8819482249505,0.0,0.0,0.0,0.0,0.0,0.0,0.0,0.0,0.0,0.0,0.0,0.0,0.0,0.0,0.0,0.0,0.0,0.0,0.0,0.0,0.0,0.0,0.0,0.0,0.0,0.0,0.0,0.0,0.0,0.0,0.0,0.0,0.0,0.0,0.0,0.0,0.0,0.0,0.0,0.0,0.0,0.0,0.0,0.0,0.0,0.0,0.0,0.0,-447.8101620407698,-447.8101620407698,-447.8101620407698,0.0,0.0,0.0,11.868513343156714,11.868513343156714,11.868513343156714,-59.28245221728126,-59.28245221728126,-59.28245221728126,-400.3962231666452,-400.3962231666452,-400.3962231666452,0.0,0.0,0.0,2434.071786184181
2023-09-19,2883.8382751436993,2078.414836149941,2404.944707595198,2883.8382751436993,2883.8382751436993,0.0,0.0,0.0,0.0,0.0,0.0,0.0,0.0,0.0,0.0,0.0,0.0,0.0,0.0,0.0,0.0,0.0,0.0,0.0,0.0,0.0,0.0,0.0,0.0,0.0,0.0,0.0,0.0,0.0,0.0,0.0,0.0,0.0,0.0,0.0,0.0,0.0,0.0,0.0,0.0,0.0,0.0,0.0,0.0,0.0,0.0,0.0,0.0,-632.5351871262743,-632.5351871262743,-632.5351871262743,0.0,0.0,0.0,-28.776727607915934,-28.776727607915934,-28.776727607915934,-202.87489051703085,-202.87489051703085,-202.87489051703085,-400.88356900132766,-400.88356900132766,-400.88356900132766,0.0,0.0,0.0,2251.303088017425
2023-09-20,2885.7946020624486,2074.0606751186683,2384.641972187652,2885.7946020624486,2885.7946020624486,0.0,0.0,0.0,0.0,0.0,0.0,0.0,0.0,0.0,0.0,0.0,0.0,0.0,0.0,0.0,0.0,0.0,0.0,0.0,0.0,0.0,0.0,0.0,0.0,0.0,0.0,0.0,0.0,0.0,0.0,0.0,0.0,0.0,0.0,0.0,0.0,0.0,0.0,0.0,0.0,0.0,0.0,0.0,0.0,0.0,0.0,0.0,0.0,-654.2721695513144,-654.2721695513144,-654.2721695513144,0.0,0.0,0.0,-71.77608124495629,-71.77608124495629,-71.77608124495629,-181.7144759303103,-181.7144759303103,-181.7144759303103,-400.78161237604786,-400.78161237604786,-400.78161237604786,0.0,0.0,0.0,2231.522432511134
2023-09-21,2887.750928981198,2206.7466707866934,2530.309818125552,2887.750928981198,2887.750928981198,0.0,0.0,0.0,0.0,0.0,0.0,0.0,0.0,0.0,0.0,0.0,0.0,0.0,0.0,0.0,0.0,0.0,0.0,0.0,0.0,0.0,0.0,0.0,0.0,0.0,0.0,0.0,0.0,0.0,0.0,0.0,0.0,0.0,0.0,0.0,0.0,0.0,0.0,0.0,0.0,0.0,0.0,0.0,0.0,0.0,0.0,0.0,0.0,-523.3269701803255,-523.3269701803255,-523.3269701803255,0.0,0.0,0.0,-106.44612442307717,-106.44612442307717,-106.44612442307717,-16.87781296402125,-16.87781296402125,-16.87781296402125,-400.003032793227,-400.003032793227,-400.003032793227,0.0,0.0,0.0,2364.4239588008722
2023-09-22,2889.707255899946,2352.295801020501,2681.741830605497,2889.707255899946,2889.707255899946,0.0,0.0,0.0,0.0,0.0,0.0,0.0,0.0,0.0,0.0,0.0,0.0,0.0,0.0,0.0,0.0,0.0,0.0,0.0,0.0,0.0,0.0,0.0,0.0,0.0,0.0,0.0,0.0,0.0,0.0,0.0,0.0,0.0,0.0,0.0,0.0,0.0,0.0,0.0,0.0,0.0,0.0,0.0,0.0,0.0,0.0,0.0,0.0,-372.61134681815656,-372.61134681815656,-372.61134681815656,0.0,0.0,0.0,-125.24551716428725,-125.24551716428725,-125.24551716428725,151.10859487131458,151.10859487131458,151.10859487131458,-398.4744245251838,-398.4744245251838,-398.4744245251838,0.0,0.0,0.0,2517.0959090817896
2023-09-23,2891.6635828186954,2415.225201860577,2736.8913497118015,2891.6635828186954,2891.6635828186954,0.0,0.0,0.0,0.0,0.0,0.0,0.0,0.0,0.0,0.0,0.0,0.0,0.0,0.0,0.0,0.0,0.0,0.0,0.0,0.0,0.0,0.0,0.0,0.0,0.0,0.0,0.0,0.0,0.0,0.0,0.0,0.0,0.0,0.0,0.0,0.0,0.0,0.0,0.0,0.0,0.0,0.0,0.0,0.0,0.0,0.0,0.0,0.0,-314.5540551594655,-314.5540551594655,-314.5540551594655,0.0,0.0,0.0,-128.51660501293202,-128.51660501293202,-128.51660501293202,210.10138936414333,210.10138936414333,210.10138936414333,-396.13883951067686,-396.13883951067686,-396.13883951067686,0.0,0.0,0.0,2577.10952765923
2023-09-24,2893.6199097374442,2321.3756140326427,2631.0630537058414,2893.6199097374442,2893.6199097374442,0.0,0.0,0.0,0.0,0.0,0.0,0.0,0.0,0.0,0.0,0.0,0.0,0.0,0.0,0.0,0.0,0.0,0.0,0.0,0.0,0.0,0.0,0.0,0.0,0.0,0.0,0.0,0.0,0.0,0.0,0.0,0.0,0.0,0.0,0.0,0.0,0.0,0.0,0.0,0.0,0.0,0.0,0.0,0.0,0.0,0.0,0.0,0.0,-416.9897913736252,-416.9897913736252,-416.9897913736252,0.0,0.0,0.0,-123.57153935194317,-123.57153935194317,-123.57153935194317,99.5396473934273,99.5396473934273,99.5396473934273,-392.95789941510947,-392.95789941510947,-392.95789941510947,0.0,0.0,0.0,2476.630118363819
2023-09-25,2895.576236656193,2164.2131525912873,2495.4987194953087,2895.576236656193,2895.576236656193,0.0,0.0,0.0,0.0,0.0,0.0,0.0,0.0,0.0,0.0,0.0,0.0,0.0,0.0,0.0,0.0,0.0,0.0,0.0,0.0,0.0,0.0,0.0,0.0,0.0,0.0,0.0,0.0,0.0,0.0,0.0,0.0,0.0,0.0,0.0,0.0,0.0,0.0,0.0,0.0,0.0,0.0,0.0,0.0,0.0,0.0,0.0,0.0,-567.1960880697119,-567.1960880697119,-567.1960880697119,0.0,0.0,0.0,-119.00022625872025,-119.00022625872025,-119.00022625872025,-59.28245221739106,-59.28245221739106,-59.28245221739106,-388.9134095936005,-388.9134095936005,-388.9134095936005,0.0,0.0,0.0,2328.380148586481
2023-09-26,2897.5325635749423,2035.6193953016882,2356.0540462939007,2897.5325635749423,2897.5325635749423,0.0,0.0,0.0,0.0,0.0,0.0,0.0,0.0,0.0,0.0,0.0,0.0,0.0,0.0,0.0,0.0,0.0,0.0,0.0,0.0,0.0,0.0,0.0,0.0,0.0,0.0,0.0,0.0,0.0,0.0,0.0,0.0,0.0,0.0,0.0,0.0,0.0,0.0,0.0,0.0,0.0,0.0,0.0,0.0,0.0,0.0,0.0,0.0,-705.6508860407603,-705.6508860407603,-705.6508860407603,0.0,0.0,0.0,-118.76757410150483,-118.76757410150483,-118.76757410150483,-202.87489051711523,-202.87489051711523,-202.87489051711523,-384.00842142214015,-384.00842142214015,-384.00842142214015,0.0,0.0,0.0,2191.881677534182
2023-09-27,2899.488890493691,2063.799148984191,2375.4812126476972,2899.488890493691,2899.488890493691,0.0,0.0,0.0,0.0,0.0,0.0,0.0,0.0,0.0,0.0,0.0,0.0,0.0,0.0,0.0,0.0,0.0,0.0,0.0,0.0,0.0,0.0,0.0,0.0,0.0,0.0,0.0,0.0,0.0,0.0,0.0,0.0,0.0,0.0,0.0,0.0,0.0,0.0,0.0,0.0,0.0,0.0,0.0,0.0,0.0,0.0,0.0,0.0,-680.4451936057527,-680.4451936057527,-680.4451936057527,0.0,0.0,0.0,-120.46301282181707,-120.46301282181707,-120.46301282181707,-181.7144759306668,-181.7144759306668,-181.7144759306668,-378.26770485326875,-378.26770485326875,-378.26770485326875,0.0,0.0,0.0,2219.0436968879385
2023-09-28,2901.4452174124403,2234.1416379825064,2560.435691461887,2901.4452174124403,2901.4452174124403,0.0,0.0,0.0,0.0,0.0,0.0,0.0,0.0,0.0,0.0,0.0,0.0,0.0,0.0,0.0,0.0,0.0,0.0,0.0,0.0,0.0,0.0,0.0,0.0,0.0,0.0,0.0,0.0,0.0,0.0,0.0,0.0,0.0,0.0,0.0,0.0,0.0,0.0,0.0,0.0,0.0,0.0,0.0,0.0,0.0,0.0,0.0,0.0,-506.99493153441364,-506.99493153441364,-506.99493153441364,0.0,0.0,0.0,-118.37950889545162,-118.37950889545162,-118.37950889545162,-16.87781296386399,-16.87781296386399,-16.87781296386399,-371.737609675098,-371.737609675098,-371.737609675098,0.0,0.0,0.0,2394.4502858780265
2023-09-29,2903.4015443311896,2414.586919222417,2752.9669565683625,2903.4015443311896,2903.4015443311896,0.0,0.0,0.0,0.0,0.0,0.0,0.0,0.0,0.0,0.0,0.0,0.0,0.0,0.0,0.0,0.0,0.0,0.0,0.0,0.0,0.0,0.0,0.0,0.0,0.0,0.0,0.0,0.0,0.0,0.0,0.0,0.0,0.0,0.0,0.0,0.0,0.0,0.0,0.0,0.0,0.0,0.0,0.0,0.0,0.0,0.0,0.0,0.0,-321.6599187761455,-321.6599187761455,-321.6599187761455,0.0,0.0,0.0,-108.28320231888523,-108.28320231888523,-108.28320231888523,151.10859487135923,151.10859487135923,151.10859487135923,-364.48531132861956,-364.48531132861956,-364.48531132861956,0.0,0.0,0.0,2581.7416255550443
2023-09-30,2905.3578712499384,2510.023009368409,2827.2679977430616,2905.3578712499384,2905.3578712499384,0.0,0.0,0.0,0.0,0.0,0.0,0.0,0.0,0.0,0.0,0.0,0.0,0.0,0.0,0.0,0.0,0.0,0.0,0.0,0.0,0.0,0.0,0.0,0.0,0.0,0.0,0.0,0.0,0.0,0.0,0.0,0.0,0.0,0.0,0.0,0.0,0.0,0.0,0.0,0.0,0.0,0.0,0.0,0.0,0.0,0.0,0.0,0.0,-236.46617469973972,-236.46617469973972,-236.46617469973972,0.0,0.0,0.0,-89.97010929120925,-89.97010929120925,-89.97010929120925,210.10138936414552,210.10138936414552,210.10138936414552,-356.597454772676,-356.597454772676,-356.597454772676,0.0,0.0,0.0,2668.8916965501985
2023-10-01,2907.3141981686877,2437.600359840371,2754.7401272054753,2907.3141981686877,2907.3141981686877,0.0,0.0,0.0,0.0,0.0,0.0,0.0,0.0,0.0,0.0,0.0,0.0,0.0,0.0,0.0,0.0,0.0,0.0,0.0,0.0,0.0,0.0,0.0,0.0,0.0,0.0,0.0,0.0,0.0,0.0,0.0,0.0,0.0,0.0,0.0,0.0,0.0,0.0,0.0,0.0,0.0,0.0,0.0,0.0,0.0,0.0,0.0,0.0,-314.8768977993141,-314.8768977993141,-314.8768977993141,0.0,0.0,0.0,-66.2383179257727,-66.2383179257727,-66.2383179257727,99.53964739331508,99.53964739331508,99.53964739331508,-348.17822726685654,-348.17822726685654,-348.17822726685654,0.0,0.0,0.0,2592.4373003693736
2023-10-02,2909.2705250874365,2298.3723954691886,2628.321849051281,2909.2705250874365,2909.2705250874365,0.0,0.0,0.0,0.0,0.0,0.0,0.0,0.0,0.0,0.0,0.0,0.0,0.0,0.0,0.0,0.0,0.0,0.0,0.0,0.0,0.0,0.0,0.0,0.0,0.0,0.0,0.0,0.0,0.0,0.0,0.0,0.0,0.0,0.0,0.0,0.0,0.0,0.0,0.0,0.0,0.0,0.0,0.0,0.0,0.0,0.0,0.0,0.0,-438.72792644062247,-438.72792644062247,-438.72792644062247,0.0,0.0,0.0,-40.098566655620985,-40.098566655620985,-40.098566655620985,-59.282452217524444,-59.282452217524444,-59.282452217524444,-339.346907567477,-339.346907567477,-339.346907567477,0.0,0.0,0.0,2470.542598646814
2023-10-03,2911.2268520061853,2183.5373295642626,2534.4195540601922,2911.2268520061853,2911.2268520061853,0.0,0.0,0.0,0.0,0.0,0.0,0.0,0.0,0.0,0.0,0.0,0.0,0.0,0.0,0.0,0.0,0.0,0.0,0.0,0.0,0.0,0.0,0.0,0.0,0.0,0.0,0.0,0.0,0.0,0.0,0.0,0.0,0.0,0.0,0.0,0.0,0.0,0.0,0.0,0.0,0.0,0.0,0.0,0.0,0.0,0.0,0.0,0.0,-546.1445343184308,-546.1445343184308,-546.1445343184308,0.0,0.0,0.0,-13.034689386261302,-13.034689386261302,-13.034689386261302,-202.87489051719965,-202.87489051719965,-202.87489051719965,-330.2349544149699,-330.2349544149699,-330.2349544149699,0.0,0.0,0.0,2365.0823176877543
2023-10-04,2913.1831789249345,2275.989870628743,2601.480206288099,2913.1831789249345,2913.1831789249345,0.0,0.0,0.0,0.0,0.0,0.0,0.0,0.0,0.0,0.0,0.0,0.0,0.0,0.0,0.0,0.0,0.0,0.0,0.0,0.0,0.0,0.0,0.0,0.0,0.0,0.0,0.0,0.0,0.0,0.0,0.0,0.0,0.0,0.0,0.0,0.0,0.0,0.0,0.0,0.0,0.0,0.0,0.0,0.0,0.0,0.0,0.0,0.0,-488.12085409383013,-488.12085409383013,-488.12085409383013,0.0,0.0,0.0,14.576332718354108,14.576332718354108,14.576332718354108,-181.71447593055166,-181.71447593055166,-181.71447593055166,-320.9827108816325,-320.9827108816325,-320.9827108816325,0.0,0.0,0.0,2425.0623248311044
2023-10-05,2915.1395058436833,2463.723365665758,2789.611680079604,2915.1395058436833,2915.1395058436833,0.0,0.0,0.0,0.0,0.0,0.0,0.0,0.0,0.0,0.0,0.0,0.0,0.0,0.0,0.0,0.0,0.0,0.0,0.0,0.0,0.0,0.0,0.0,0.0,0.0,0.0,0.0,0.0,0.0,0.0,0.0,0.0,0.0,0.0,0.0,0.0,0.0,0.0,0.0,0.0,0.0,0.0,0.0,0.0,0.0,0.0,0.0,0.0,-286.5081134015706,-286.5081134015706,-286.5081134015706,0.0,0.0,0.0,42.10551230438371,42.10551230438371,42.10551230438371,-16.87781296370673,-16.87781296370673,-16.87781296370673,-311.73581274224756,-311.73581274224756,-311.73581274224756,0.0,0.0,0.0,2628.631392442113
2023-10-06,2917.095832762432,2668.896800183638,2990.267533285517,2917.095832762432,2917.095832762432,0.0,0.0,0.0,0.0,0.0,0.0,0.0,0.0,0.0,0.0,0.0,0.0,0.0,0.0,0.0,0.0,0.0,0.0,0.0,0.0,0.0,0.0,0.0,0.0,0.0,0.0,0.0,0.0,0.0,0.0,0.0,0.0,0.0,0.0,0.0,0.0,0.0,0.0,0.0,0.0,0.0,0.0,0.0,0.0,0.0,0.0,0.0,0.0,-83.33336770464835,-83.33336770464835,-83.33336770464835,0.0,0.0,0.0,68.19943560335443,68.19943560335443,68.19943560335443,151.10859487148116,151.10859487148116,151.10859487148116,-302.641398179484,-302.641398179484,-302.641398179484,0.0,0.0,0.0,2833.7624650577836
2023-10-07,2919.052159681181,2757.4197051348533,3083.889769732278,2919.052159681181,2919.052159681181,0.0,0.0,0.0,0.0,0.0,0.0,0.0,0.0,0.0,0.0,0.0,0.0,0.0,0.0,0.0,0.0,0.0,0.0,0.0,0.0,0.0,0.0,0.0,0.0,0.0,0.0,0.0,0.0,0.0,0.0,0.0,0.0,0.0,0.0,0.0,0.0,0.0,0.0,0.0,0.0,0.0,0.0,0.0,0.0,0.0,0.0,0.0,0.0,7.830863028101429,7.830863028101429,7.830863028101429,0.0,0.0,0.0,91.5736962313248,91.5736962313248,91.5736962313248,210.10138936410675,210.10138936410675,210.10138936410675,-293.84422256733023,-293.84422256733023,-293.84422256733023,0.0,0.0,0.0,2926.883022709282
2023-10-08,2921.00848659993,2693.337596895153,3013.017447380168,2921.00848659993,2921.00848659993,0.0,0.0,0.0,0.0,0.0,0.0,0.0,0.0,0.0,0.0,0.0,0.0,0.0,0.0,0.0,0.0,0.0,0.0,0.0,0.0,0.0,0.0,0.0,0.0,0.0,0.0,0.0,0.0,0.0,0.0,0.0,0.0,0.0,0.0,0.0,0.0,0.0,0.0,0.0,0.0,0.0,0.0,0.0,0.0,0.0,0.0,0.0,0.0,-74.15804529486587,-74.15804529486587,-74.15804529486587,0.0,0.0,0.0,111.78509289802093,111.78509289802093,111.78509289802093,99.53964739381533,99.53964739381533,99.53964739381533,-285.48278558670205,-285.48278558670205,-285.48278558670205,0.0,0.0,0.0,2846.850441305064
2023-10-09,2922.9648135186794,2471.3302667436346,2800.8642647031124,2922.9648135186794,2922.9648135186794,0.0,0.0,0.0,0.0,0.0,0.0,-71.68881778582676,-71.68881778582676,-71.68881778582676,0.0,0.0,0.0,0.0,0.0,0.0,0.0,0.0,0.0,0.0,0.0,0.0,0.0,0.0,0.0,0.0,0.0,0.0,0.0,0.0,0.0,0.0,0.0,0.0,0.0,0.0,0.0,0.0,0.0,0.0,0.0,0.0,0.0,0.0,0.0,0.0,0.0,0.0,0.0,-279.93115688487154,-279.93115688487154,-279.93115688487154,-71.68881778582676,-71.68881778582676,-71.68881778582676,128.72569152098356,128.72569152098356,128.72569152098356,-59.2824522169528,-59.2824522169528,-59.2824522169528,-277.68557840307557,-277.68557840307557,-277.68557840307557,0.0,0.0,0.0,2643.033656633808
2023-10-10,2924.921140437428,2428.0956540397224,2743.8048875113795,2924.921140437428,2924.921140437428,0.0,0.0,0.0,0.0,0.0,0.0,0.0,0.0,0.0,0.0,0.0,0.0,0.0,0.0,0.0,0.0,0.0,0.0,0.0,0.0,0.0,0.0,0.0,0.0,0.0,0.0,0.0,0.0,0.0,0.0,0.0,0.0,0.0,0.0,0.0,0.0,0.0,0.0,0.0,0.0,0.0,0.0,0.0,0.0,0.0,0.0,0.0,0.0,-332.1864572376406,-332.1864572376406,-332.1864572376406,0.0,0.0,0.0,141.25598932786002,141.25598932786002,141.25598932786002,-202.8748905172025,-202.8748905172025,-202.8748905172025,-270.5675560482982,-270.5675560482982,-270.5675560482982,0.0,0.0,0.0,2592.7346831997875
2023-10-11,2926.8774673561775,2476.5058590346725,2787.6763622268036,2926.8774673561775,2926.8774673561775,0.0,0.0,0.0,0.0,0.0,0.0,0.0,0.0,0.0,0.0,0.0,0.0,0.0,0.0,0.0,0.0,0.0,0.0,0.0,0.0,0.0,0.0,0.0,0.0,0.0,0.0,0.0,0.0,0.0,0.0,0.0,0.0,0.0,0.0,0.0,0.0,0.0,0.0,0.0,0.0,0.0,0.0,0.0,0.0,0.0,0.0,0.0,0.0,-299.17670614675706,-299.17670614675706,-299.17670614675706,0.0,0.0,0.0,146.76470433915867,146.76470433915867,146.76470433915867,-181.71447593053634,-181.71447593053634,-181.71447593053634,-264.2269345553793,-264.2269345553793,-264.2269345553793,0.0,0.0,0.0,2627.7007612094203
2023-10-12,2928.8337942749263,2615.5968469819027,2951.2537143802438,2928.8337942749263,2928.8337942749263,0.0,0.0,0.0,0.0,0.0,0.0,0.0,0.0,0.0,0.0,0.0,0.0,0.0,0.0,0.0,0.0,0.0,0.0,0.0,0.0,0.0,0.0,0.0,0.0,0.0,0.0,0.0,0.0,0.0,0.0,0.0,0.0,0.0,0.0,0.0,0.0,0.0,0.0,0.0,0.0,0.0,0.0,0.0,0.0,0.0,0.0,0.0,0.0,-132.83781274952807,-132.83781274952807,-132.83781274952807,0.0,0.0,0.0,142.78240415667375,142.78240415667375,142.78240415667375,-16.877812963598597,-16.877812963598597,-16.877812963598597,-258.7424039426031,-258.7424039426031,-258.7424039426031,0.0,0.0,0.0,2795.9959815253983
2023-10-13,2930.790121193675,2798.0188340895374,3121.6484687150246,2930.790121193675,2930.790121193675,0.0,0.0,0.0,0.0,0.0,0.0,0.0,0.0,0.0,0.0,0.0,0.0,0.0,0.0,0.0,0.0,0.0,0.0,0.0,0.0,0.0,0.0,0.0,0.0,0.0,0.0,0.0,0.0,0.0,0.0,0.0,0.0,0.0,0.0,0.0,0.0,0.0,0.0,0.0,0.0,0.0,0.0,0.0,0.0,0.0,0.0,0.0,0.0,26.468712445399515,26.468712445399515,26.468712445399515,0.0,0.0,0.0,129.5309546363844,129.5309546363844,129.5309546363844,151.10859487105728,151.10859487105728,151.10859487105728,-254.17083706204218,-254.17083706204218,-254.17083706204218,0.0,0.0,0.0,2957.2588336390745
2023-10-14,2932.7464481124243,2845.9394542276914,3167.5432421152154,2932.7464481124243,2932.7464481124243,0.0,0.0,0.0,0.0,0.0,0.0,0.0,0.0,0.0,0.0,0.0,0.0,0.0,0.0,0.0,0.0,0.0,0.0,0.0,0.0,0.0,0.0,0.0,0.0,0.0,0.0,0.0,0.0,0.0,0.0,0.0,0.0,0.0,0.0,0.0,0.0,0.0,0.0,0.0,0.0,0.0,0.0,0.0,0.0,0.0,0.0,0.0,0.0,70.34253008637754,70.34253008637754,70.34253008637754,0.0,0.0,0.0,110.78670164320219,110.78670164320219,110.78670164320219,210.101389364068,210.101389364068,210.101389364068,-250.5455609208927,-250.5455609208927,-250.5455609208927,0.0,0.0,0.0,3003.0889781988017
2023-10-15,2934.702775031173,2712.9173396459837,3043.990365339281,2934.702775031173,2934.702775031173,0.0,0.0,0.0,0.0,0.0,0.0,0.0,0.0,0.0,0.0,0.0,0.0,0.0,0.0,0.0,0.0,0.0,0.0,0.0,0.0,0.0,0.0,0.0,0.0,0.0,0.0,0.0,0.0,0.0,0.0,0.0,0.0,0.0,0.0,0.0,0.0,0.0,0.0,0.0,0.0,0.0,0.0,0.0,0.0,0.0,0.0,0.0,0.0,-56.80465171431267,-56.80465171431267,-56.80465171431267,0.0,0.0,0.0,91.53094261919894,91.53094261919894,91.53094261919894,99.5396473937031,99.5396473937031,99.5396473937031,-247.8752417272147,-247.8752417272147,-247.8752417272147,0.0,0.0,0.0,2877.8981233168606
2023-10-16,2936.6591019499224,2531.551081104459,2868.0369933132165,2936.6591019499224,2936.6591019499224,0.0,0.0,0.0,0.0,0.0,0.0,0.0,0.0,0.0,0.0,0.0,0.0,0.0,0.0,0.0,0.0,0.0,0.0,0.0,0.0,0.0,0.0,0.0,0.0,0.0,0.0,0.0,0.0,0.0,0.0,0.0,0.0,0.0,0.0,0.0,0.0,0.0,0.0,0.0,0.0,0.0,0.0,0.0,0.0,0.0,0.0,0.0,0.0,-231.5468872911117,-231.5468872911117,-231.5468872911117,0.0,0.0,0.0,73.87898296088993,73.87898296088993,73.87898296088993,-59.28245221708619,-59.28245221708619,-59.28245221708619,-246.1434180349154,-246.1434180349154,-246.1434180349154,0.0,0.0,0.0,2705.112214658811
2023-10-17,2938.6154288686716,2379.2326300424675,2713.201522794107,2938.6154288686716,2938.6154288686716,0.0,0.0,0.0,0.0,0.0,0.0,0.0,0.0,0.0,0.0,0.0,0.0,0.0,0.0,0.0,0.0,0.0,0.0,0.0,0.0,0.0,0.0,0.0,0.0,0.0,0.0,0.0,0.0,0.0,0.0,0.0,0.0,0.0,0.0,0.0,0.0,0.0,0.0,0.0,0.0,0.0,0.0,0.0,0.0,0.0,0.0,0.0,0.0,-393.28665700882044,-393.28665700882044,-393.28665700882044,0.0,0.0,0.0,54.89693195081511,54.89693195081511,54.89693195081511,-202.87489051728687,-202.87489051728687,-202.87489051728687,-245.30869844234863,-245.30869844234863,-245.30869844234863,0.0,0.0,0.0,2545.3287718598513
2023-10-18,2940.57175578742,2389.7006680366235,2717.498539631668,2940.57175578742,2940.57175578742,0.0,0.0,0.0,0.0,0.0,0.0,0.0,0.0,0.0,0.0,0.0,0.0,0.0,0.0,0.0,0.0,0.0,0.0,0.0,0.0,0.0,0.0,0.0,0.0,0.0,0.0,0.0,0.0,0.0,0.0,0.0,0.0,0.0,0.0,0.0,0.0,0.0,0.0,0.0,0.0,0.0,0.0,0.0,0.0,0.0,0.0,0.0,0.0,-398.20331328519165,-398.20331328519165,-398.20331328519165,0.0,0.0,0.0,28.81678448780549,28.81678448780549,28.81678448780549,-181.71447593042123,-181.71447593042123,-181.71447593042123,-245.30562184257582,-245.30562184257582,-245.30562184257582,0.0,0.0,0.0,2542.3684425022284
2023-10-19,2942.5280827061692,2503.99556449233,2826.6700659048984,2942.5280827061692,2942.5280827061692,0.0,0.0,0.0,0.0,0.0,0.0,0.0,0.0,0.0,0.0,0.0,0.0,0.0,0.0,0.0,0.0,0.0,0.0,0.0,0.0,0.0,0.0,0.0,0.0,0.0,0.0,0.0,0.0,0.0,0.0,0.0,0.0,0.0,0.0,0.0,0.0,0.0,0.0,0.0,0.0,0.0,0.0,0.0,0.0,0.0,0.0,0.0,0.0,-270.48854286857306,-270.48854286857306,-270.48854286857306,0.0,0.0,0.0,-7.5645701486633365,-7.5645701486633365,-7.5645701486633365,-16.877812964196714,-16.877812964196714,-16.877812964196714,-246.04615975571298,-246.04615975571298,-246.04615975571298,0.0,0.0,0.0,2672.0395398375963
2023-10-20,2944.484409624918,2628.598683495299,2961.4767285617295,2944.484409624918,2944.484409624918,0.0,0.0,0.0,0.0,0.0,0.0,0.0,0.0,0.0,0.0,0.0,0.0,0.0,0.0,0.0,0.0,0.0,0.0,0.0,0.0,0.0,0.0,0.0,0.0,0.0,0.0,0.0,0.0,0.0,0.0,0.0,0.0,0.0,0.0,0.0,0.0,0.0,0.0,0.0,0.0,0.0,0.0,0.0,0.0,0.0,0.0,0.0,0.0,-146.95403128359405,-146.95403128359405,-146.95403128359405,0.0,0.0,0.0,-50.64080383391864,-50.64080383391864,-50.64080383391864,151.1085948711792,151.1085948711792,151.1085948711792,-247.4218223208546,-247.4218223208546,-247.4218223208546,0.0,0.0,0.0,2797.530378341324
2023-10-21,2946.4407365436673,2648.242508931732,2979.184550118639,2946.4407365436673,2946.4407365436673,0.0,0.0,0.0,0.0,0.0,0.0,0.0,0.0,0.0,0.0,0.0,0.0,0.0,0.0,0.0,0.0,0.0,0.0,0.0,0.0,0.0,0.0,0.0,0.0,0.0,0.0,0.0,0.0,0.0,0.0,0.0,0.0,0.0,0.0,0.0,0.0,0.0,0.0,0.0,0.0,0.0,0.0,0.0,0.0,0.0,0.0,0.0,0.0,-129.98041804847094,-129.98041804847094,-129.98041804847094,0.0,0.0,0.0,-90.7754948110396,-90.7754948110396,-90.7754948110396,210.10138936407023,210.10138936407023,210.10138936407023,-249.30631260150156,-249.30631260150156,-249.30631260150156,0.0,0.0,0.0,2816.4603184951966
2023-10-22,2948.3970634624166,2509.537707130028,2833.032766899883,2948.3970634624166,2948.3970634624166,0.0,0.0,0.0,0.0,0.0,0.0,0.0,0.0,0.0,0.0,0.0,0.0,0.0,0.0,0.0,0.0,0.0,0.0,0.0,0.0,0.0,0.0,0.0,0.0,0.0,0.0,0.0,0.0,0.0,0.0,0.0,0.0,0.0,0.0,0.0,0.0,0.0,0.0,0.0,0.0,0.0,0.0,0.0,0.0,0.0,0.0,0.0,0.0,-270.03224090044273,-270.03224090044273,-270.03224090044273,0.0,0.0,0.0,-118.01322984615175,-118.01322984615175,-118.01322984615175,99.53964739359432,99.53964739359432,99.53964739359432,-251.55865844788525,-251.55865844788525,-251.55865844788525,0.0,0.0,0.0,2678.3648225619736
2023-10-23,2950.353390381165,2342.0262183545033,2660.2987414951126,2950.353390381165,2950.353390381165,0.0,0.0,0.0,0.0,0.0,0.0,0.0,0.0,0.0,0.0,0.0,0.0,0.0,0.0,0.0,0.0,0.0,0.0,0.0,0.0,0.0,0.0,0.0,0.0,0.0,0.0,0.0,0.0,0.0,0.0,0.0,0.0,0.0,0.0,0.0,0.0,0.0,0.0,0.0,0.0,0.0,0.0,0.0,0.0,0.0,0.0,0.0,0.0,-441.7853614704199,-441.7853614704199,-441.7853614704199,0.0,0.0,0.0,-128.47617154771814,-128.47617154771814,-128.47617154771814,-59.28245221721957,-59.28245221721957,-59.28245221721957,-254.02673770548228,-254.02673770548228,-254.02673770548228,0.0,0.0,0.0,2508.568028910745
2023-10-24,2952.309717299914,2205.0098891813914,2525.2133104751706,2952.309717299914,2952.309717299914,0.0,0.0,0.0,0.0,0.0,0.0,0.0,0.0,0.0,0.0,0.0,0.0,0.0,0.0,0.0,0.0,0.0,0.0,0.0,0.0,0.0,0.0,0.0,0.0,0.0,0.0,0.0,0.0,0.0,0.0,0.0,0.0,0.0,0.0,0.0,0.0,0.0,0.0,0.0,0.0,0.0,0.0,0.0,0.0,0.0,0.0,0.0,0.0,-585.9087068168839,-585.9087068168839,-585.9087068168839,0.0,0.0,0.0,-126.48271484953014,-126.48271484953014,-126.48271484953014,-202.87489051703915,-202.87489051703915,-202.87489051703915,-256.55110145031466,-256.55110145031466,-256.55110145031466,0.0,0.0,0.0,2366.4010104830304
2023-10-25,2954.266044218663,2242.1288647548245,2550.7501130896,2954.266044218663,2954.266044218663,0.0,0.0,0.0,0.0,0.0,0.0,0.0,0.0,0.0,0.0,0.0,0.0,0.0,0.0,0.0,0.0,0.0,0.0,0.0,0.0,0.0,0.0,0.0,0.0,0.0,0.0,0.0,0.0,0.0,0.0,0.0,0.0,0.0,0.0,0.0,0.0,0.0,0.0,0.0,0.0,0.0,0.0,0.0,0.0,0.0,0.0,0.0,0.0,-561.5189869108044,-561.5189869108044,-561.5189869108044,0.0,0.0,0.0,-120.83551949207137,-120.83551949207137,-120.83551949207137,-181.71447593030618,-181.71447593030618,-181.71447593030618,-258.9689914884269,-258.9689914884269,-258.9689914884269,0.0,0.0,0.0,2392.7470573078585
2023-10-26,2956.2223711092447,2396.4824592153423,2726.324537389452,2956.2223711092447,2956.2223711092447,0.0,0.0,0.0,0.0,0.0,0.0,0.0,0.0,0.0,0.0,0.0,0.0,0.0,0.0,0.0,0.0,0.0,0.0,0.0,0.0,0.0,0.0,0.0,0.0,0.0,0.0,0.0,0.0,0.0,0.0,0.0,0.0,0.0,0.0,0.0,0.0,0.0,0.0,0.0,0.0,0.0,0.0,0.0,0.0,0.0,0.0,0.0,0.0,-396.3562717495686,-396.3562717495686,-396.3562717495686,0.0,0.0,0.0,-118.3600159590997,-118.3600159590997,-118.3600159590997,-16.877812964088584,-16.877812964088584,-16.877812964088584,-261.11844282638015,-261.11844282638015,-261.11844282638015,0.0,0.0,0.0,2559.866099359676
2023-10-27,2958.1786979998274,2574.6732517526434,2887.223508146597,2958.1786979998274,2958.1786979998274,0.0,0.0,0.0,0.0,0.0,0.0,0.0,0.0,0.0,0.0,0.0,0.0,0.0,0.0,0.0,0.0,0.0,0.0,0.0,0.0,0.0,0.0,0.0,0.0,0.0,0.0,0.0,0.0,0.0,0.0,0.0,0.0,0.0,0.0,0.0,0.0,0.0,0.0,0.0,0.0,0.0,0.0,0.0,0.0,0.0,0.0,0.0,0.0,-231.44597393790187,-231.44597393790187,-231.44597393790187,0.0,0.0,0.0,-119.71220944513021,-119.71220944513021,-119.71220944513021,151.1085948712625,151.1085948712625,151.1085948712625,-262.8423593640342,-262.8423593640342,-262.8423593640342,0.0,0.0,0.0,2726.7327240619256
2023-10-28,2960.13502489041,2624.887924721066,2954.002114200758,2960.13502489041,2960.13502489041,0.0,0.0,0.0,0.0,0.0,0.0,0.0,0.0,0.0,0.0,0.0,0.0,0.0,0.0,0.0,0.0,0.0,0.0,0.0,0.0,0.0,0.0,0.0,0.0,0.0,0.0,0.0,0.0,0.0,0.0,0.0,0.0,0.0,0.0,0.0,0.0,0.0,0.0,0.0,0.0,0.0,0.0,0.0,0.0,0.0,0.0,0.0,0.0,-174.1318561518588,-174.1318561518588,-174.1318561518588,0.0,0.0,0.0,-120.24079376053022,-120.24079376053022,-120.24079376053022,210.10138936403146,210.10138936403146,210.10138936403146,-263.9924517553601,-263.9924517553601,-263.9924517553601,0.0,0.0,0.0,2786.0031687385513
2023-10-29,2962.091351780992,2509.1944720724605,2845.747064460064,2962.091351780992,2962.091351780992,0.0,0.0,0.0,0.0,0.0,0.0,0.0,0.0,0.0,0.0,0.0,0.0,0.0,0.0,0.0,0.0,0.0,0.0,0.0,0.0,0.0,0.0,0.0,0.0,0.0,0.0,0.0,0.0,0.0,0.0,0.0,0.0,0.0,0.0,0.0,0.0,0.0,0.0,0.0,0.0,0.0,0.0,0.0,0.0,0.0,0.0,0.0,0.0,-279.33717819157835,-279.33717819157835,-279.33717819157835,0.0,0.0,0.0,-114.44389537144403,-114.44389537144403,-114.44389537144403,99.5396473934821,99.5396473934821,99.5396473934821,-264.4329302136163,-264.4329302136163,-264.4329302136163,0.0,0.0,0.0,2682.7541735894138
2023-10-30,2964.047678671575,2396.0774822900016,2699.0895099435975,2964.047678671575,2964.047678671575,0.0,0.0,0.0,0.0,0.0,0.0,0.0,0.0,0.0,0.0,0.0,0.0,0.0,0.0,0.0,0.0,0.0,0.0,0.0,0.0,0.0,0.0,0.0,0.0,0.0,0.0,0.0,0.0,0.0,0.0,0.0,0.0,0.0,0.0,0.0,0.0,0.0,0.0,0.0,0.0,0.0,0.0,0.0,0.0,0.0,0.0,0.0,0.0,-423.34393971804894,-423.34393971804894,-423.34393971804894,0.0,0.0,0.0,-100.0176356036142,-100.0176356036142,-100.0176356036142,-59.28245221735295,-59.28245221735295,-59.28245221735295,-264.0438518970819,-264.0438518970819,-264.0438518970819,0.0,0.0,0.0,2540.7037389535258
2023-10-31,2966.004005562157,2265.0109291051294,2590.6249167350284,2966.004005562157,2966.004005562157,0.0,0.0,0.0,0.0,0.0,0.0,0.0,0.0,0.0,0.0,0.0,0.0,0.0,0.0,0.0,0.0,0.0,0.0,0.0,0.0,0.0,0.0,0.0,0.0,0.0,0.0,0.0,0.0,0.0,0.0,0.0,0.0,0.0,0.0,0.0,0.0,0.0,0.0,0.0,0.0,0.0,0.0,0.0,0.0,0.0,0.0,0.0,0.0,-544.1662167759342,-544.1662167759342,-544.1662167759342,0.0,0.0,0.0,-78.56729404790798,-78.56729404790798,-78.56729404790798,-202.87489051712356,-202.87489051712356,-202.87489051712356,-262.72403221090275,-262.72403221090275,-262.72403221090275,0.0,0.0,0.0,2421.837788786223
2023-11-01,2967.9603324527397,2320.3373718629136,2639.406475412298,2967.9603324527397,2967.9603324527397,0.0,0.0,0.0,0.0,0.0,0.0,0.0,0.0,0.0,0.0,0.0,0.0,0.0,0.0,0.0,0.0,0.0,0.0,0.0,0.0,0.0,0.0,0.0,0.0,0.0,0.0,0.0,0.0,0.0,0.0,0.0,0.0,0.0,0.0,0.0,0.0,0.0,0.0,0.0,0.0,0.0,0.0,0.0,0.0,0.0,0.0,0.0,0.0,-495.4442110879768,-495.4442110879768,-495.4442110879768,0.0,0.0,0.0,-53.33629353300336,-53.33629353300336,-53.33629353300336,-181.71447593029083,-181.71447593029083,-181.71447593029083,-260.39344162468257,-260.39344162468257,-260.39344162468257,0.0,0.0,0.0,2472.516121364763
2023-11-02,2969.916659343322,2515.2384485684743,2829.58916436724,2969.916659343322,2969.916659343322,0.0,0.0,0.0,0.0,0.0,0.0,0.0,0.0,0.0,0.0,0.0,0.0,0.0,0.0,0.0,0.0,0.0,0.0,0.0,0.0,0.0,0.0,0.0,0.0,0.0,0.0,0.0,0.0,0.0,0.0,0.0,0.0,0.0,0.0,0.0,0.0,0.0,0.0,0.0,0.0,0.0,0.0,0.0,0.0,0.0,0.0,0.0,0.0,-300.5219764396731,-300.5219764396731,-300.5219764396731,0.0,0.0,0.0,-26.649139388565843,-26.649139388565843,-26.649139388565843,-16.877812963882196,-16.877812963882196,-16.877812963882196,-256.99502408722515,-256.99502408722515,-256.99502408722515,0.0,0.0,0.0,2669.394682903649
2023-11-03,2971.8729862339046,2708.589911371837,3034.881221289174,2971.8729862339046,2971.8729862339046,0.0,0.0,0.0,0.0,0.0,0.0,0.0,0.0,0.0,0.0,0.0,0.0,0.0,0.0,0.0,0.0,0.0,0.0,0.0,0.0,0.0,0.0,0.0,0.0,0.0,0.0,0.0,0.0,0.0,0.0,0.0,0.0,0.0,0.0,0.0,0.0,0.0,0.0,0.0,0.0,0.0,0.0,0.0,0.0,0.0,0.0,0.0,0.0,-100.66451369421027,-100.66451369421027,-100.66451369421027,0.0,0.0,0.0,0.7227808428861923,0.7227808428861923,0.7227808428861923,151.10859487134584,151.10859487134584,151.10859487134584,-252.4958894084423,-252.4958894084423,-252.4958894084423,0.0,0.0,0.0,2871.2084725396944
2023-11-04,2973.8293131244873,2794.0321368249897,3128.8769363497204,2973.8293131244873,2973.8293131244873,0.0,0.0,0.0,0.0,0.0,0.0,0.0,0.0,0.0,0.0,0.0,0.0,0.0,0.0,0.0,0.0,0.0,0.0,0.0,0.0,0.0,0.0,0.0,0.0,0.0,0.0,0.0,0.0,0.0,0.0,0.0,0.0,0.0,0.0,0.0,0.0,0.0,0.0,0.0,0.0,0.0,0.0,0.0,0.0,0.0,0.0,0.0,0.0,-8.362607903886648,-8.362607903886648,-8.362607903886648,0.0,0.0,0.0,28.42385234169838,28.42385234169838,28.42385234169838,210.1013893641395,210.1013893641395,210.1013893641395,-246.88784960972455,-246.88784960972455,-246.88784960972455,0.0,0.0,0.0,2965.4667052206005
2023-11-05,2975.7856400150695,2717.7659048980504,3056.2976454751356,2975.7856400150695,2975.7856400150695,0.0,0.0,0.0,0.0,0.0,0.0,0.0,0.0,0.0,0.0,0.0,0.0,0.0,0.0,0.0,0.0,0.0,0.0,0.0,0.0,0.0,0.0,0.0,0.0,0.0,0.0,0.0,0.0,0.0,0.0,0.0,0.0,0.0,0.0,0.0,0.0,0.0,0.0,0.0,0.0,0.0,0.0,0.0,0.0,0.0,0.0,0.0,0.0,-85.22041486008368,-85.22041486008368,-85.22041486008368,0.0,0.0,0.0,55.42722546225058,55.42722546225058,55.42722546225058,99.53964739398405,99.53964739398405,99.53964739398405,-240.1872877163183,-240.1872877163183,-240.1872877163183,0.0,0.0,0.0,2890.565225154986
2023-11-06,2977.7419669056517,2611.6004039166,2926.587074838322,2977.7419669056517,2977.7419669056517,0.0,0.0,0.0,0.0,0.0,0.0,0.0,0.0,0.0,0.0,0.0,0.0,0.0,0.0,0.0,0.0,0.0,0.0,0.0,0.0,0.0,0.0,0.0,0.0,0.0,0.0,0.0,0.0,0.0,0.0,0.0,0.0,0.0,0.0,0.0,0.0,0.0,0.0,0.0,0.0,0.0,0.0,0.0,0.0,0.0,0.0,0.0,0.0,-211.44137016946928,-211.44137016946928,-211.44137016946928,0.0,0.0,0.0,80.27544829878299,80.27544829878299,80.27544829878299,-59.28245221746276,-59.28245221746276,-59.28245221746276,-232.43436625078948,-232.43436625078948,-232.43436625078948,0.0,0.0,0.0,2766.3005967361823
2023-11-07,2979.6982937962343,2503.4331793411034,2816.868985026451,2979.6982937962343,2979.6982937962343,0.0,0.0,0.0,0.0,0.0,0.0,0.0,0.0,0.0,0.0,0.0,0.0,0.0,0.0,0.0,0.0,0.0,0.0,0.0,0.0,0.0,0.0,0.0,0.0,0.0,0.0,0.0,0.0,0.0,0.0,0.0,0.0,0.0,0.0,0.0,0.0,0.0,0.0,0.0,0.0,0.0,0.0,0.0,0.0,0.0,0.0,0.0,0.0,-324.49271869234457,-324.49271869234457,-324.49271869234457,0.0,0.0,0.0,102.07377307513268,102.07377307513268,102.07377307513268,-202.87489051716716,-202.87489051716716,-202.87489051716716,-223.69160125031,-223.69160125031,-223.69160125031,0.0,0.0,0.0,2655.2055751038897
2023-11-08,2981.654620686817,2554.022717299355,2875.884376802455,2981.654620686817,2981.654620686817,0.0,0.0,0.0,0.0,0.0,0.0,0.0,0.0,0.0,0.0,0.0,0.0,0.0,0.0,0.0,0.0,0.0,0.0,0.0,0.0,0.0,0.0,0.0,0.0,0.0,0.0,0.0,0.0,0.0,0.0,0.0,0.0,0.0,0.0,0.0,0.0,0.0,0.0,0.0,0.0,0.0,0.0,0.0,0.0,0.0,0.0,0.0,0.0,-275.05945142579,-275.05945142579,-275.05945142579,0.0,0.0,0.0,120.69686994449302,120.69686994449302,120.69686994449302,-181.71447593017572,-181.71447593017572,-181.71447593017572,-214.0418454401073,-214.0418454401073,-214.0418454401073,0.0,0.0,0.0,2706.595169261027
2023-11-09,2983.610947577399,2732.5306787192962,3062.5573108146177,2983.610947577399,2983.610947577399,0.0,0.0,0.0,0.0,0.0,0.0,0.0,0.0,0.0,0.0,0.0,0.0,0.0,0.0,0.0,0.0,0.0,0.0,0.0,0.0,0.0,0.0,0.0,0.0,0.0,0.0,0.0,0.0,0.0,0.0,0.0,0.0,0.0,0.0,0.0,0.0,0.0,0.0,0.0,0.0,0.0,0.0,0.0,0.0,0.0,0.0,0.0,0.0,-84.78376918171405,-84.78376918171405,-84.78376918171405,0.0,0.0,0.0,135.67978452798073,135.67978452798073,135.67978452798073,-16.877812964578563,-16.877812964578563,-16.877812964578563,-203.5857407451162,-203.5857407451162,-203.5857407451162,0.0,0.0,0.0,2898.827178395685
2023-11-10,2985.567274467982,2930.491270422789,3251.6731136327144,2985.567274467982,2985.567274467982,0.0,0.0,0.0,0.0,0.0,0.0,0.0,0.0,0.0,0.0,0.0,0.0,0.0,0.0,0.0,0.0,0.0,0.0,0.0,0.0,0.0,0.0,0.0,0.0,0.0,0.0,0.0,0.0,0.0,0.0,0.0,0.0,0.0,0.0,0.0,0.0,0.0,0.0,0.0,0.0,0.0,0.0,-3.2835565538563585,-3.2835565538563585,-3.2835565538563585,0.0,0.0,0.0,100.46331737796797,100.46331737796797,100.46331737796797,-3.2835565538563585,-3.2835565538563585,-3.2835565538563585,145.0769941952547,145.0769941952547,145.0769941952547,151.10859487142912,151.10859487142912,151.10859487142912,-192.43871513485945,-192.43871513485945,-192.43871513485945,0.0,0.0,0.0,3086.03059184595
2023-11-11,2987.523601358564,3027.0871286305546,3355.0455249627994,2987.523601358564,2987.523601358564,0.0,0.0,0.0,0.0,0.0,0.0,0.0,0.0,0.0,0.0,0.0,0.0,0.0,0.0,0.0,0.0,0.0,0.0,0.0,0.0,0.0,0.0,0.0,0.0,0.0,0.0,0.0,0.0,0.0,0.0,0.0,0.0,0.0,0.0,0.0,0.0,0.0,0.0,0.0,28.753142494870637,28.753142494870637,28.753142494870637,0.0,0.0,0.0,0.0,0.0,0.0,204.16086116015754,204.16086116015754,204.16086116015754,28.753142494870637,28.753142494870637,28.753142494870637,146.03394075446164,146.03394075446164,146.03394075446164,210.10138936410078,210.10138936410078,210.10138936410078,-180.72761145327553,-180.72761145327553,-180.72761145327553,0.0,0.0,0.0,3191.6844625187214
2023-11-12,2989.4799282491463,2896.903460786521,3213.9458476699733,2989.4799282491463,2989.4799282491463,0.0,0.0,0.0,0.0,0.0,0.0,0.0,0.0,0.0,0.0,0.0,0.0,0.0,0.0,0.0,0.0,0.0,0.0,0.0,0.0,0.0,0.0,0.0,0.0,0.0,0.0,0.0,0.0,0.0,0.0,0.0,0.0,0.0,0.0,0.0,0.0,0.0,0.0,0.0,0.0,0.0,0.0,0.0,0.0,0.0,0.0,0.0,0.0,68.10326371495307,68.10326371495307,68.10326371495307,0.0,0.0,0.0,137.15066234294773,137.15066234294773,137.15066234294773,99.53964739387185,99.53964739387185,99.53964739387185,-168.58704602186648,-168.58704602186648,-168.58704602186648,0.0,0.0,0.0,3057.5831919640996
2023-11-13,2991.436255139729,2729.622193796483,3063.227518090084,2991.436255139729,2991.436255139729,0.0,0.0,0.0,0.0,0.0,0.0,0.0,0.0,0.0,0.0,0.0,0.0,0.0,0.0,0.0,0.0,0.0,0.0,0.0,0.0,0.0,0.0,0.0,0.0,0.0,0.0,0.0,0.0,0.0,0.0,0.0,0.0,0.0,0.0,0.0,0.0,0.0,0.0,0.0,0.0,0.0,0.0,0.0,0.0,0.0,0.0,0.0,0.0,-94.92299785710588,-94.92299785710588,-94.92299785710588,0.0,0.0,0.0,120.5150564917421,120.5150564917421,120.5150564917421,-59.282452217619735,-59.282452217619735,-59.282452217619735,-156.15560213122825,-156.15560213122825,-156.15560213122825,0.0,0.0,0.0,2896.5132572826233
2023-11-14,2993.3925820303116,2589.6962881838713,2897.358832809224,2993.3925820303116,2993.3925820303116,0.0,0.0,0.0,0.0,0.0,0.0,0.0,0.0,0.0,0.0,0.0,0.0,0.0,0.0,0.0,0.0,0.0,0.0,0.0,0.0,0.0,0.0,0.0,0.0,0.0,0.0,0.0,0.0,0.0,0.0,0.0,0.0,0.0,0.0,0.0,0.0,0.0,0.0,0.0,0.0,0.0,0.0,0.0,0.0,0.0,0.0,0.0,0.0,-245.46755037610092,-245.46755037610092,-245.46755037610092,0.0,0.0,0.0,100.97930799020384,100.97930799020384,100.97930799020384,-202.8748905172108,-202.8748905172108,-202.8748905172108,-143.571967849094,-143.571967849094,-143.571967849094,0.0,0.0,0.0,2747.9250316542107
2023-11-15,2995.348908920894,2594.414449394521,2924.736456151672,2995.348908920894,2995.348908920894,0.0,0.0,0.0,0.0,0.0,0.0,0.0,0.0,0.0,0.0,0.0,0.0,0.0,0.0,0.0,0.0,0.0,0.0,0.0,0.0,0.0,0.0,0.0,0.0,0.0,0.0,0.0,0.0,0.0,0.0,0.0,0.0,0.0,0.0,0.0,0.0,0.0,0.0,0.0,0.0,0.0,0.0,0.0,0.0,0.0,0.0,0.0,0.0,-230.11324927541904,-230.11324927541904,-230.11324927541904,0.0,0.0,0.0,82.57235539679952,82.57235539679952,82.57235539679952,-181.71447593053222,-181.71447593053222,-181.71447593053222,-130.97112874168633,-130.97112874168633,-130.97112874168633,0.0,0.0,0.0,2765.2356596454747
2023-11-16,2997.305235811476,2760.5046173262103,3088.837244893263,2997.305235811476,2997.305235811476,0.0,0.0,0.0,0.0,0.0,0.0,0.0,0.0,0.0,0.0,0.0,0.0,0.0,0.0,0.0,0.0,0.0,0.0,0.0,0.0,0.0,0.0,0.0,0.0,0.0,0.0,0.0,0.0,0.0,0.0,0.0,0.0,0.0,0.0,0.0,0.0,0.0,0.0,0.0,0.0,0.0,0.0,0.0,0.0,0.0,0.0,0.0,0.0,-70.45379925468417,-70.45379925468417,-70.45379925468417,0.0,0.0,0.0,64.90473781835776,64.90473781835776,64.90473781835776,-16.877812964421302,-16.877812964421302,-16.877812964421302,-118.48072410862063,-118.48072410862063,-118.48072410862063,0.0,0.0,0.0,2926.8514365567917
2023-11-17,2999.2615627020587,2930.763426262879,3242.700574572435,2999.2615627020587,2999.2615627020587,0.0,0.0,0.0,0.0,0.0,0.0,0.0,0.0,0.0,0.0,0.0,0.0,0.0,0.0,0.0,0.0,0.0,0.0,0.0,0.0,0.0,0.0,0.0,0.0,0.0,0.0,0.0,0.0,0.0,0.0,0.0,0.0,0.0,0.0,0.0,0.0,0.0,0.0,0.0,0.0,0.0,0.0,0.0,0.0,0.0,0.0,0.0,0.0,87.96304852707065,87.96304852707065,87.96304852707065,0.0,0.0,0.0,43.072123874221575,43.072123874221575,43.072123874221575,151.10859487155108,151.10859487155108,151.10859487155108,-106.21767021870194,-106.21767021870194,-106.21767021870194,0.0,0.0,0.0,3087.224611229129
2023-11-18,3001.217889592641,2956.077957284695,3286.6454175888143,3001.217889592641,3001.217889592641,0.0,0.0,0.0,0.0,0.0,0.0,0.0,0.0,0.0,0.0,0.0,0.0,0.0,0.0,0.0,0.0,0.0,0.0,0.0,0.0,0.0,0.0,0.0,0.0,0.0,0.0,0.0,0.0,0.0,0.0,0.0,0.0,0.0,0.0,0.0,0.0,0.0,0.0,0.0,0.0,0.0,0.0,0.0,0.0,0.0,0.0,0.0,0.0,127.6847567439545,127.6847567439545,127.6847567439545,0.0,0.0,0.0,11.868513343149536,11.868513343149536,11.868513343149536,210.10138936408248,210.10138936408248,210.10138936408248,-94.28514596327753,-94.28514596327753,-94.28514596327753,0.0,0.0,0.0,3128.9026463365954
2023-11-19,3003.1742164832235,2842.5023348221507,3150.838481060039,3003.1742164832235,3003.1742164832235,0.0,0.0,0.0,0.0,0.0,0.0,0.0,0.0,0.0,0.0,0.0,0.0,0.0,0.0,0.0,0.0,0.0,0.0,0.0,0.0,0.0,0.0,0.0,0.0,0.0,0.0,0.0,0.0,0.0,0.0,0.0,0.0,0.0,0.0,0.0,0.0,0.0,0.0,0.0,0.0,0.0,0.0,0.0,0.0,0.0,0.0,0.0,0.0,-12.007105754342048,-12.007105754342048,-12.007105754342048,0.0,0.0,0.0,-28.776727607909088,-28.776727607909088,-28.776727607909088,99.53964739375961,99.53964739375961,99.53964739375961,-82.77002554019255,-82.77002554019255,-82.77002554019255,0.0,0.0,0.0,2991.1671107288817
2023-11-20,3005.130543373806,2631.9710360585545,2950.80834765484,3005.130543373806,3005.130543373806,0.0,0.0,0.0,0.0,0.0,0.0,0.0,0.0,0.0,0.0,0.0,0.0,0.0,0.0,0.0,0.0,0.0,0.0,0.0,0.0,0.0,0.0,0.0,0.0,0.0,0.0,0.0,0.0,0.0,0.0,0.0,0.0,0.0,0.0,0.0,0.0,0.0,0.0,0.0,0.0,0.0,0.0,0.0,0.0,0.0,0.0,0.0,0.0,-202.79936302784384,-202.79936302784384,-202.79936302784384,0.0,0.0,0.0,-71.77608124493807,-71.77608124493807,-71.77608124493807,-59.282452217024485,-59.282452217024485,-59.282452217024485,-71.74082956588131,-71.74082956588131,-71.74082956588131,0.0,0.0,0.0,2802.3311803459624
2023-11-21,3007.0868702643884,2464.01992725546,2791.9521062284894,3007.0868702643884,3007.0868702643884,0.0,0.0,0.0,0.0,0.0,0.0,0.0,0.0,0.0,0.0,0.0,0.0,0.0,0.0,0.0,0.0,0.0,0.0,0.0,0.0,0.0,0.0,0.0,0.0,0.0,0.0,0.0,0.0,0.0,0.0,0.0,0.0,0.0,0.0,0.0,0.0,0.0,0.0,0.0,0.0,0.0,0.0,0.0,0.0,0.0,0.0,0.0,0.0,-370.56726570229347,-370.56726570229347,-370.56726570229347,0.0,0.0,0.0,-106.4461244230711,-106.4461244230711,-106.4461244230711,-202.8748905172544,-202.8748905172544,-202.8748905172544,-61.246250761967985,-61.246250761967985,-61.246250761967985,0.0,0.0,0.0,2636.519604562095
2023-11-22,3009.0431971549706,2496.402866070799,2806.355324247308,3009.0431971549706,3009.0431971549706,0.0,0.0,0.0,0.0,0.0,0.0,0.0,0.0,0.0,0.0,0.0,0.0,0.0,0.0,0.0,0.0,0.0,0.0,0.0,0.0,0.0,0.0,0.0,0.0,0.0,0.0,0.0,0.0,0.0,0.0,0.0,0.0,0.0,0.0,0.0,0.0,0.0,0.0,0.0,0.0,0.0,0.0,0.0,0.0,0.0,0.0,0.0,0.0,-358.2742866125207,-358.2742866125207,-358.2742866125207,0.0,0.0,0.0,-125.24551716427601,-125.24551716427601,-125.24551716427601,-181.714475930467,-181.714475930467,-181.714475930467,-51.31429351777773,-51.31429351777773,-51.31429351777773,0.0,0.0,0.0,2650.7689105424497
2023-11-23,3010.999524045553,2507.0380599112937,2826.3157613228063,3010.999524045553,3010.999524045553,0.0,0.0,0.0,0.0,0.0,0.0,0.0,0.0,0.0,0.0,0.0,0.0,0.0,0.0,0.0,0.0,0.0,0.0,0.0,0.0,0.0,0.0,0.0,0.0,0.0,0.0,0.0,0.0,0.0,0.0,0.0,0.0,0.0,0.0,0.0,0.0,-148.4755809062341,-148.4755809062341,-148.4755809062341,0.0,0.0,0.0,0.0,0.0,0.0,0.0,0.0,0.0,-335.8220475630968,-335.8220475630968,-335.8220475630968,-148.4755809062341,-148.4755809062341,-148.4755809062341,-128.51660501292977,-128.51660501292977,-128.51660501292977,-16.877812964313172,-16.877812964313172,-16.877812964313172,-41.952048679619814,-41.952048679619814,-41.952048679619814,0.0,0.0,0.0,2675.177476482456
2023-11-24,3012.9558509361354,2835.5447025610647,3170.0386373188217,3012.9558509361354,3012.9558509361354,0.0,0.0,0.0,0.0,0.0,0.0,0.0,0.0,0.0,0.0,0.0,0.0,0.0,0.0,0.0,0.0,0.0,0.0,0.0,0.0,0.0,0.0,0.0,0.0,0.0,0.0,0.0,0.0,0.0,0.0,0.0,0.0,0.0,0.0,0.0,0.0,0.0,0.0,0.0,0.0,0.0,0.0,0.0,0.0,0.0,0.0,0.0,0.0,-5.609050857303729,-5.609050857303729,-5.609050857303729,0.0,0.0,0.0,-123.57153935194142,-123.57153935194142,-123.57153935194142,151.10859487159573,151.10859487159573,151.10859487159573,-33.146106376958066,-33.146106376958066,-33.146106376958066,0.0,0.0,0.0,3007.3468000788316
2023-11-25,3014.912177826718,2918.4035242320087,3246.5981782063022,3014.912177826718,3014.912177826718,0.0,0.0,0.0,0.0,0.0,0.0,0.0,0.0,0.0,0.0,0.0,0.0,0.0,0.0,0.0,0.0,0.0,0.0,0.0,0.0,0.0,0.0,0.0,0.0,0.0,0.0,0.0,0.0,0.0,0.0,0.0,0.0,0.0,0.0,0.0,0.0,0.0,0.0,0.0,0.0,0.0,0.0,0.0,0.0,0.0,0.0,0.0,0.0,66.23757200551668,66.23757200551668,66.23757200551668,0.0,0.0,0.0,-119.00022625871685,-119.00022625871685,-119.00022625871685,210.1013893640642,210.1013893640642,210.1013893640642,-24.863591099830685,-24.863591099830685,-24.863591099830685,0.0,0.0,0.0,3081.1497498322346
2023-11-26,3016.8685047173003,2807.179773175484,3142.2073875334245,3016.8685047173003,3016.8685047173003,0.0,0.0,0.0,0.0,0.0,0.0,0.0,0.0,0.0,0.0,0.0,0.0,0.0,0.0,0.0,0.0,0.0,0.0,0.0,0.0,0.0,0.0,0.0,0.0,0.0,0.0,0.0,0.0,0.0,0.0,0.0,0.0,0.0,0.0,0.0,0.0,0.0,0.0,0.0,0.0,0.0,0.0,0.0,0.0,0.0,0.0,0.0,0.0,-36.28171183698635,-36.28171183698635,-36.28171183698635,0.0,0.0,0.0,-118.76757410150181,-118.76757410150181,-118.76757410150181,99.53964739365082,99.53964739365082,99.53964739365082,-17.05378512913534,-17.05378512913534,-17.05378512913534,0.0,0.0,0.0,2980.586792880314
2023-11-27,3018.8248316078825,2672.0666741606738,2994.255716439698,3018.8248316078825,3018.8248316078825,0.0,0.0,0.0,0.0,0.0,0.0,0.0,0.0,0.0,0.0,0.0,0.0,0.0,0.0,0.0,0.0,0.0,0.0,0.0,0.0,0.0,0.0,0.0,0.0,0.0,0.0,0.0,0.0,0.0,0.0,0.0,0.0,0.0,0.0,0.0,0.0,0.0,0.0,0.0,0.0,0.0,0.0,0.0,0.0,0.0,0.0,0.0,0.0,-189.39575434950126,-189.39575434950126,-189.39575434950126,0.0,0.0,0.0,-120.46301282181354,-120.46301282181354,-120.46301282181354,-59.282452217157875,-59.282452217157875,-59.282452217157875,-9.650289310529818,-9.650289310529818,-9.650289310529818,0.0,0.0,0.0,2829.4290772583813
2023-11-28,3020.781158498465,2535.6644502857575,2846.545623784553,3020.781158498465,3020.781158498465,0.0,0.0,0.0,0.0,0.0,0.0,0.0,0.0,0.0,0.0,0.0,0.0,0.0,0.0,0.0,0.0,0.0,0.0,0.0,0.0,0.0,0.0,0.0,0.0,0.0,0.0,0.0,0.0,0.0,0.0,0.0,0.0,0.0,0.0,0.0,0.0,0.0,0.0,0.0,0.0,0.0,0.0,0.0,0.0,0.0,0.0,0.0,0.0,-323.82805396292923,-323.82805396292923,-323.82805396292923,0.0,0.0,0.0,-118.37950889545652,-118.37950889545652,-118.37950889545652,-202.87489051733877,-202.87489051733877,-202.87489051733877,-2.5736545501338792,-2.5736545501338792,-2.5736545501338792,0.0,0.0,0.0,2696.953104535536
2023-11-29,3022.7374853890474,2564.087112264485,2899.9284198892688,3022.7374853890474,3022.7374853890474,0.0,0.0,0.0,0.0,0.0,0.0,0.0,0.0,0.0,0.0,0.0,0.0,0.0,0.0,0.0,0.0,0.0,0.0,0.0,0.0,0.0,0.0,0.0,0.0,0.0,0.0,0.0,0.0,0.0,0.0,0.0,0.0,0.0,0.0,0.0,0.0,0.0,0.0,0.0,0.0,0.0,0.0,0.0,0.0,0.0,0.0,0.0,0.0,-285.73208199097604,-285.73208199097604,-285.73208199097604,0.0,0.0,0.0,-108.28320231885887,-108.28320231885887,-108.28320231885887,-181.71447593040182,-181.71447593040182,-181.71447593040182,4.265596258284599,4.265596258284599,4.265596258284599,0.0,0.0,0.0,2737.0054033980714
2023-11-30,3024.69381227963,2778.7233621288538,3092.3510983727306,3024.69381227963,3024.69381227963,0.0,0.0,0.0,0.0,0.0,0.0,0.0,0.0,0.0,0.0,0.0,0.0,0.0,0.0,0.0,0.0,0.0,0.0,0.0,0.0,0.0,0.0,0.0,0.0,0.0,0.0,0.0,0.0,0.0,0.0,0.0,0.0,0.0,0.0,0.0,0.0,0.0,0.0,0.0,0.0,0.0,0.0,0.0,0.0,0.0,0.0,0.0,0.0,-95.88427476354357,-95.88427476354357,-95.88427476354357,0.0,0.0,0.0,-89.97010929122905,-89.97010929122905,-89.97010929122905,-16.87781296420504,-16.87781296420504,-16.87781296420504,10.963647491890507,10.963647491890507,10.963647491890507,0.0,0.0,0.0,2928.8095375160865
2023-12-01,3026.6501391702127,2959.5193680418192,3276.0340420471666,3026.6501391702127,3026.6501391702127,0.0,0.0,0.0,0.0,0.0,0.0,0.0,0.0,0.0,0.0,0.0,0.0,0.0,0.0,0.0,0.0,0.0,0.0,0.0,0.0,0.0,0.0,0.0,0.0,0.0,0.0,0.0,0.0,0.0,0.0,0.0,0.0,0.0,0.0,0.0,0.0,0.0,0.0,0.0,0.0,0.0,0.0,0.0,0.0,0.0,0.0,0.0,0.0,102.49014846933156,102.49014846933156,102.49014846933156,0.0,0.0,0.0,-66.23831792578603,-66.23831792578603,-66.23831792578603,151.10859487121044,151.10859487121044,151.10859487121044,17.619871523907175,17.619871523907175,17.619871523907175,0.0,0.0,0.0,3129.140287639544
2023-12-02,3028.606466060795,3060.7967719056187,3385.3807082781855,3028.606466060795,3028.606466060795,0.0,0.0,0.0,0.0,0.0,0.0,0.0,0.0,0.0,0.0,0.0,0.0,0.0,0.0,0.0,0.0,0.0,0.0,0.0,0.0,0.0,0.0,0.0,0.0,0.0,0.0,0.0,0.0,0.0,0.0,0.0,0.0,0.0,0.0,0.0,0.0,0.0,0.0,0.0,0.0,0.0,0.0,0.0,0.0,0.0,0.0,0.0,0.0,194.33603965329192,194.33603965329192,194.33603965329192,0.0,0.0,0.0,-40.09856665569193,-40.09856665569193,-40.09856665569193,210.10138936419273,210.10138936419273,210.10138936419273,24.333216944791097,24.333216944791097,24.333216944791097,0.0,0.0,0.0,3222.942505714087
2023-12-03,3030.562792951377,2974.0864378585115,3306.4295824477267,3030.562792951377,3030.562792951377,0.0,0.0,0.0,0.0,0.0,0.0,0.0,0.0,0.0,0.0,0.0,0.0,0.0,0.0,0.0,0.0,0.0,0.0,0.0,0.0,0.0,0.0,0.0,0.0,0.0,0.0,0.0,0.0,0.0,0.0,0.0,0.0,0.0,0.0,0.0,0.0,0.0,0.0,0.0,0.0,0.0,0.0,0.0,0.0,0.0,0.0,0.0,0.0,117.70357098616633,117.70357098616633,117.70357098616633,0.0,0.0,0.0,-13.034689386263773,-13.034689386263773,-13.034689386263773,99.5396473935386,99.5396473935386,99.5396473935386,31.198612978891507,31.198612978891507,31.198612978891507,0.0,0.0,0.0,3148.2663639375432
2023-12-04,3032.5191198419598,2863.541142016711,3187.4606787635757,3032.5191198419598,3032.5191198419598,0.0,0.0,0.0,0.0,0.0,0.0,0.0,0.0,0.0,0.0,0.0,0.0,0.0,0.0,0.0,0.0,0.0,0.0,0.0,0.0,0.0,0.0,0.0,0.0,0.0,0.0,0.0,0.0,0.0,0.0,0.0,0.0,0.0,0.0,0.0,0.0,0.0,0.0,0.0,0.0,0.0,0.0,0.0,0.0,0.0,0.0,0.0,0.0,-6.40262118692351,-6.40262118692351,-6.40262118692351,0.0,0.0,0.0,14.576332718337092,14.576332718337092,14.576332718337092,-59.28245221726766,-59.28245221726766,-59.28245221726766,38.30349831200706,38.30349831200706,38.30349831200706,0.0,0.0,0.0,3026.116498655036
2023-12-05,3034.4754467325424,2764.1226070394496,3076.518566406958,3034.4754467325424,3034.4754467325424,0.0,0.0,0.0,0.0,0.0,0.0,0.0,0.0,0.0,0.0,0.0,0.0,0.0,0.0,0.0,0.0,0.0,0.0,0.0,0.0,0.0,0.0,0.0,0.0,0.0,0.0,0.0,0.0,0.0,0.0,0.0,0.0,0.0,0.0,0.0,0.0,0.0,0.0,0.0,0.0,0.0,0.0,0.0,0.0,0.0,0.0,0.0,0.0,-115.04479929115993,-115.04479929115993,-115.04479929115993,0.0,0.0,0.0,42.10551230441005,42.10551230441005,42.10551230441005,-202.8748905173416,-202.8748905173416,-202.8748905173416,45.72457892177167,45.72457892177167,45.72457892177167,0.0,0.0,0.0,2919.4306474413825
2023-12-06,3036.431773623125,2815.897576559361,3129.058337264161,3036.431773623125,3036.431773623125,0.0,0.0,0.0,0.0,0.0,0.0,0.0,0.0,0.0,0.0,0.0,0.0,0.0,0.0,0.0,0.0,0.0,0.0,0.0,0.0,0.0,0.0,0.0,0.0,0.0,0.0,0.0,0.0,0.0,0.0,0.0,0.0,0.0,0.0,0.0,0.0,0.0,0.0,0.0,0.0,0.0,0.0,0.0,0.0,0.0,0.0,0.0,0.0,-59.990127483016714,-59.990127483016714,-59.990127483016714,0.0,0.0,0.0,68.19943560334399,68.19943560334399,68.19943560334399,-181.71447593075828,-181.71447593075828,-181.71447593075828,53.52491284439759,53.52491284439759,53.52491284439759,0.0,0.0,0.0,2976.4416461401083
2023-12-07,3038.3881005137073,3008.0028373890486,3345.36893591449,3038.3881005137073,3038.3881005137073,0.0,0.0,0.0,0.0,0.0,0.0,0.0,0.0,0.0,0.0,0.0,0.0,0.0,0.0,0.0,0.0,0.0,0.0,0.0,0.0,0.0,0.0,0.0,0.0,0.0,0.0,0.0,0.0,0.0,0.0,0.0,0.0,0.0,0.0,0.0,0.0,0.0,0.0,0.0,0.0,0.0,0.0,0.0,0.0,0.0,0.0,0.0,0.0,136.447293580977,136.447293580977,136.447293580977,0.0,0.0,0.0,91.57369623132945,91.57369623132945,91.57369623132945,-16.877812963998654,-16.877812963998654,-16.877812963998654,61.75141031364624,61.75141031364624,61.75141031364624,0.0,0.0,0.0,3174.8353940946845
2023-12-08,3040.0789507673503,3205.49992370259,3532.4631241642296,3040.0789507673503,3040.0789507673503,0.0,0.0,0.0,0.0,0.0,0.0,0.0,0.0,0.0,0.0,0.0,0.0,0.0,0.0,0.0,0.0,0.0,0.0,0.0,0.0,0.0,0.0,0.0,0.0,0.0,0.0,0.0,0.0,0.0,0.0,0.0,0.0,0.0,0.0,0.0,0.0,0.0,0.0,0.0,0.0,0.0,0.0,0.0,0.0,0.0,0.0,0.0,0.0,333.32651341111625,333.32651341111625,333.32651341111625,0.0,0.0,0.0,111.78509289801616,111.78509289801616,111.78509289801616,151.10859487129375,151.10859487129375,151.10859487129375,70.4328256418064,70.4328256418064,70.4328256418064,0.0,0.0,0.0,3373.4054641784664
2023-12-09,3041.769801020994,3296.441674621968,3620.385665103756,3041.769801020994,3041.769801020994,0.0,0.0,0.0,0.0,0.0,0.0,0.0,0.0,0.0,0.0,0.0,0.0,0.0,0.0,0.0,0.0,0.0,0.0,0.0,0.0,0.0,0.0,0.0,0.0,0.0,0.0,0.0,0.0,0.0,0.0,0.0,0.0,0.0,0.0,0.0,0.0,0.0,0.0,0.0,0.0,0.0,0.0,0.0,0.0,0.0,0.0,0.0,0.0,418.40538381601414,418.40538381601414,418.40538381601414,0.0,0.0,0.0,128.72569152097782,128.72569152097782,128.72569152097782,210.101389364154,210.101389364154,210.101389364154,79.57830293088234,79.57830293088234,79.57830293088234,0.0,0.0,0.0,3460.1751848370077
2023-12-10,3043.4606512746373,3226.046679636565,3538.442887131949,3043.4606512746373,3043.4606512746373,0.0,0.0,0.0,0.0,0.0,0.0,0.0,0.0,0.0,0.0,0.0,0.0,0.0,0.0,0.0,0.0,0.0,0.0,0.0,0.0,0.0,0.0,0.0,0.0,0.0,0.0,0.0,0.0,0.0,0.0,0.0,0.0,0.0,0.0,0.0,0.0,0.0,0.0,0.0,0.0,0.0,0.0,0.0,0.0,0.0,0.0,0.0,0.0,329.972158334476,329.972158334476,329.972158334476,0.0,0.0,0.0,141.25598932784771,141.25598932784771,141.25598932784771,99.5396473934281,99.5396473934281,99.5396473934281,89.17652161320021,89.17652161320021,89.17652161320021,0.0,0.0,0.0,3373.432809609113
2023-12-11,3045.1515015282807,3070.5023745196017,3394.6701213509687,3045.1515015282807,3045.1515015282807,0.0,0.0,0.0,0.0,0.0,0.0,0.0,0.0,0.0,0.0,0.0,0.0,0.0,0.0,0.0,0.0,0.0,0.0,0.0,0.0,0.0,0.0,0.0,0.0,0.0,0.0,0.0,0.0,0.0,0.0,0.0,0.0,0.0,0.0,0.0,0.0,0.0,0.0,0.0,0.0,0.0,0.0,0.0,0.0,0.0,0.0,0.0,0.0,186.67772251204735,186.67772251204735,186.67772251204735,0.0,0.0,0.0,146.76470433916063,146.76470433916063,146.76470433916063,-59.28245221737746,-59.28245221737746,-59.28245221737746,99.1954703902642,99.1954703902642,99.1954703902642,0.0,0.0,0.0,3231.829224040328
2023-12-12,3046.8423517819247,2932.9926867052877,3252.2077008178844,3046.8423517819247,3046.8423517819247,0.0,0.0,0.0,0.0,0.0,0.0,0.0,0.0,0.0,0.0,0.0,0.0,0.0,0.0,0.0,0.0,0.0,0.0,0.0,0.0,0.0,0.0,0.0,0.0,0.0,0.0,0.0,0.0,0.0,0.0,0.0,0.0,0.0,0.0,0.0,0.0,0.0,0.0,0.0,0.0,0.0,0.0,0.0,0.0,0.0,0.0,0.0,0.0,49.49037351020331,49.49037351020331,49.49037351020331,0.0,0.0,0.0,142.7824041566823,142.7824041566823,142.7824041566823,-202.87489051713467,-202.87489051713467,-202.87489051713467,109.58285987065565,109.58285987065565,109.58285987065565,0.0,0.0,0.0,3096.332725292128
2023-12-13,3048.5332020355672,2952.395670165439,3273.6373384987405,3048.5332020355672,3048.5332020355672,0.0,0.0,0.0,0.0,0.0,0.0,0.0,0.0,0.0,0.0,0.0,0.0,0.0,0.0,0.0,0.0,0.0,0.0,0.0,0.0,0.0,0.0,0.0,0.0,0.0,0.0,0.0,0.0,0.0,0.0,0.0,0.0,0.0,0.0,0.0,0.0,0.0,0.0,0.0,0.0,0.0,0.0,0.0,0.0,0.0,0.0,0.0,0.0,68.083644329736,68.083644329736,68.083644329736,0.0,0.0,0.0,129.5309546363762,129.5309546363762,129.5309546363762,-181.71447593069306,-181.71447593069306,-181.71447593069306,120.26716562405284,120.26716562405284,120.26716562405284,0.0,0.0,0.0,3116.6168463653034
2023-12-14,3050.224052289211,3126.7770136145987,3430.559630731899,3050.224052289211,3050.224052289211,0.0,0.0,0.0,0.0,0.0,0.0,0.0,0.0,0.0,0.0,0.0,0.0,0.0,0.0,0.0,0.0,0.0,0.0,0.0,0.0,0.0,0.0,0.0,0.0,0.0,0.0,0.0,0.0,0.0,0.0,0.0,0.0,0.0,0.0,0.0,0.0,0.0,0.0,0.0,0.0,0.0,0.0,0.0,0.0,0.0,0.0,0.0,0.0,225.068163688776,225.068163688776,225.068163688776,0.0,0.0,0.0,110.78670164319777,110.78670164319777,110.78670164319777,-16.877812963890523,-16.877812963890523,-16.877812963890523,131.15927500946876,131.15927500946876,131.15927500946876,0.0,0.0,0.0,3275.2922159779873
2023-12-15,3051.9149025428546,3278.792686794958,3603.099314353743,3051.9149025428546,3051.9149025428546,0.0,0.0,0.0,0.0,0.0,0.0,0.0,0.0,0.0,0.0,0.0,0.0,0.0,0.0,0.0,0.0,0.0,0.0,0.0,0.0,0.0,0.0,0.0,0.0,0.0,0.0,0.0,0.0,0.0,0.0,0.0,0.0,0.0,0.0,0.0,0.0,0.0,0.0,0.0,0.0,0.0,0.0,0.0,0.0,0.0,0.0,0.0,0.0,384.79423101449373,384.79423101449373,384.79423101449373,0.0,0.0,0.0,91.53094261919424,91.53094261919424,91.53094261919424,151.10859487141565,151.10859487141565,151.10859487141565,142.15469352388376,142.15469352388376,142.15469352388376,0.0,0.0,0.0,3436.709133557348
2023-12-16,3053.605752796498,3334.972331015704,3656.6543130280916,3053.605752796498,3053.605752796498,0.0,0.0,0.0,0.0,0.0,0.0,0.0,0.0,0.0,0.0,0.0,0.0,0.0,0.0,0.0,0.0,0.0,0.0,0.0,0.0,0.0,0.0,0.0,0.0,0.0,0.0,0.0,0.0,0.0,0.0,0.0,0.0,0.0,0.0,0.0,0.0,0.0,0.0,0.0,0.0,0.0,0.0,0.0,0.0,0.0,0.0,0.0,0.0,437.1166223904569,437.1166223904569,437.1166223904569,0.0,0.0,0.0,73.87898296089477,73.87898296089477,73.87898296089477,210.1013893641357,210.1013893641357,210.1013893641357,153.13625006542634,153.13625006542634,153.13625006542634,0.0,0.0,0.0,3490.722375186955
2023-12-17,3055.2966030501416,3224.5787155624716,3536.4538826387916,3055.2966030501416,3055.2966030501416,0.0,0.0,0.0,0.0,0.0,0.0,0.0,0.0,0.0,0.0,0.0,0.0,0.0,0.0,0.0,0.0,0.0,0.0,0.0,0.0,0.0,0.0,0.0,0.0,0.0,0.0,0.0,0.0,0.0,0.0,0.0,0.0,0.0,0.0,0.0,0.0,0.0,0.0,0.0,0.0,0.0,0.0,0.0,0.0,0.0,0.0,0.0,0.0,318.4138052207119,318.4138052207119,318.4138052207119,0.0,0.0,0.0,54.89693195076297,54.89693195076297,54.89693195076297,99.53964739392833,99.53964739392833,99.53964739392833,163.97722587602058,163.97722587602058,163.97722587602058,0.0,0.0,0.0,3373.7104082708533
2023-12-18,3056.9874533037846,3056.0748470952776,3360.8139200381165,3056.9874533037846,3056.9874533037846,0.0,0.0,0.0,0.0,0.0,0.0,0.0,0.0,0.0,0.0,0.0,0.0,0.0,0.0,0.0,0.0,0.0,0.0,0.0,0.0,0.0,0.0,0.0,0.0,0.0,0.0,0.0,0.0,0.0,0.0,0.0,0.0,0.0,0.0,0.0,0.0,0.0,0.0,0.0,0.0,0.0,0.0,0.0,0.0,0.0,0.0,0.0,0.0,144.07915171753814,144.07915171753814,144.07915171753814,0.0,0.0,0.0,28.816784487808793,28.816784487808793,28.816784487808793,-59.28245221753445,-59.28245221753445,-59.28245221753445,174.54481944726382,174.54481944726382,174.54481944726382,0.0,0.0,0.0,3201.0666050213226
2023-12-19,3058.678303557428,2867.14377823515,3196.727756004651,3058.678303557428,3058.678303557428,0.0,0.0,0.0,0.0,0.0,0.0,0.0,0.0,0.0,0.0,0.0,0.0,0.0,0.0,0.0,0.0,0.0,0.0,0.0,0.0,0.0,0.0,0.0,0.0,0.0,0.0,0.0,0.0,0.0,0.0,0.0,0.0,0.0,0.0,0.0,0.0,0.0,0.0,0.0,0.0,0.0,0.0,0.0,0.0,0.0,0.0,0.0,0.0,-25.735610969942307,-25.735610969942307,-25.735610969942307,0.0,0.0,0.0,-7.5645701486575865,-7.5645701486575865,-7.5645701486575865,-202.87489051713754,-202.87489051713754,-202.87489051713754,184.70384969585282,184.70384969585282,184.70384969585282,0.0,0.0,0.0,3032.942692587486
2023-12-20,3060.3691538110716,2873.8826633715844,3176.0627017569727,3060.3691538110716,3060.3691538110716,0.0,0.0,0.0,0.0,0.0,0.0,0.0,0.0,0.0,0.0,0.0,0.0,0.0,0.0,0.0,0.0,0.0,0.0,0.0,0.0,0.0,0.0,0.0,0.0,0.0,0.0,0.0,0.0,0.0,0.0,0.0,0.0,0.0,0.0,0.0,0.0,0.0,0.0,0.0,0.0,0.0,0.0,0.0,0.0,0.0,0.0,0.0,0.0,-38.03468723849527,-38.03468723849527,-38.03468723849527,0.0,0.0,0.0,-50.64080383392376,-50.64080383392376,-50.64080383392376,-181.71447593057795,-181.71447593057795,-181.71447593057795,194.32059252600646,194.32059252600646,194.32059252600646,0.0,0.0,0.0,3022.3344665725763
2023-12-21,3062.0600040647155,2992.6730105061706,3309.9276454405094,3062.0600040647155,3062.0600040647155,0.0,0.0,0.0,0.0,0.0,0.0,0.0,0.0,0.0,0.0,0.0,0.0,0.0,0.0,0.0,0.0,0.0,0.0,0.0,0.0,0.0,0.0,0.0,0.0,0.0,0.0,0.0,0.0,0.0,0.0,0.0,0.0,0.0,0.0,0.0,0.0,0.0,0.0,0.0,0.0,0.0,0.0,0.0,0.0,0.0,0.0,0.0,0.0,95.61333392745345,95.61333392745345,95.61333392745345,0.0,0.0,0.0,-90.77549481104187,-90.77549481104187,-90.77549481104187,-16.87781296373326,-16.87781296373326,-16.87781296373326,203.26664170222858,203.26664170222858,203.26664170222858,0.0,0.0,0.0,3157.673337992169
2023-12-22,3063.7508543183585,3153.992802823773,3469.752906428447,3063.7508543183585,3063.7508543183585,0.0,0.0,0.0,0.0,0.0,0.0,0.0,0.0,0.0,0.0,0.0,0.0,0.0,0.0,0.0,0.0,0.0,0.0,0.0,0.0,0.0,0.0,0.0,0.0,0.0,0.0,0.0,0.0,0.0,0.0,0.0,0.0,0.0,0.0,0.0,0.0,0.0,0.0,0.0,0.0,0.0,0.0,0.0,0.0,0.0,0.0,0.0,0.0,244.5180489025435,244.5180489025435,244.5180489025435,0.0,0.0,0.0,-118.01322984614467,-118.01322984614467,-118.01322984614467,151.1085948715376,151.1085948715376,151.1085948715376,211.4226838771506,211.4226838771506,211.4226838771506,0.0,0.0,0.0,3308.268903220902
2023-12-23,3065.441704572002,3198.5729218753036,3525.4276653106217,3065.441704572002,3065.441704572002,0.0,0.0,0.0,0.0,0.0,0.0,0.0,0.0,0.0,0.0,0.0,0.0,0.0,0.0,0.0,0.0,0.0,0.0,0.0,0.0,0.0,0.0,0.0,0.0,0.0,0.0,0.0,0.0,0.0,0.0,0.0,0.0,0.0,0.0,0.0,0.0,0.0,0.0,0.0,0.0,0.0,0.0,0.0,0.0,0.0,0.0,0.0,0.0,300.30729749767505,300.30729749767505,300.30729749767505,0.0,0.0,0.0,-128.4761715477374,-128.4761715477374,-128.4761715477374,210.10138936409697,210.10138936409697,210.10138936409697,218.68207968131543,218.68207968131543,218.68207968131543,0.0,0.0,0.0,3365.749002069677
2023-12-24,3067.1325548256455,3108.3326796405363,3421.0871328233434,3067.1325548256455,3067.1325548256455,0.0,0.0,0.0,0.0,0.0,0.0,0.0,0.0,0.0,0.0,0.0,0.0,0.0,0.0,0.0,0.0,0.0,0.0,0.0,0.0,0.0,0.0,0.0,0.0,0.0,0.0,0.0,0.0,0.0,0.0,0.0,0.0,0.0,0.0,0.0,0.0,0.0,0.0,0.0,0.0,0.0,0.0,0.0,0.0,0.0,0.0,0.0,0.0,198.01108047330854,198.01108047330854,198.01108047330854,0.0,0.0,0.0,-126.48271484952913,-126.48271484952913,-126.48271484952913,99.53964739381782,99.53964739381782,99.53964739381782,224.95414792901985,224.95414792901985,224.95414792901985,0.0,0.0,0.0,3265.143635298954
2023-12-25,3068.823405079289,2796.098705474785,3112.8137657294455,3068.823405079289,3068.823405079289,-162.8440719150946,-162.8440719150946,-162.8440719150946,0.0,0.0,0.0,0.0,0.0,0.0,0.0,0.0,0.0,0.0,0.0,0.0,0.0,0.0,0.0,0.0,0.0,0.0,0.0,0.0,0.0,0.0,0.0,0.0,0.0,0.0,0.0,0.0,0.0,0.0,0.0,0.0,0.0,0.0,0.0,0.0,0.0,0.0,0.0,0.0,0.0,0.0,0.0,0.0,0.0,-112.79498555056506,-112.79498555056506,-112.79498555056506,-162.8440719150946,-162.8440719150946,-162.8440719150946,-120.83551949206583,-120.83551949206583,-120.83551949206583,-59.28245221764424,-59.28245221764424,-59.28245221764424,230.16705807423963,230.16705807423963,230.16705807423963,0.0,0.0,0.0,2956.028419528724
2023-12-26,3070.514255332933,2831.770697221876,3149.6023935788116,3070.514255332933,3070.514255332933,0.0,0.0,0.0,0.0,0.0,0.0,0.0,0.0,0.0,0.0,0.0,0.0,0.0,0.0,0.0,0.0,0.0,0.0,0.0,0.0,0.0,0.0,0.0,0.0,0.0,0.0,0.0,0.0,0.0,0.0,0.0,0.0,0.0,0.0,0.0,0.0,0.0,0.0,0.0,0.0,0.0,0.0,0.0,0.0,0.0,0.0,0.0,0.0,-86.9646596433672,-86.9646596433672,-86.9646596433672,0.0,0.0,0.0,-118.3600159590839,-118.3600159590839,-118.3600159590839,-202.8748905172219,-202.8748905172219,-202.8748905172219,234.27024683293868,234.27024683293868,234.27024683293868,0.0,0.0,0.0,2983.5495956895656
2023-12-27,3072.205105586576,2855.0654829995065,3156.2629519783704,3072.205105586576,3072.205105586576,0.0,0.0,0.0,0.0,0.0,0.0,0.0,0.0,0.0,0.0,0.0,0.0,0.0,0.0,0.0,0.0,0.0,0.0,0.0,0.0,0.0,0.0,0.0,0.0,0.0,0.0,0.0,0.0,0.0,0.0,0.0,0.0,0.0,0.0,0.0,0.0,0.0,0.0,0.0,0.0,0.0,0.0,0.0,0.0,0.0,0.0,0.0,0.0,-64.19039731483625,-64.19039731483625,-64.19039731483625,0.0,0.0,0.0,-119.71220944512848,-119.71220944512848,-119.71220944512848,-181.71447593051275,-181.71447593051275,-181.71447593051275,237.23628806080498,237.23628806080498,237.23628806080498,0.0,0.0,0.0,3008.0147082717394
2023-12-28,3073.8959558402194,3017.2162994817486,3333.900522469411,3073.8959558402194,3073.8959558402194,0.0,0.0,0.0,0.0,0.0,0.0,0.0,0.0,0.0,0.0,0.0,0.0,0.0,0.0,0.0,0.0,0.0,0.0,0.0,0.0,0.0,0.0,0.0,0.0,0.0,0.0,0.0,0.0,0.0,0.0,0.0,0.0,0.0,0.0,0.0,0.0,0.0,0.0,0.0,0.0,0.0,0.0,0.0,0.0,0.0,0.0,0.0,0.0,101.94355343738401,101.94355343738401,101.94355343738401,0.0,0.0,0.0,-120.2407937605328,-120.2407937605328,-120.2407937605328,-16.877812964380507,-16.877812964380507,-16.877812964380507,239.06216016229732,239.06216016229732,239.06216016229732,0.0,0.0,0.0,3175.839509277603
2023-12-29,3075.586806093863,3183.950406102722,3513.2958559692106,3075.586806093863,3075.586806093863,0.0,0.0,0.0,0.0,0.0,0.0,0.0,0.0,0.0,0.0,0.0,0.0,0.0,0.0,0.0,0.0,0.0,0.0,0.0,0.0,0.0,0.0,0.0,0.0,0.0,0.0,0.0,0.0,0.0,0.0,0.0,0.0,0.0,0.0,0.0,0.0,0.0,0.0,0.0,0.0,0.0,0.0,0.0,0.0,0.0,0.0,0.0,0.0,276.4345715736354,276.4345715736354,276.4345715736354,0.0,0.0,0.0,-114.44389537142544,-114.44389537142544,-114.44389537142544,151.10859487158226,151.10859487158226,151.10859487158226,239.7698720734786,239.7698720734786,239.7698720734786,0.0,0.0,0.0,3352.021377667498
2023-12-30,3077.2776563475063,3266.1484323469786,3580.904395778773,3077.2776563475063,3077.2776563475063,0.0,0.0,0.0,0.0,0.0,0.0,0.0,0.0,0.0,0.0,0.0,0.0,0.0,0.0,0.0,0.0,0.0,0.0,0.0,0.0,0.0,0.0,0.0,0.0,0.0,0.0,0.0,0.0,0.0,0.0,0.0,0.0,0.0,0.0,0.0,0.0,0.0,0.0,0.0,0.0,0.0,0.0,0.0,0.0,0.0,0.0,0.0,0.0,349.4901804865316,349.4901804865316,349.4901804865316,0.0,0.0,0.0,-100.01763560360928,-100.01763560360928,-100.01763560360928,210.1013893640992,210.1013893640992,210.1013893640992,239.40642672604184,239.40642672604184,239.40642672604184,0.0,0.0,0.0,3426.767836834038
2023-12-31,3078.96850660115,3177.669242026363,3500.408441458676,3078.96850660115,3078.96850660115,0.0,0.0,0.0,0.0,0.0,0.0,0.0,0.0,0.0,0.0,0.0,0.0,0.0,0.0,0.0,0.0,0.0,0.0,0.0,0.0,0.0,0.0,0.0,0.0,0.0,0.0,0.0,0.0,0.0,0.0,0.0,0.0,0.0,0.0,0.0,0.0,0.0,0.0,0.0,0.0,0.0,0.0,0.0,0.0,0.0,0.0,0.0,0.0,259.01547270168476,259.01547270168476,259.01547270168476,0.0,0.0,0.0,-78.56729404790768,-78.56729404790768,-78.56729404790768,99.5396473937056,99.5396473937056,99.5396473937056,238.04311935588683,238.04311935588683,238.04311935588683,0.0,0.0,0.0,3337.9839793028345
2024-01-01,3080.6593568547933,2969.562814569198,3288.1414017096513,3080.6593568547933,3080.6593568547933,0.0,0.0,0.0,0.0,0.0,0.0,0.0,0.0,0.0,0.0,0.0,0.0,0.0,0.0,0.0,0.0,0.0,0.0,0.0,0.0,0.0,0.0,0.0,0.0,0.0,0.0,0.0,0.0,0.0,0.0,-75.4549726625623,-75.4549726625623,-75.4549726625623,0.0,0.0,0.0,0.0,0.0,0.0,0.0,0.0,0.0,0.0,0.0,0.0,0.0,0.0,0.0,47.700468126255096,47.700468126255096,47.700468126255096,-75.4549726625623,-75.4549726625623,-75.4549726625623,-53.33629353302059,-53.33629353302059,-53.33629353302059,-59.28245221777764,-59.28245221777764,-59.28245221777764,235.77418653961564,235.77418653961564,235.77418653961564,0.0,0.0,0.0,3128.3598249810484
2024-01-02,3082.3502071084363,2923.0342330371377,3245.324813551604,3082.3502071084363,3082.3502071084363,0.0,0.0,0.0,0.0,0.0,0.0,0.0,0.0,0.0,0.0,0.0,0.0,0.0,0.0,0.0,0.0,0.0,0.0,0.0,0.0,0.0,0.0,0.0,0.0,0.0,0.0,0.0,0.0,0.0,0.0,0.0,0.0,0.0,0.0,0.0,0.0,0.0,0.0,0.0,0.0,0.0,0.0,0.0,0.0,0.0,0.0,0.0,0.0,3.1908099953013562,3.1908099953013562,3.1908099953013562,0.0,0.0,0.0,-26.649139388561384,-26.649139388561384,-26.649139388561384,-202.8748905169742,-202.8748905169742,-202.8748905169742,232.71483990083698,232.71483990083698,232.71483990083698,0.0,0.0,0.0,3085.5410171037374
2024-01-03,3084.0410573620798,2983.935222873121,3296.3841264806583,3084.0410573620798,3084.0410573620798,0.0,0.0,0.0,0.0,0.0,0.0,0.0,0.0,0.0,0.0,0.0,0.0,0.0,0.0,0.0,0.0,0.0,0.0,0.0,0.0,0.0,0.0,0.0,0.0,0.0,0.0,0.0,0.0,0.0,0.0,0.0,0.0,0.0,0.0,0.0,0.0,0.0,0.0,0.0,0.0,0.0,0.0,0.0,0.0,0.0,0.0,0.0,0.0,48.007040424383774,48.007040424383774,48.007040424383774,0.0,0.0,0.0,0.7227808428961083,0.7227808428961083,0.7227808428961083,-181.71447593039764,-181.71447593039764,-181.71447593039764,228.9987355118853,228.9987355118853,228.9987355118853,0.0,0.0,0.0,3132.0480977864636
2024-01-04,3085.7319076157237,3168.298176288991,3494.9327223472687,3085.7319076157237,3085.7319076157237,0.0,0.0,0.0,0.0,0.0,0.0,0.0,0.0,0.0,0.0,0.0,0.0,0.0,0.0,0.0,0.0,0.0,0.0,0.0,0.0,0.0,0.0,0.0,0.0,0.0,0.0,0.0,0.0,0.0,0.0,0.0,0.0,0.0,0.0,0.0,0.0,0.0,0.0,0.0,0.0,0.0,0.0,0.0,0.0,0.0,0.0,0.0,0.0,236.32098502359702,236.32098502359702,236.32098502359702,0.0,0.0,0.0,28.42385234173814,28.42385234173814,28.42385234173814,-16.87781296422325,-16.87781296422325,-16.87781296422325,224.7749456460821,224.7749456460821,224.7749456460821,0.0,0.0,0.0,3322.052892639321
2024-01-05,3087.4227578693667,3359.7098084710233,3673.3585242591494,3087.4227578693667,3087.4227578693667,0.0,0.0,0.0,0.0,0.0,0.0,0.0,0.0,0.0,0.0,0.0,0.0,0.0,0.0,0.0,0.0,0.0,0.0,0.0,0.0,0.0,0.0,0.0,0.0,0.0,0.0,0.0,0.0,0.0,0.0,0.0,0.0,0.0,0.0,0.0,0.0,0.0,0.0,0.0,0.0,0.0,0.0,0.0,0.0,0.0,0.0,0.0,0.0,426.7403335997499,426.7403335997499,426.7403335997499,0.0,0.0,0.0,55.42722546224612,55.42722546224612,55.42722546224612,151.10859487111972,151.10859487111972,151.10859487111972,220.204513266384,220.204513266384,220.204513266384,0.0,0.0,0.0,3514.163091469117
2024-01-06,3089.1136081230106,3440.2542889055967,3749.8717252890788,3089.1136081230106,3089.1136081230106,0.0,0.0,0.0,0.0,0.0,0.0,0.0,0.0,0.0,0.0,0.0,0.0,0.0,0.0,0.0,0.0,0.0,0.0,0.0,0.0,0.0,0.0,0.0,0.0,0.0,0.0,0.0,0.0,0.0,0.0,0.0,0.0,0.0,0.0,0.0,0.0,0.0,0.0,0.0,0.0,0.0,0.0,0.0,0.0,0.0,0.0,0.0,0.0,505.8335187510374,505.8335187510374,505.8335187510374,0.0,0.0,0.0,80.27544829877672,80.27544829877672,80.27544829877672,210.1013893640604,210.1013893640604,210.1013893640604,215.4566810882002,215.4566810882002,215.4566810882002,0.0,0.0,0.0,3594.947126874048
2024-01-07,3090.8044583766537,3347.473129554488,3662.8995832219935,3090.8044583766537,3090.8044583766537,0.0,0.0,0.0,0.0,0.0,0.0,0.0,0.0,0.0,0.0,0.0,0.0,0.0,0.0,0.0,0.0,0.0,0.0,0.0,0.0,0.0,0.0,0.0,0.0,0.0,0.0,0.0,0.0,0.0,0.0,0.0,0.0,0.0,0.0,0.0,0.0,0.0,0.0,0.0,0.0,0.0,0.0,0.0,0.0,0.0,0.0,0.0,0.0,412.3183163752623,412.3183163752623,412.3183163752623,0.0,0.0,0.0,102.07377307513464,102.07377307513464,102.07377307513464,99.53964739359509,99.53964739359509,99.53964739359509,210.70489590653258,210.70489590653258,210.70489590653258,0.0,0.0,0.0,3503.122774751916
2024-01-08,3092.495308630297,3207.965004590525,3526.620319949352,3092.495308630297,3092.495308630297,0.0,0.0,0.0,0.0,0.0,0.0,0.0,0.0,0.0,0.0,0.0,0.0,0.0,0.0,0.0,0.0,0.0,0.0,0.0,0.0,0.0,0.0,0.0,0.0,0.0,0.0,0.0,0.0,0.0,0.0,0.0,0.0,0.0,0.0,0.0,0.0,0.0,0.0,0.0,0.0,0.0,0.0,0.0,0.0,0.0,0.0,0.0,0.0,267.53711261516804,267.53711261516804,267.53711261516804,0.0,0.0,0.0,120.69686994448891,120.69686994448891,120.69686994448891,-59.28245221720596,-59.28245221720596,-59.28245221720596,206.12269488788522,206.12269488788522,206.12269488788522,0.0,0.0,0.0,3360.0324212454652
2024-01-09,3094.1861588839406,3064.662540821542,3388.681216102138,3094.1861588839406,3094.1861588839406,0.0,0.0,0.0,0.0,0.0,0.0,0.0,0.0,0.0,0.0,0.0,0.0,0.0,0.0,0.0,0.0,0.0,0.0,0.0,0.0,0.0,0.0,0.0,0.0,0.0,0.0,0.0,0.0,0.0,0.0,0.0,0.0,0.0,0.0,0.0,0.0,0.0,0.0,0.0,0.0,0.0,0.0,0.0,0.0,0.0,0.0,0.0,0.0,134.68447754738452,134.68447754738452,134.68447754738452,0.0,0.0,0.0,135.67978452797433,135.67978452797433,135.67978452797433,-202.87489051701783,-202.87489051701783,-202.87489051701783,201.87958353642802,201.87958353642802,201.87958353642802,0.0,0.0,0.0,3228.8706364313252
2024-01-10,3095.877009137584,3094.791510495946,3421.5242594388023,3095.877009137584,3095.877009137584,0.0,0.0,0.0,0.0,0.0,0.0,0.0,0.0,0.0,0.0,0.0,0.0,0.0,0.0,0.0,0.0,0.0,0.0,0.0,0.0,0.0,0.0,0.0,0.0,0.0,0.0,0.0,0.0,0.0,0.0,0.0,0.0,0.0,0.0,0.0,0.0,0.0,0.0,0.0,0.0,0.0,0.0,0.0,0.0,0.0,0.0,0.0,0.0,161.4995332380859,161.4995332380859,161.4995332380859,0.0,0.0,0.0,145.07699419527358,145.07699419527358,145.07699419527358,-181.71447593038232,-181.71447593038232,-181.71447593038232,198.1370149731946,198.1370149731946,198.1370149731946,0.0,0.0,0.0,3257.37654237567
2024-01-11,3097.5678593912276,3250.727323076531,3596.940404169435,3097.5678593912276,3097.5678593912276,0.0,0.0,0.0,0.0,0.0,0.0,0.0,0.0,0.0,0.0,0.0,0.0,0.0,0.0,0.0,0.0,0.0,0.0,0.0,0.0,0.0,0.0,0.0,0.0,0.0,0.0,0.0,0.0,0.0,0.0,0.0,0.0,0.0,0.0,0.0,0.0,0.0,0.0,0.0,0.0,0.0,0.0,0.0,0.0,0.0,0.0,0.0,0.0,324.2007048261166,324.2007048261166,324.2007048261166,0.0,0.0,0.0,146.03394075446036,146.03394075446036,146.03394075446036,-16.877812964115112,-16.877812964115112,-16.877812964115112,195.04457703577137,195.04457703577137,195.04457703577137,0.0,0.0,0.0,3421.768564217344
2024-01-12,3099.2587096448706,3422.1962293752395,3728.394516989299,3099.2587096448706,3099.2587096448706,0.0,0.0,0.0,0.0,0.0,0.0,0.0,0.0,0.0,0.0,0.0,0.0,0.0,0.0,0.0,0.0,0.0,0.0,0.0,0.0,0.0,0.0,0.0,0.0,0.0,0.0,0.0,0.0,0.0,0.0,0.0,0.0,0.0,0.0,0.0,0.0,0.0,0.0,0.0,0.0,0.0,0.0,0.0,0.0,0.0,0.0,0.0,0.0,480.9957448233845,480.9957448233845,480.9957448233845,0.0,0.0,0.0,137.15066234295185,137.15066234295185,137.15066234295185,151.10859487124168,151.10859487124168,151.10859487124168,192.736487609191,192.736487609191,192.736487609191,0.0,0.0,0.0,3580.254454468255
2024-01-13,3100.9495598985145,3457.4564927620663,3782.4740356338884,3100.9495598985145,3100.9495598985145,0.0,0.0,0.0,0.0,0.0,0.0,0.0,0.0,0.0,0.0,0.0,0.0,0.0,0.0,0.0,0.0,0.0,0.0,0.0,0.0,0.0,0.0,0.0,0.0,0.0,0.0,0.0,0.0,0.0,0.0,0.0,0.0,0.0,0.0,0.0,0.0,0.0,0.0,0.0,0.0,0.0,0.0,0.0,0.0,0.0,0.0,0.0,0.0,521.9449355825523,521.9449355825523,521.9449355825523,0.0,0.0,0.0,120.51505649176235,120.51505649176235,120.51505649176235,210.10138936416843,210.10138936416843,210.10138936416843,191.32848972662146,191.32848972662146,191.32848972662146,0.0,0.0,0.0,3622.8944954810668
2024-01-14,3102.6404101521575,3336.026585538009,3649.74804263496,3102.6404101521575,3102.6404101521575,0.0,0.0,0.0,0.0,0.0,0.0,0.0,0.0,0.0,0.0,0.0,0.0,0.0,0.0,0.0,0.0,0.0,0.0,0.0,0.0,0.0,0.0,0.0,0.0,0.0,0.0,0.0,0.0,0.0,0.0,0.0,0.0,0.0,0.0,0.0,0.0,0.0,0.0,0.0,0.0,0.0,0.0,0.0,0.0,0.0,0.0,0.0,0.0,391.4341819757639,391.4341819757639,391.4341819757639,0.0,0.0,0.0,100.9793079902128,100.9793079902128,100.9793079902128,99.53964739348287,99.53964739348287,99.53964739348287,190.91522659206822,190.91522659206822,190.91522659206822,0.0,0.0,0.0,3494.0745921279213
2024-01-15,3104.3312604058015,3200.5365600990845,3537.3249513865167,3104.3312604058015,3104.3312604058015,0.0,0.0,0.0,0.0,0.0,0.0,0.0,0.0,0.0,0.0,0.0,0.0,0.0,0.0,0.0,0.0,0.0,0.0,0.0,0.0,0.0,0.0,0.0,0.0,50.75768893278906,50.75768893278906,50.75768893278906,0.0,0.0,0.0,0.0,0.0,0.0,0.0,0.0,0.0,0.0,0.0,0.0,0.0,0.0,0.0,0.0,0.0,0.0,0.0,0.0,0.0,265.6157552247338,265.6157552247338,265.6157552247338,50.75768893278906,50.75768893278906,50.75768893278906,82.5723553968427,82.5723553968427,82.5723553968427,-59.28245221733935,-59.28245221733935,-59.28245221733935,191.5681631124413,191.5681631124413,191.5681631124413,0.0,0.0,0.0,3369.947015630535
2024-01-16,3106.022110659445,2996.603624789357,3328.35572177718,3106.022110659445,3106.022110659445,0.0,0.0,0.0,0.0,0.0,0.0,0.0,0.0,0.0,0.0,0.0,0.0,0.0,0.0,0.0,0.0,0.0,0.0,0.0,0.0,0.0,0.0,0.0,0.0,0.0,0.0,0.0,0.0,0.0,0.0,0.0,0.0,0.0,0.0,0.0,0.0,0.0,0.0,0.0,0.0,0.0,0.0,0.0,0.0,0.0,0.0,0.0,0.0,55.36395247947851,55.36395247947851,55.36395247947851,0.0,0.0,0.0,64.90473781830795,64.90473781830795,64.90473781830795,-202.87489051706146,-202.87489051706146,-202.87489051706146,193.33410517823194,193.33410517823194,193.33410517823194,0.0,0.0,0.0,3161.3860631389234
2024-01-17,3107.712960913088,2999.7421591590623,3322.783080263854,3107.712960913088,3107.712960913088,0.0,0.0,0.0,0.0,0.0,0.0,0.0,0.0,0.0,0.0,0.0,0.0,0.0,0.0,0.0,0.0,0.0,0.0,0.0,0.0,0.0,0.0,0.0,0.0,0.0,0.0,0.0,0.0,0.0,0.0,0.0,0.0,0.0,0.0,0.0,0.0,0.0,0.0,0.0,0.0,0.0,0.0,0.0,0.0,0.0,0.0,0.0,0.0,57.591999188945294,57.591999188945294,57.591999188945294,0.0,0.0,0.0,43.0721238742122,43.0721238742122,43.0721238742122,-181.71447593026724,-181.71447593026724,-181.71447593026724,196.23435124500034,196.23435124500034,196.23435124500034,0.0,0.0,0.0,3165.3049601020334
2024-01-18,3109.403811166732,3142.485193657989,3460.996696751362,3109.403811166732,3109.403811166732,0.0,0.0,0.0,0.0,0.0,0.0,0.0,0.0,0.0,0.0,0.0,0.0,0.0,0.0,0.0,0.0,0.0,0.0,0.0,0.0,0.0,0.0,0.0,0.0,0.0,0.0,0.0,0.0,0.0,0.0,0.0,0.0,0.0,0.0,0.0,0.0,0.0,0.0,0.0,0.0,0.0,0.0,0.0,0.0,0.0,0.0,0.0,0.0,195.25519360239224,195.25519360239224,195.25519360239224,0.0,0.0,0.0,11.868513343156328,11.868513343156328,11.868513343156328,-16.877812963957854,-16.877812963957854,-16.877812963957854,200.26449322319377,200.26449322319377,200.26449322319377,0.0,0.0,0.0,3304.6590047691243
2024-01-19,3111.094661420375,3282.5127631772093,3594.797533941222,3111.094661420375,3111.094661420375,0.0,0.0,0.0,0.0,0.0,0.0,0.0,0.0,0.0,0.0,0.0,0.0,0.0,0.0,0.0,0.0,0.0,0.0,0.0,0.0,0.0,0.0,0.0,0.0,0.0,0.0,0.0,0.0,0.0,0.0,0.0,0.0,0.0,0.0,0.0,0.0,0.0,0.0,0.0,0.0,0.0,0.0,0.0,0.0,0.0,0.0,0.0,0.0,327.7267330468207,327.7267330468207,327.7267330468207,0.0,0.0,0.0,-28.77672760791184,-28.77672760791184,-28.77672760791184,151.1085948713636,151.1085948713636,151.1085948713636,205.39486578336886,205.39486578336886,205.39486578336886,0.0,0.0,0.0,3438.8213944671957
2024-01-20,3112.785511674019,3287.3464172063277,3624.4270496482445,3112.785511674019,3112.785511674019,0.0,0.0,0.0,0.0,0.0,0.0,0.0,0.0,0.0,0.0,0.0,0.0,0.0,0.0,0.0,0.0,0.0,0.0,0.0,0.0,0.0,0.0,0.0,0.0,0.0,0.0,0.0,0.0,0.0,0.0,0.0,0.0,0.0,0.0,0.0,0.0,0.0,0.0,0.0,0.0,0.0,0.0,0.0,0.0,0.0,0.0,0.0,0.0,349.8969335583232,349.8969335583232,349.8969335583232,0.0,0.0,0.0,-71.776081244943,-71.776081244943,-71.776081244943,210.10138936415018,210.10138936415018,210.10138936415018,211.57162543911602,211.57162543911602,211.57162543911602,0.0,0.0,0.0,3462.682445232342
2024-01-21,3114.4763619276623,3166.539593173708,3493.2589543013605,3114.4763619276623,3114.4763619276623,0.0,0.0,0.0,0.0,0.0,0.0,0.0,0.0,0.0,0.0,0.0,0.0,0.0,0.0,0.0,0.0,0.0,0.0,0.0,0.0,0.0,0.0,0.0,0.0,0.0,0.0,0.0,0.0,0.0,0.0,0.0,0.0,0.0,0.0,0.0,0.0,0.0,0.0,0.0,0.0,0.0,0.0,0.0,0.0,0.0,0.0,0.0,0.0,211.81194665289144,211.81194665289144,211.81194665289144,0.0,0.0,0.0,-106.44612442306295,-106.44612442306295,-106.44612442306295,99.53964739337411,99.53964739337411,99.53964739337411,218.7184236825802,218.7184236825802,218.7184236825802,0.0,0.0,0.0,3326.288308580554
2024-01-22,3116.1672121813053,2990.9933767480593,3316.645959027997,3116.1672121813053,3116.1672121813053,0.0,0.0,0.0,0.0,0.0,0.0,0.0,0.0,0.0,0.0,0.0,0.0,0.0,0.0,0.0,0.0,0.0,0.0,0.0,0.0,0.0,0.0,0.0,0.0,0.0,0.0,0.0,0.0,0.0,0.0,0.0,0.0,0.0,0.0,0.0,0.0,0.0,0.0,0.0,0.0,0.0,0.0,0.0,0.0,0.0,0.0,0.0,0.0,42.21065311907116,42.21065311907116,42.21065311907116,0.0,0.0,0.0,-125.2455171643192,-125.2455171643192,-125.2455171643192,-59.28245221747274,-59.28245221747274,-59.28245221747274,226.73862250086304,226.73862250086304,226.73862250086304,0.0,0.0,0.0,3158.3778653003765
2024-01-23,3117.858062434949,2857.406235724787,3182.742511858286,3117.858062434949,3117.858062434949,0.0,0.0,0.0,0.0,0.0,0.0,0.0,0.0,0.0,0.0,0.0,0.0,0.0,0.0,0.0,0.0,0.0,0.0,0.0,0.0,0.0,0.0,0.0,0.0,0.0,0.0,0.0,0.0,0.0,0.0,0.0,0.0,0.0,0.0,0.0,0.0,0.0,0.0,0.0,0.0,0.0,0.0,0.0,0.0,0.0,0.0,0.0,0.0,-95.8735092913877,-95.8735092913877,-95.8735092913877,0.0,0.0,0.0,-128.51660501294023,-128.51660501294023,-128.51660501294023,-202.87489051714581,-202.87489051714581,-202.87489051714581,235.5179862386984,235.5179862386984,235.5179862386984,0.0,0.0,0.0,3021.9845531435612
2024-01-24,3119.5489126885923,2896.003391864698,3215.9784554289176,3119.5489126885923,3119.5489126885923,0.0,0.0,0.0,0.0,0.0,0.0,0.0,0.0,0.0,0.0,0.0,0.0,0.0,0.0,0.0,0.0,0.0,0.0,0.0,0.0,0.0,0.0,0.0,0.0,0.0,0.0,0.0,0.0,0.0,0.0,0.0,0.0,0.0,0.0,0.0,0.0,0.0,0.0,0.0,0.0,0.0,0.0,0.0,0.0,0.0,0.0,0.0,0.0,-60.35824388868726,-60.35824388868726,-60.35824388868726,0.0,0.0,0.0,-123.57153935193965,-123.57153935193965,-123.57153935193965,-181.7144759306237,-181.7144759306237,-181.7144759306237,244.92777139387613,244.92777139387613,244.92777139387613,0.0,0.0,0.0,3059.190668799905
2024-01-25,3121.2397629422358,3083.29958317501,3406.23672507329,3121.2397629422358,3121.2397629422358,0.0,0.0,0.0,0.0,0.0,0.0,0.0,0.0,0.0,0.0,0.0,0.0,0.0,0.0,0.0,0.0,0.0,0.0,0.0,0.0,0.0,0.0,0.0,0.0,0.0,0.0,0.0,0.0,0.0,0.0,0.0,0.0,0.0,0.0,0.0,0.0,0.0,0.0,0.0,0.0,0.0,0.0,0.0,0.0,0.0,0.0,0.0,0.0,118.9500866519751,118.9500866519751,118.9500866519751,0.0,0.0,0.0,-119.00022625870211,-119.00022625870211,-119.00022625870211,-16.87781296384972,-16.87781296384972,-16.87781296384972,254.82812587452688,254.82812587452688,254.82812587452688,0.0,0.0,0.0,3240.189849594211
2024-01-26,3122.9306131958792,3261.864072509719,3591.5231215694744,3122.9306131958792,3122.9306131958792,0.0,0.0,0.0,0.0,0.0,0.0,0.0,0.0,0.0,0.0,0.0,0.0,0.0,0.0,0.0,0.0,0.0,0.0,0.0,0.0,0.0,0.0,0.0,0.0,0.0,0.0,0.0,0.0,0.0,0.0,0.0,0.0,0.0,0.0,0.0,0.0,0.0,0.0,0.0,0.0,0.0,0.0,0.0,0.0,0.0,0.0,0.0,0.0,297.41272254844563,297.41272254844563,297.41272254844563,0.0,0.0,0.0,-118.76757410149409,-118.76757410149409,-118.76757410149409,151.1085948714469,151.1085948714469,151.1085948714469,265.07170177849287,265.07170177849287,265.07170177849287,0.0,0.0,0.0,3420.343335744325
2024-01-27,3124.6214634495227,3328.616260604915,3658.945230836647,3124.6214634495227,3124.6214634495227,0.0,0.0,0.0,0.0,0.0,0.0,0.0,0.0,0.0,0.0,0.0,0.0,0.0,0.0,0.0,0.0,0.0,0.0,0.0,0.0,0.0,0.0,0.0,0.0,0.0,0.0,0.0,0.0,0.0,0.0,0.0,0.0,0.0,0.0,0.0,0.0,0.0,0.0,0.0,0.0,0.0,0.0,0.0,0.0,0.0,0.0,0.0,0.0,365.14575761307543,365.14575761307543,365.14575761307543,0.0,0.0,0.0,-120.46301282181378,-120.46301282181378,-120.46301282181378,210.10138936413193,210.10138936413193,210.10138936413193,275.50738107075716,275.50738107075716,275.50738107075716,0.0,0.0,0.0,3489.7672210625983
2024-01-28,3126.3123137031657,3221.060044562184,3554.742199979014,3126.3123137031657,3126.3123137031657,0.0,0.0,0.0,0.0,0.0,0.0,0.0,0.0,0.0,0.0,0.0,0.0,0.0,0.0,0.0,0.0,0.0,0.0,0.0,0.0,0.0,0.0,0.0,0.0,0.0,0.0,0.0,0.0,0.0,0.0,0.0,0.0,0.0,0.0,0.0,0.0,0.0,0.0,0.0,0.0,0.0,0.0,0.0,0.0,0.0,0.0,0.0,0.0,267.14415024236416,267.14415024236416,267.14415024236416,0.0,0.0,0.0,-118.37950889543771,-118.37950889543771,-118.37950889543771,99.53964739326189,99.53964739326189,99.53964739326189,285.98401174454,285.98401174454,285.98401174454,0.0,0.0,0.0,3393.45646394553
2024-01-29,3128.0031639568097,3094.8461658880046,3427.5028572806536,3128.0031639568097,3128.0031639568097,0.0,0.0,0.0,0.0,0.0,0.0,0.0,0.0,0.0,0.0,0.0,0.0,0.0,0.0,0.0,0.0,0.0,0.0,0.0,0.0,0.0,0.0,0.0,0.0,0.0,0.0,0.0,0.0,0.0,0.0,0.0,0.0,0.0,0.0,0.0,0.0,0.0,0.0,0.0,0.0,0.0,0.0,0.0,0.0,0.0,0.0,0.0,0.0,128.7883986464435,128.7883986464435,128.7883986464435,0.0,0.0,0.0,-108.28320231885428,-108.28320231885428,-108.28320231885428,-59.2824522169011,-59.2824522169011,-59.2824522169011,296.35405318219887,296.35405318219887,296.35405318219887,0.0,0.0,0.0,3256.791562603253
2024-01-30,3129.6940142104527,2975.72967488432,3304.7931583006716,3129.6940142104527,3129.6940142104527,0.0,0.0,0.0,0.0,0.0,0.0,0.0,0.0,0.0,0.0,0.0,0.0,0.0,0.0,0.0,0.0,0.0,0.0,0.0,0.0,0.0,0.0,0.0,0.0,0.0,0.0,0.0,0.0,0.0,0.0,0.0,0.0,0.0,0.0,0.0,0.0,0.0,0.0,0.0,0.0,0.0,0.0,0.0,0.0,0.0,0.0,0.0,0.0,13.632033618285995,13.632033618285995,13.632033618285995,0.0,0.0,0.0,-89.97010929122054,-89.97010929122054,-89.97010929122054,-202.87489051723023,-202.87489051723023,-202.87489051723023,306.4770334267367,306.4770334267367,306.4770334267367,0.0,0.0,0.0,3143.326047828739
2024-01-31,3131.3848644640966,3039.3728221719566,3363.002447109409,3131.3848644640966,3131.3848644640966,0.0,0.0,0.0,0.0,0.0,0.0,0.0,0.0,0.0,0.0,0.0,0.0,0.0,0.0,0.0,0.0,0.0,0.0,0.0,0.0,0.0,0.0,0.0,0.0,0.0,0.0,0.0,0.0,0.0,0.0,0.0,0.0,0.0,0.0,0.0,0.0,0.0,0.0,0.0,0.0,0.0,0.0,0.0,0.0,0.0,0.0,0.0,0.0,68.26993393587267,68.26993393587267,68.26993393587267,0.0,0.0,0.0,-66.23831792578642,-66.23831792578642,-66.23831792578642,-181.7144759305585,-181.7144759305585,-181.7144759305585,316.2227277922176,316.2227277922176,316.2227277922176,0.0,0.0,0.0,3199.6547983999694
2024-02-01,3133.0757147177396,3232.9948481497954,3555.0548498032767,3133.0757147177396,3133.0757147177396,0.0,0.0,0.0,0.0,0.0,0.0,0.0,0.0,0.0,0.0,0.0,0.0,0.0,0.0,0.0,0.0,0.0,0.0,0.0,0.0,0.0,0.0,0.0,0.0,0.0,0.0,0.0,0.0,0.0,0.0,0.0,0.0,0.0,0.0,0.0,0.0,0.0,0.0,0.0,0.0,0.0,0.0,0.0,0.0,0.0,0.0,0.0,0.0,268.49759784546313,268.49759784546313,268.49759784546313,0.0,0.0,0.0,-40.09856665569826,-40.09856665569826,-40.09856665569826,-16.877812964398714,-16.877812964398714,-16.877812964398714,325.4739774655601,325.4739774655601,325.4739774655601,0.0,0.0,0.0,3401.5733125632028
2024-02-02,3134.766564971383,3424.521363431739,3773.9457354145316,3134.766564971383,3134.766564971383,0.0,0.0,0.0,0.0,0.0,0.0,0.0,0.0,0.0,0.0,0.0,0.0,0.0,0.0,0.0,0.0,0.0,0.0,0.0,0.0,0.0,0.0,0.0,0.0,0.0,0.0,0.0,0.0,0.0,0.0,0.0,0.0,0.0,0.0,0.0,0.0,0.0,0.0,0.0,0.0,0.0,0.0,0.0,0.0,0.0,0.0,0.0,0.0,472.20298367696154,472.20298367696154,472.20298367696154,0.0,0.0,0.0,-13.034689386266237,-13.034689386266237,-13.034689386266237,151.10859487153022,151.10859487153022,151.10859487153022,334.12907819169754,334.12907819169754,334.12907819169754,0.0,0.0,0.0,3606.9695486483447
2024-02-03,3136.457415225027,3535.5867929746073,3865.188115817022,3136.457415225027,3136.457415225027,0.0,0.0,0.0,0.0,0.0,0.0,0.0,0.0,0.0,0.0,0.0,0.0,0.0,0.0,0.0,0.0,0.0,0.0,0.0,0.0,0.0,0.0,0.0,0.0,0.0,0.0,0.0,0.0,0.0,0.0,0.0,0.0,0.0,0.0,0.0,0.0,0.0,0.0,0.0,0.0,0.0,0.0,0.0,0.0,0.0,0.0,0.0,0.0,566.7814045213443,566.7814045213443,566.7814045213443,0.0,0.0,0.0,14.576332718380314,14.576332718380314,14.576332718380314,210.10138936409317,210.10138936409317,210.10138936409317,342.10368243887075,342.10368243887075,342.10368243887075,0.0,0.0,0.0,3703.2388197463715
2024-02-04,3138.14826547867,3469.3046565803197,3788.3252426687886,3138.14826547867,3138.14826547867,0.0,0.0,0.0,0.0,0.0,0.0,0.0,0.0,0.0,0.0,0.0,0.0,0.0,0.0,0.0,0.0,0.0,0.0,0.0,0.0,0.0,0.0,0.0,0.0,0.0,0.0,0.0,0.0,0.0,0.0,0.0,0.0,0.0,0.0,0.0,0.0,0.0,0.0,0.0,0.0,0.0,0.0,0.0,0.0,0.0,0.0,0.0,0.0,490.97733290733134,490.97733290733134,490.97733290733134,0.0,0.0,0.0,42.1055123044179,42.1055123044179,42.1055123044179,99.53964739376211,99.53964739376211,99.53964739376211,349.3321732091514,349.3321732091514,349.3321732091514,0.0,0.0,0.0,3629.1255983860015
2024-02-05,3139.839115732314,3348.9284917277014,3659.5509806934524,3139.839115732314,3139.839115732314,0.0,0.0,0.0,0.0,0.0,0.0,0.0,0.0,0.0,0.0,0.0,0.0,0.0,0.0,0.0,0.0,0.0,0.0,0.0,0.0,0.0,0.0,0.0,0.0,0.0,0.0,0.0,0.0,0.0,0.0,0.0,0.0,0.0,0.0,0.0,0.0,0.0,0.0,0.0,0.0,0.0,0.0,0.0,0.0,0.0,0.0,0.0,0.0,364.6854668316828,364.6854668316828,364.6854668316828,0.0,0.0,0.0,68.19943560334546,68.19943560334546,68.19943560334546,-59.2824522170109,-59.2824522170109,-59.2824522170109,355.7684834453482,355.7684834453482,355.7684834453482,0.0,0.0,0.0,3504.524582563997
2024-02-06,3141.529965985957,3221.202338222196,3551.643791850304,3141.529965985957,3141.529965985957,0.0,0.0,0.0,0.0,0.0,0.0,0.0,0.0,0.0,0.0,0.0,0.0,0.0,0.0,0.0,0.0,0.0,0.0,0.0,0.0,0.0,0.0,0.0,0.0,0.0,0.0,0.0,0.0,0.0,0.0,0.0,0.0,0.0,0.0,0.0,0.0,0.0,0.0,0.0,0.0,0.0,0.0,0.0,0.0,0.0,0.0,0.0,0.0,250.08515703832308,250.08515703832308,250.08515703832308,0.0,0.0,0.0,91.57369623131615,91.57369623131615,91.57369623131615,-202.87489051727383,-202.87489051727383,-202.87489051727383,361.3863513242807,361.3863513242807,361.3863513242807,0.0,0.0,0.0,3391.61512302428
2024-02-07,3143.2208162396005,3273.2406076248326,3597.9033702151255,3143.2208162396005,3143.2208162396005,0.0,0.0,0.0,0.0,0.0,0.0,0.0,0.0,0.0,0.0,0.0,0.0,0.0,0.0,0.0,0.0,0.0,0.0,0.0,0.0,0.0,0.0,0.0,0.0,0.0,0.0,0.0,0.0,0.0,0.0,0.0,0.0,0.0,0.0,0.0,0.0,0.0,0.0,0.0,0.0,0.0,0.0,0.0,0.0,0.0,0.0,0.0,0.0,296.24963510119494,296.24963510119494,296.24963510119494,0.0,0.0,0.0,111.78509289800844,111.78509289800844,111.78509289800844,-181.71447593049328,-181.71447593049328,-181.71447593049328,366.1790181336798,366.1790181336798,366.1790181336798,0.0,0.0,0.0,3439.4704513407955
2024-02-08,3144.911666493244,3470.4490073818297,3786.019414514389,3144.911666493244,3144.911666493244,0.0,0.0,0.0,0.0,0.0,0.0,0.0,0.0,0.0,0.0,0.0,0.0,0.0,0.0,0.0,0.0,0.0,0.0,0.0,0.0,0.0,0.0,0.0,0.0,0.0,0.0,0.0,0.0,0.0,0.0,0.0,0.0,0.0,0.0,0.0,0.0,0.0,0.0,0.0,0.0,0.0,0.0,0.0,0.0,0.0,0.0,0.0,0.0,482.0062699853152,482.0062699853152,482.0062699853152,0.0,0.0,0.0,128.7256915209791,128.7256915209791,128.7256915209791,-16.877812964290577,-16.877812964290577,-16.877812964290577,370.15839142862666,370.15839142862666,370.15839142862666,0.0,0.0,0.0,3626.917936478559
2024-02-09,3146.6025167468874,3662.471667735611,3978.4719361291845,3146.6025167468874,3146.6025167468874,0.0,0.0,0.0,0.0,0.0,0.0,0.0,0.0,0.0,0.0,0.0,0.0,0.0,0.0,0.0,0.0,0.0,0.0,0.0,0.0,0.0,0.0,0.0,0.0,0.0,0.0,0.0,0.0,0.0,0.0,0.0,0.0,0.0,0.0,0.0,0.0,0.0,0.0,0.0,0.0,0.0,0.0,0.0,0.0,0.0,0.0,0.0,0.0,665.7182954859408,665.7182954859408,665.7182954859408,0.0,0.0,0.0,141.25598932787494,141.25598932787494,141.25598932787494,151.10859487110633,151.10859487110633,151.10859487110633,373.3537112869595,373.3537112869595,373.3537112869595,0.0,0.0,0.0,3812.3208122328283
2024-02-10,3148.293367000531,3732.228856171644,4039.685572077124,3148.293367000531,3148.293367000531,0.0,0.0,0.0,0.0,0.0,0.0,0.0,0.0,0.0,0.0,0.0,0.0,0.0,0.0,0.0,0.0,0.0,0.0,0.0,0.0,0.0,0.0,0.0,0.0,0.0,0.0,0.0,0.0,0.0,0.0,0.0,0.0,0.0,0.0,0.0,0.0,0.0,0.0,0.0,0.0,0.0,0.0,0.0,0.0,0.0,0.0,0.0,0.0,732.6758650026867,732.6758650026867,732.6758650026867,0.0,0.0,0.0,146.7647043391572,146.7647043391572,146.7647043391572,210.1013893640544,210.1013893640544,210.1013893640544,375.8097712994752,375.8097712994752,375.8097712994752,0.0,0.0,0.0,3880.9692320032177
2024-02-11,3149.984217254174,3598.7945552076435,3923.3287233910896,3149.984217254174,3149.984217254174,0.0,0.0,0.0,0.0,0.0,0.0,0.0,0.0,0.0,0.0,0.0,0.0,0.0,0.0,0.0,0.0,0.0,0.0,0.0,0.0,0.0,0.0,0.0,0.0,0.0,0.0,0.0,0.0,0.0,0.0,0.0,0.0,0.0,0.0,0.0,0.0,0.0,0.0,0.0,0.0,0.0,0.0,0.0,0.0,0.0,0.0,0.0,0.0,619.9068095961245,619.9068095961245,619.9068095961245,0.0,0.0,0.0,142.78240415668373,142.78240415668373,142.78240415668373,99.53964739365159,99.53964739365159,99.53964739365159,377.58475804578916,377.58475804578916,377.58475804578916,0.0,0.0,0.0,3769.8910268502987
2024-02-12,3151.675067507818,3443.9211881245847,3766.163049392457,3151.675067507818,3151.675067507818,0.0,0.0,0.0,0.0,0.0,0.0,0.0,0.0,0.0,0.0,0.0,0.0,0.0,0.0,0.0,0.0,0.0,0.0,0.0,0.0,0.0,0.0,0.0,0.0,0.0,0.0,0.0,0.0,0.0,0.0,0.0,0.0,0.0,0.0,0.0,0.0,0.0,0.0,0.0,0.0,0.0,0.0,0.0,0.0,0.0,0.0,0.0,0.0,448.9962853000254,448.9962853000254,448.9962853000254,0.0,0.0,0.0,129.53095463638275,129.53095463638275,129.53095463638275,-59.282452217167844,-59.282452217167844,-59.282452217167844,378.7477828808106,378.7477828808106,378.7477828808106,0.0,0.0,0.0,3600.6713528078435
2024-02-13,3153.3659177614613,3273.2639056979947,3597.835888078141,3153.3659177614613,3153.3659177614613,0.0,0.0,0.0,0.0,0.0,0.0,0.0,0.0,0.0,0.0,0.0,0.0,0.0,0.0,0.0,0.0,0.0,0.0,0.0,0.0,0.0,0.0,0.0,0.0,0.0,0.0,0.0,0.0,0.0,0.0,0.0,0.0,0.0,0.0,0.0,0.0,0.0,0.0,0.0,0.0,0.0,0.0,0.0,0.0,0.0,0.0,0.0,0.0,287.2879987401225,287.2879987401225,287.2879987401225,0.0,0.0,0.0,110.78670164321962,110.78670164321962,110.78670164321962,-202.87489051731743,-202.87489051731743,-202.87489051731743,379.37618761422027,379.37618761422027,379.37618761422027,0.0,0.0,0.0,3440.653916501584
2024-02-14,3155.056768015105,3280.873145028388,3598.2942759822213,3155.056768015105,3155.056768015105,0.0,0.0,0.0,0.0,0.0,0.0,0.0,0.0,0.0,0.0,0.0,0.0,0.0,0.0,0.0,0.0,0.0,0.0,0.0,0.0,0.0,0.0,0.0,0.0,0.0,0.0,0.0,0.0,0.0,0.0,0.0,0.0,0.0,0.0,0.0,0.0,0.0,0.0,0.0,0.0,0.0,0.0,0.0,0.0,0.0,0.0,0.0,0.0,289.36917758740424,289.36917758740424,289.36917758740424,0.0,0.0,0.0,91.53094261920222,91.53094261920222,91.53094261920222,-181.71447593037817,-181.71447593037817,-181.71447593037817,379.5527108985802,379.5527108985802,379.5527108985802,0.0,0.0,0.0,3444.4259456025093
2024-02-15,3156.7476182687483,3428.6373466956106,3750.046627353487,3156.7476182687483,3156.7476182687483,0.0,0.0,0.0,0.0,0.0,0.0,0.0,0.0,0.0,0.0,0.0,0.0,0.0,0.0,0.0,0.0,0.0,0.0,0.0,0.0,0.0,0.0,0.0,0.0,0.0,0.0,0.0,0.0,0.0,0.0,0.0,0.0,0.0,0.0,0.0,0.0,0.0,0.0,0.0,0.0,0.0,0.0,0.0,0.0,0.0,0.0,0.0,0.0,436.363774718696,436.363774718696,436.363774718696,0.0,0.0,0.0,73.87898296084555,73.87898296084555,73.87898296084555,-16.87781296413332,-16.87781296413332,-16.87781296413332,379.3626047219838,379.3626047219838,379.3626047219838,0.0,0.0,0.0,3593.111392987444
2024-02-16,3158.4384685223913,3569.4324394125947,3905.4799750850275,3158.4384685223913,3158.4384685223913,0.0,0.0,0.0,0.0,0.0,0.0,0.0,0.0,0.0,0.0,0.0,0.0,0.0,0.0,0.0,0.0,0.0,0.0,0.0,0.0,0.0,0.0,0.0,0.0,0.0,0.0,0.0,0.0,0.0,0.0,0.0,0.0,0.0,0.0,0.0,0.0,0.0,0.0,0.0,0.0,0.0,0.0,0.0,0.0,0.0,0.0,0.0,0.0,584.8963170987003,584.8963170987003,584.8963170987003,0.0,0.0,0.0,54.896931950778324,54.896931950778324,54.896931950778324,151.10859487122826,151.10859487122826,151.10859487122826,378.8907902766936,378.8907902766936,378.8907902766936,0.0,0.0,0.0,3743.3347856210917
2024-02-17,3160.129318776035,3621.4305561422107,3956.6301917026,3160.129318776035,3160.129318776035,0.0,0.0,0.0,0.0,0.0,0.0,0.0,0.0,0.0,0.0,0.0,0.0,0.0,0.0,0.0,0.0,0.0,0.0,0.0,0.0,0.0,0.0,0.0,0.0,0.0,0.0,0.0,0.0,0.0,0.0,0.0,0.0,0.0,0.0,0.0,0.0,0.0,0.0,0.0,0.0,0.0,0.0,0.0,0.0,0.0,0.0,0.0,0.0,617.1373135299073,617.1373135299073,617.1373135299073,0.0,0.0,0.0,28.816784487820346,28.816784487820346,28.816784487820346,210.10138936403612,210.10138936403612,210.10138936403612,378.21913967805074,378.21913967805074,378.21913967805074,0.0,0.0,0.0,3777.266632305942
2024-02-18,3161.8201690296783,3460.7661645908147,3791.1526979920886,3161.8201690296783,3161.8201690296783,0.0,0.0,0.0,0.0,0.0,0.0,0.0,0.0,0.0,0.0,0.0,0.0,0.0,0.0,0.0,0.0,0.0,0.0,0.0,0.0,0.0,0.0,0.0,0.0,0.0,0.0,0.0,0.0,0.0,0.0,0.0,0.0,0.0,0.0,0.0,0.0,0.0,0.0,0.0,0.0,0.0,0.0,0.0,0.0,0.0,0.0,0.0,0.0,469.39904188986765,469.39904188986765,469.39904188986765,0.0,0.0,0.0,-7.564570148669365,-7.564570148669365,-7.564570148669365,99.5396473935411,99.5396473935411,99.5396473935411,377.4239646449959,377.4239646449959,377.4239646449959,0.0,0.0,0.0,3631.2192109195457
2024-02-19,3163.5110192833217,3280.176964888212,3602.8299927282296,3163.5110192833217,3163.5110192833217,0.0,0.0,0.0,0.0,0.0,0.0,0.0,0.0,0.0,0.0,0.0,0.0,0.0,0.0,0.0,0.0,0.0,0.0,0.0,0.0,0.0,0.0,0.0,0.0,0.0,0.0,0.0,0.0,0.0,0.0,0.0,0.0,0.0,0.0,0.0,0.0,0.0,0.0,0.0,0.0,0.0,0.0,0.0,0.0,0.0,15.586468002320645,15.586468002320645,15.586468002320645,282.2369974634793,282.2369974634793,282.2369974634793,15.586468002320645,15.586468002320645,15.586468002320645,-50.640803833916344,-50.640803833916344,-50.640803833916344,-59.28245221727765,-59.28245221727765,-59.28245221727765,376.5737855123527,376.5737855123527,376.5737855123527,0.0,0.0,0.0,3445.748016746801
2024-02-20,3165.201869536965,3082.151285200264,3414.209955881748,3165.201869536965,3165.201869536965,0.0,0.0,0.0,0.0,0.0,0.0,0.0,0.0,0.0,0.0,0.0,0.0,0.0,0.0,0.0,0.0,0.0,0.0,0.0,0.0,0.0,0.0,0.0,0.0,0.0,0.0,0.0,0.0,0.0,0.0,0.0,0.0,0.0,0.0,0.0,0.0,0.0,0.0,0.0,0.0,0.0,0.0,0.0,0.0,0.0,0.0,0.0,0.0,82.07705874930846,82.07705874930846,82.07705874930846,0.0,0.0,0.0,-90.77549481103541,-90.77549481103541,-90.77549481103541,-202.87489051706973,-202.87489051706973,-202.87489051706973,375.7274440774136,375.7274440774136,375.7274440774136,0.0,0.0,0.0,3247.2789282862736
2024-02-21,3166.8927197906087,3085.265110820895,3393.9709992611756,3166.8927197906087,3166.8927197906087,0.0,0.0,0.0,0.0,0.0,0.0,0.0,0.0,0.0,0.0,0.0,0.0,0.0,0.0,0.0,0.0,0.0,0.0,0.0,0.0,0.0,0.0,0.0,0.0,0.0,0.0,0.0,0.0,0.0,0.0,0.0,0.0,0.0,0.0,0.0,0.0,0.0,0.0,0.0,0.0,0.0,0.0,0.0,0.0,0.0,0.0,0.0,0.0,75.20490633082979,75.20490633082979,75.20490633082979,0.0,0.0,0.0,-118.01322984618497,-118.01322984618497,-118.01322984618497,-181.71447593026306,-181.71447593026306,-181.71447593026306,374.9326121072778,374.9326121072778,374.9326121072778,0.0,0.0,0.0,3242.0976261214387
2024-02-22,3168.5835700442517,3251.16605494159,3564.1014458939653,3168.5835700442517,3168.5835700442517,0.0,0.0,0.0,0.0,0.0,0.0,0.0,0.0,0.0,0.0,0.0,0.0,0.0,0.0,0.0,0.0,0.0,0.0,0.0,0.0,0.0,0.0,0.0,0.0,0.0,0.0,0.0,0.0,0.0,0.0,0.0,0.0,0.0,0.0,0.0,0.0,0.0,0.0,0.0,0.0,0.0,0.0,0.0,0.0,0.0,0.0,0.0,0.0,228.8707497032305,228.8707497032305,228.8707497032305,0.0,0.0,0.0,-128.47617154773627,-128.47617154773627,-128.47617154773627,-16.87781296402519,-16.87781296402519,-16.87781296402519,374.2247342149919,374.2247342149919,374.2247342149919,0.0,0.0,0.0,3397.4543197474823
2024-02-23,3170.2744202978956,3406.979841923022,3737.9295081908404,3170.2744202978956,3170.2744202978956,0.0,0.0,0.0,0.0,0.0,0.0,0.0,0.0,0.0,0.0,0.0,0.0,0.0,0.0,0.0,0.0,0.0,0.0,0.0,0.0,0.0,0.0,0.0,0.0,0.0,0.0,0.0,0.0,0.0,0.0,0.0,0.0,0.0,0.0,0.0,0.0,0.0,0.0,0.0,0.0,0.0,0.0,0.0,0.0,0.0,0.0,0.0,0.0,398.25230968304606,398.25230968304606,398.25230968304606,0.0,0.0,0.0,-126.48271484954128,-126.48271484954128,-126.48271484954128,151.10859487127289,151.10859487127289,151.10859487127289,373.62642966131443,373.62642966131443,373.62642966131443,0.0,0.0,0.0,3568.5267299809416
2024-02-24,3171.9652705515396,3471.4055442191225,3795.3463588777945,3171.9652705515396,3171.9652705515396,0.0,0.0,0.0,0.0,0.0,0.0,0.0,0.0,0.0,0.0,0.0,0.0,0.0,0.0,0.0,0.0,0.0,0.0,0.0,0.0,0.0,0.0,0.0,0.0,0.0,0.0,0.0,0.0,0.0,0.0,0.0,0.0,0.0,0.0,0.0,0.0,0.0,0.0,0.0,0.0,0.0,0.0,0.0,0.0,0.0,0.0,0.0,0.0,462.4132327623461,462.4132327623461,462.4132327623461,0.0,0.0,0.0,-120.83551949207634,-120.83551949207634,-120.83551949207634,210.10138936401788,210.10138936401788,210.10138936401788,373.1473628904046,373.1473628904046,373.1473628904046,0.0,0.0,0.0,3634.3785033138856
2024-02-25,3173.6561208051826,3375.156876710469,3696.541717216716,3173.6561208051826,3173.6561208051826,0.0,0.0,0.0,0.0,0.0,0.0,0.0,0.0,0.0,0.0,0.0,0.0,0.0,0.0,0.0,0.0,0.0,0.0,0.0,0.0,0.0,0.0,0.0,0.0,0.0,0.0,0.0,0.0,0.0,0.0,0.0,0.0,0.0,0.0,0.0,0.0,0.0,0.0,0.0,0.0,0.0,0.0,0.0,0.0,0.0,0.0,0.0,0.0,353.9642091487413,353.9642091487413,353.9642091487413,0.0,0.0,0.0,-118.3600159590887,-118.3600159590887,-118.3600159590887,99.53964739404137,99.53964739404137,99.53964739404137,372.7845777137887,372.7845777137887,372.7845777137887,0.0,0.0,0.0,3527.620329953924
2024-02-26,3175.346971058826,3207.6126582979996,3531.982405940186,3175.346971058826,3175.346971058826,0.0,0.0,0.0,0.0,0.0,0.0,0.0,0.0,0.0,0.0,0.0,0.0,0.0,0.0,0.0,0.0,0.0,0.0,0.0,0.0,0.0,0.0,0.0,0.0,0.0,0.0,0.0,0.0,0.0,0.0,0.0,0.0,0.0,0.0,0.0,0.0,0.0,0.0,0.0,0.0,0.0,0.0,0.0,0.0,0.0,0.0,0.0,0.0,193.52861380773504,193.52861380773504,193.52861380773504,0.0,0.0,0.0,-119.71220944513642,-119.71220944513642,-119.71220944513642,-59.282452217411034,-59.282452217411034,-59.282452217411034,372.52327547028256,372.52327547028256,372.52327547028256,0.0,0.0,0.0,3368.875584866561
2024-02-27,3177.0378213124695,3075.547253429324,3398.8043965379557,3177.0378213124695,3177.0378213124695,0.0,0.0,0.0,0.0,0.0,0.0,0.0,0.0,0.0,0.0,0.0,0.0,0.0,0.0,0.0,0.0,0.0,0.0,0.0,0.0,0.0,0.0,0.0,0.0,0.0,0.0,0.0,0.0,0.0,0.0,0.0,0.0,0.0,0.0,0.0,0.0,0.0,0.0,0.0,0.0,0.0,0.0,0.0,0.0,0.0,0.0,0.0,0.0,49.22231937317346,49.22231937317346,49.22231937317346,0.0,0.0,0.0,-120.24079376053227,-120.24079376053227,-120.24079376053227,-202.87489051715414,-202.87489051715414,-202.87489051715414,372.33800365085983,372.33800365085983,372.33800365085983,0.0,0.0,0.0,3226.260140685643
2024-02-28,3178.728671566113,3104.978169508563,3406.459609267869,3178.728671566113,3178.728671566113,0.0,0.0,0.0,0.0,0.0,0.0,0.0,0.0,0.0,0.0,0.0,0.0,0.0,0.0,0.0,0.0,0.0,0.0,0.0,0.0,0.0,0.0,0.0,0.0,0.0,0.0,0.0,0.0,0.0,0.0,0.0,0.0,0.0,0.0,0.0,0.0,0.0,0.0,0.0,0.0,0.0,0.0,0.0,0.0,0.0,0.0,0.0,0.0,76.03583750007047,76.03583750007047,76.03583750007047,0.0,0.0,0.0,-114.44389537144482,-114.44389537144482,-114.44389537144482,-181.71447593066944,-181.71447593066944,-181.71447593066944,372.1942088021847,372.1942088021847,372.1942088021847,0.0,0.0,0.0,3254.7645090661836
2024-02-29,3180.4195218197565,3277.3129987637144,3600.7901842363653,3180.4195218197565,3180.4195218197565,0.0,0.0,0.0,0.0,0.0,0.0,0.0,0.0,0.0,0.0,0.0,0.0,0.0,0.0,0.0,0.0,0.0,0.0,0.0,0.0,0.0,0.0,0.0,0.0,0.0,0.0,0.0,0.0,0.0,0.0,0.0,0.0,0.0,0.0,0.0,0.0,0.0,0.0,0.0,0.0,0.0,0.0,0.0,0.0,0.0,0.0,0.0,0.0,255.15464782133114,255.15464782133114,255.15464782133114,0.0,0.0,0.0,-100.01763560363113,-100.01763560363113,-100.01763560363113,-16.877812963867928,-16.877812963867928,-16.877812963867928,372.0500963888301,372.0500963888301,372.0500963888301,0.0,0.0,0.0,3435.574169641088
2024-03-01,3182.1103720733995,3455.7756650143187,3800.4344153869433,3182.1103720733995,3182.1103720733995,0.0,0.0,0.0,0.0,0.0,0.0,0.0,0.0,0.0,0.0,0.0,0.0,0.0,0.0,0.0,0.0,0.0,0.0,0.0,0.0,0.0,0.0,0.0,0.0,0.0,0.0,0.0,0.0,0.0,0.0,0.0,0.0,0.0,0.0,0.0,0.0,0.0,0.0,0.0,0.0,0.0,0.0,0.0,0.0,0.0,0.0,0.0,0.0,444.4000318540521,444.4000318540521,444.4000318540521,0.0,0.0,0.0,-78.56729404791471,-78.56729404791471,-78.56729404791471,151.10859487139484,151.10859487139484,151.10859487139484,371.8587310305719,371.8587310305719,371.8587310305719,0.0,0.0,0.0,3626.5104039274515
2024-03-02,3183.801222327043,3534.621912276878,3885.5986412648203,3183.801222327043,3183.801222327043,0.0,0.0,0.0,0.0,0.0,0.0,0.0,0.0,0.0,0.0,0.0,0.0,0.0,0.0,0.0,0.0,0.0,0.0,0.0,0.0,0.0,0.0,0.0,0.0,0.0,0.0,0.0,0.0,0.0,0.0,0.0,0.0,0.0,0.0,0.0,0.0,0.0,0.0,0.0,0.0,0.0,0.0,0.0,0.0,0.0,0.0,0.0,0.0,528.3353992407558,528.3353992407558,528.3353992407558,0.0,0.0,0.0,-53.336293533011975,-53.336293533011975,-53.336293533011975,210.10138936412588,210.10138936412588,210.10138936412588,371.57030340964195,371.57030340964195,371.57030340964195,0.0,0.0,0.0,3712.136621567799
2024-03-03,3185.4920725806865,3475.1819892786557,3783.780533943155,3185.4920725806865,3185.4920725806865,0.0,0.0,0.0,0.0,0.0,0.0,0.0,0.0,0.0,0.0,0.0,0.0,0.0,0.0,0.0,0.0,0.0,0.0,0.0,0.0,0.0,0.0,0.0,0.0,0.0,0.0,0.0,0.0,0.0,0.0,0.0,0.0,0.0,0.0,0.0,0.0,0.0,0.0,0.0,0.0,0.0,0.0,0.0,0.0,0.0,0.0,0.0,0.0,444.02499337281506,444.02499337281506,444.02499337281506,0.0,0.0,0.0,-26.649139388560542,-26.649139388560542,-26.649139388560542,99.53964739393086,99.53964739393086,99.53964739393086,371.1344853674449,371.1344853674449,371.1344853674449,0.0,0.0,0.0,3629.5170659535015
2024-03-04,3187.18292283433,3334.8945747240414,3652.697289653642,3187.18292283433,3187.18292283433,0.0,0.0,0.0,0.0,0.0,0.0,0.0,0.0,0.0,0.0,0.0,0.0,0.0,0.0,0.0,0.0,0.0,0.0,0.0,0.0,0.0,0.0,0.0,0.0,0.0,0.0,0.0,0.0,0.0,0.0,0.0,0.0,0.0,0.0,0.0,0.0,0.0,0.0,0.0,0.0,0.0,0.0,0.0,0.0,0.0,0.0,0.0,0.0,311.94312103857857,311.94312103857857,311.94312103857857,0.0,0.0,0.0,0.7227808429316426,0.7227808429316426,0.7227808429316426,-59.28245221752085,-59.28245221752085,-59.28245221752085,370.5027924131678,370.5027924131678,370.5027924131678,0.0,0.0,0.0,3499.1260438729087
2024-03-05,3188.8737730879734,3215.705264964135,3542.5177190434206,3188.8737730879734,3188.8737730879734,0.0,0.0,0.0,0.0,0.0,0.0,0.0,0.0,0.0,0.0,0.0,0.0,0.0,0.0,0.0,0.0,0.0,0.0,0.0,0.0,0.0,0.0,0.0,0.0,0.0,0.0,0.0,0.0,0.0,0.0,0.0,0.0,0.0,0.0,0.0,0.0,0.0,0.0,0.0,0.0,0.0,0.0,0.0,0.0,0.0,0.0,0.0,0.0,195.17983493124626,195.17983493124626,195.17983493124626,0.0,0.0,0.0,28.423852341720757,28.423852341720757,28.423852341720757,-202.87489051715696,-202.87489051715696,-202.87489051715696,369.6308731066824,369.6308731066824,369.6308731066824,0.0,0.0,0.0,3384.0536080192196
2024-03-06,3190.564623341617,3272.5302508141754,3589.320456383757,3190.564623341617,3190.564623341617,0.0,0.0,0.0,0.0,0.0,0.0,0.0,0.0,0.0,0.0,0.0,0.0,0.0,0.0,0.0,0.0,0.0,0.0,0.0,0.0,0.0,0.0,0.0,0.0,0.0,0.0,0.0,0.0,0.0,0.0,0.0,0.0,0.0,0.0,0.0,0.0,0.0,0.0,0.0,0.0,0.0,0.0,0.0,0.0,0.0,0.0,0.0,0.0,242.19339706473806,242.19339706473806,242.19339706473806,0.0,0.0,0.0,55.427225462252494,55.427225462252494,55.427225462252494,-181.71447593065412,-181.71447593065412,-181.71447593065412,368.4806475331397,368.4806475331397,368.4806475331397,0.0,0.0,0.0,3432.758020406355
2024-03-07,3192.25547359526,3468.52749488206,3781.290414811105,3192.25547359526,3192.25547359526,0.0,0.0,0.0,0.0,0.0,0.0,0.0,0.0,0.0,0.0,0.0,0.0,0.0,0.0,0.0,0.0,0.0,0.0,0.0,0.0,0.0,0.0,0.0,0.0,0.0,0.0,0.0,0.0,0.0,0.0,0.0,0.0,0.0,0.0,0.0,0.0,0.0,0.0,0.0,0.0,0.0,0.0,0.0,0.0,0.0,0.0,0.0,0.0,430.41985759598435,430.41985759598435,430.41985759598435,0.0,0.0,0.0,80.27544829877233,80.27544829877233,80.27544829877233,-16.87781296451517,-16.87781296451517,-16.87781296451517,367.02222226172717,367.02222226172717,367.02222226172717,0.0,0.0,0.0,3622.6753311912444
2024-03-08,3193.946323848904,3663.293440297782,3986.4540724275134,3193.946323848904,3193.946323848904,0.0,0.0,0.0,0.0,0.0,0.0,0.0,0.0,0.0,0.0,0.0,0.0,0.0,0.0,0.0,0.0,0.0,0.0,0.0,0.0,0.0,0.0,0.0,0.0,0.0,0.0,0.0,0.0,0.0,0.0,0.0,0.0,0.0,0.0,0.0,0.0,0.0,0.0,0.0,0.0,0.0,0.0,0.0,0.0,0.0,0.0,0.0,0.0,618.4178845530723,618.4178845530723,618.4178845530723,0.0,0.0,0.0,102.07377307511906,102.07377307511906,102.07377307511906,151.10859487147815,151.10859487147815,151.10859487147815,365.2355166064752,365.2355166064752,365.2355166064752,0.0,0.0,0.0,3812.364208401976
2024-03-09,3195.6371741025473,3730.71138103446,4059.0345966417476,3195.6371741025473,3195.6371741025473,0.0,0.0,0.0,0.0,0.0,0.0,0.0,0.0,0.0,0.0,0.0,0.0,0.0,0.0,0.0,0.0,0.0,0.0,0.0,0.0,0.0,0.0,0.0,0.0,0.0,0.0,0.0,0.0,0.0,0.0,0.0,0.0,0.0,0.0,0.0,0.0,0.0,0.0,0.0,0.0,0.0,0.0,0.0,0.0,0.0,0.0,0.0,0.0,693.9098037546745,693.9098037546745,693.9098037546745,0.0,0.0,0.0,120.69686994447135,120.69686994447135,120.69686994447135,210.10138936408717,210.10138936408717,210.10138936408717,363.11154444611606,363.11154444611606,363.11154444611606,0.0,0.0,0.0,3889.546977857222
2024-03-10,3197.328024356191,3636.520139195592,3951.465003218895,3197.328024356191,3197.328024356191,0.0,0.0,0.0,0.0,0.0,0.0,0.0,0.0,0.0,0.0,0.0,0.0,0.0,0.0,0.0,0.0,0.0,0.0,0.0,0.0,0.0,0.0,0.0,0.0,0.0,0.0,0.0,0.0,0.0,0.0,0.0,0.0,0.0,0.0,0.0,0.0,0.0,0.0,0.0,0.0,0.0,0.0,0.0,0.0,0.0,0.0,0.0,0.0,595.8727389372848,595.8727389372848,595.8727389372848,0.0,0.0,0.0,135.67978452796834,135.67978452796834,135.67978452796834,99.53964739381864,99.53964739381864,99.53964739381864,360.6533070154977,360.6533070154977,360.6533070154977,0.0,0.0,0.0,3793.2007632934756
2024-03-11,3199.0188746098343,3482.5429086748736,3801.788246402962,3199.0188746098343,3199.0188746098343,0.0,0.0,0.0,0.0,0.0,0.0,0.0,0.0,0.0,0.0,0.0,0.0,0.0,0.0,0.0,0.0,0.0,0.0,0.0,0.0,0.0,0.0,0.0,0.0,0.0,0.0,0.0,0.0,0.0,0.0,0.0,0.0,0.0,0.0,0.0,0.0,0.0,0.0,0.0,0.0,0.0,0.0,0.0,0.0,0.0,0.0,0.0,0.0,443.67080658277024,443.67080658277024,443.67080658277024,0.0,0.0,0.0,145.07699419526858,145.07699419526858,145.07699419526858,-59.28245221765424,-59.28245221765424,-59.28245221765424,357.8762646051558,357.8762646051558,357.8762646051558,0.0,0.0,0.0,3642.6896811926044
2024-03-12,3200.7097248634777,3333.037519402593,3669.736134241963,3200.7097248634777,3200.7097248634777,0.0,0.0,0.0,0.0,0.0,0.0,0.0,0.0,0.0,0.0,0.0,0.0,0.0,0.0,0.0,0.0,0.0,0.0,0.0,0.0,0.0,0.0,0.0,0.0,0.0,0.0,0.0,0.0,0.0,0.0,0.0,0.0,0.0,0.0,0.0,0.0,0.0,0.0,0.0,0.0,0.0,0.0,0.0,0.0,0.0,0.0,0.0,0.0,297.967418846785,297.967418846785,297.967418846785,0.0,0.0,0.0,146.0339407544617,146.0339407544617,146.0339407544617,-202.87489051724134,-202.87489051724134,-202.87489051724134,354.8083686095647,354.8083686095647,354.8083686095647,0.0,0.0,0.0,3498.6771437102625
2024-03-13,3202.4005751171208,3353.940829900271,3676.3577088525203,3202.4005751171208,3202.4005751171208,0.0,0.0,0.0,0.0,0.0,0.0,0.0,0.0,0.0,0.0,0.0,0.0,0.0,0.0,0.0,0.0,0.0,0.0,0.0,0.0,0.0,0.0,0.0,0.0,0.0,0.0,0.0,0.0,0.0,0.0,0.0,0.0,0.0,0.0,0.0,0.0,0.0,0.0,0.0,0.0,0.0,0.0,0.0,0.0,0.0,0.0,0.0,0.0,306.9258358436406,306.9258358436406,306.9258358436406,0.0,0.0,0.0,137.1506623429502,137.1506623429502,137.1506623429502,-181.71447593053907,-181.71447593053907,-181.71447593053907,351.48964943122945,351.48964943122945,351.48964943122945,0.0,0.0,0.0,3509.326410960761
2024-03-14,3204.0914253707647,3493.565426395137,3820.9283368946108,3204.0914253707647,3204.0914253707647,0.0,0.0,0.0,0.0,0.0,0.0,0.0,0.0,0.0,0.0,0.0,0.0,0.0,0.0,0.0,0.0,0.0,0.0,0.0,0.0,0.0,0.0,0.0,0.0,0.0,0.0,0.0,0.0,0.0,0.0,0.0,0.0,0.0,0.0,0.0,0.0,0.0,0.0,0.0,0.0,0.0,0.0,0.0,0.0,0.0,0.0,0.0,0.0,451.6086134711317,451.6086134711317,451.6086134711317,0.0,0.0,0.0,120.51505649177062,120.51505649177062,120.51505649177062,-16.87781296435791,-16.87781296435791,-16.87781296435791,347.97136994371897,347.97136994371897,347.97136994371897,0.0,0.0,0.0,3655.7000388418965
2024-03-15,3205.782275624408,3625.8196247910123,3967.886694109668,3205.782275624408,3205.782275624408,0.0,0.0,0.0,0.0,0.0,0.0,0.0,0.0,0.0,0.0,0.0,0.0,0.0,0.0,0.0,0.0,0.0,0.0,0.0,0.0,0.0,0.0,0.0,0.0,0.0,0.0,0.0,0.0,0.0,0.0,0.0,0.0,0.0,0.0,0.0,0.0,0.0,0.0,0.0,0.0,0.0,0.0,0.0,0.0,0.0,0.0,0.0,0.0,596.4026709694133,596.4026709694133,596.4026709694133,0.0,0.0,0.0,100.97930799022177,100.97930799022177,100.97930799022177,151.10859487160005,151.10859487160005,151.10859487160005,344.3147681075915,344.3147681075915,344.3147681075915,0.0,0.0,0.0,3802.184946593821
2024-03-16,3207.473125878051,3665.198756539171,3995.099005929678,3207.473125878051,3207.473125878051,0.0,0.0,0.0,0.0,0.0,0.0,0.0,0.0,0.0,0.0,0.0,0.0,0.0,0.0,0.0,0.0,0.0,0.0,0.0,0.0,0.0,0.0,0.0,0.0,0.0,0.0,0.0,0.0,0.0,0.0,0.0,0.0,0.0,0.0,0.0,0.0,0.0,0.0,0.0,0.0,0.0,0.0,0.0,0.0,0.0,0.0,0.0,0.0,633.2631702510306,633.2631702510306,633.2631702510306,0.0,0.0,0.0,82.57235539684748,82.57235539684748,82.57235539684748,210.10138936408936,210.10138936408936,210.10138936408936,340.58942549009384,340.58942549009384,340.58942549009384,0.0,0.0,0.0,3840.736296129082
2024-03-17,3209.1639761316947,3550.1296953402016,3864.718741225449,3209.1639761316947,3209.1639761316947,0.0,0.0,0.0,0.0,0.0,0.0,0.0,0.0,0.0,0.0,0.0,0.0,0.0,0.0,0.0,0.0,0.0,0.0,0.0,0.0,0.0,0.0,0.0,0.0,0.0,0.0,0.0,0.0,0.0,0.0,0.0,0.0,0.0,0.0,0.0,0.0,0.0,0.0,0.0,0.0,0.0,0.0,0.0,0.0,0.0,0.0,0.0,0.0,501.3156956770943,501.3156956770943,501.3156956770943,0.0,0.0,0.0,64.90473781832145,64.90473781832145,64.90473781832145,99.53964739370983,99.53964739370983,99.53964739370983,336.8713104650629,336.8713104650629,336.8713104650629,0.0,0.0,0.0,3710.479671808789
2024-03-18,3210.854826385338,3362.916844855226,3687.478860503703,3210.854826385338,3210.854826385338,0.0,0.0,0.0,0.0,0.0,0.0,0.0,0.0,0.0,0.0,0.0,0.0,0.0,0.0,0.0,0.0,0.0,0.0,0.0,0.0,0.0,0.0,0.0,0.0,0.0,0.0,0.0,0.0,0.0,0.0,0.0,0.0,0.0,0.0,0.0,0.0,0.0,0.0,0.0,0.0,0.0,0.0,0.0,0.0,0.0,0.0,0.0,0.0,317.03022704773844,317.03022704773844,317.03022704773844,0.0,0.0,0.0,43.072123874231984,43.072123874231984,43.072123874231984,-59.28245221708257,-59.28245221708257,-59.28245221708257,333.24055539058895,333.24055539058895,333.24055539058895,0.0,0.0,0.0,3527.885053433077
2024-03-19,3212.5456766389816,3190.646137674297,3497.2488846657266,3212.5456766389816,3212.5456766389816,0.0,0.0,0.0,0.0,0.0,0.0,0.0,0.0,0.0,0.0,0.0,0.0,0.0,0.0,0.0,0.0,0.0,0.0,0.0,0.0,0.0,0.0,0.0,0.0,0.0,0.0,0.0,0.0,0.0,0.0,0.0,0.0,0.0,0.0,0.0,0.0,0.0,0.0,0.0,0.0,0.0,0.0,0.0,0.0,0.0,0.0,0.0,0.0,138.77265858870445,138.77265858870445,138.77265858870445,0.0,0.0,0.0,11.868513343172403,11.868513343172403,11.868513343172403,-202.87489051728497,-202.87489051728497,-202.87489051728497,329.77903576281705,329.77903576281705,329.77903576281705,0.0,0.0,0.0,3351.318335227686
2024-03-20,3214.2365268926255,3160.0188943429785,3497.502157452346,3214.2365268926255,3214.2365268926255,0.0,0.0,0.0,0.0,0.0,0.0,0.0,0.0,0.0,0.0,0.0,0.0,0.0,0.0,0.0,0.0,0.0,0.0,0.0,0.0,0.0,0.0,0.0,0.0,0.0,0.0,0.0,0.0,0.0,0.0,0.0,0.0,0.0,0.0,0.0,0.0,0.0,0.0,0.0,0.0,0.0,0.0,0.0,0.0,0.0,0.0,0.0,0.0,116.0766224181399,116.0766224181399,116.0766224181399,0.0,0.0,0.0,-28.776727607891157,-28.776727607891157,-28.776727607891157,-181.71447593042393,-181.71447593042393,-181.71447593042393,326.56782595645495,326.56782595645495,326.56782595645495,0.0,0.0,0.0,3330.3131493107653
2024-03-21,3215.9273771462686,3301.619592056134,3603.8664515843843,3215.9273771462686,3215.9273771462686,0.0,0.0,0.0,0.0,0.0,0.0,0.0,0.0,0.0,0.0,0.0,0.0,0.0,0.0,0.0,0.0,0.0,0.0,0.0,0.0,0.0,0.0,0.0,0.0,0.0,0.0,0.0,0.0,0.0,0.0,0.0,0.0,0.0,0.0,0.0,0.0,0.0,0.0,0.0,0.0,0.0,0.0,0.0,0.0,0.0,0.0,0.0,0.0,235.03071627598962,235.03071627598962,235.03071627598962,0.0,0.0,0.0,-71.77608124494662,-71.77608124494662,-71.77608124494662,-16.877812964249777,-16.877812964249777,-16.877812964249777,323.68461048518606,323.68461048518606,323.68461048518606,0.0,0.0,0.0,3450.958093422258
2024-03-22,3217.618227399912,3423.4144734680185,3740.0624865248324,3217.618227399912,3217.618227399912,0.0,0.0,0.0,0.0,0.0,0.0,0.0,0.0,0.0,0.0,0.0,0.0,0.0,0.0,0.0,0.0,0.0,0.0,0.0,0.0,0.0,0.0,0.0,0.0,0.0,0.0,0.0,0.0,0.0,0.0,0.0,0.0,0.0,0.0,0.0,0.0,0.0,0.0,0.0,0.0,0.0,0.0,0.0,0.0,0.0,0.0,0.0,0.0,365.86360206597084,365.86360206597084,365.86360206597084,0.0,0.0,0.0,-106.44612442311748,-106.44612442311748,-106.44612442311748,151.10859487168335,151.10859487168335,151.10859487168335,321.20113161740494,321.20113161740494,321.20113161740494,0.0,0.0,0.0,3583.481829465883
2024-03-23,3219.3090776535555,3468.804399286346,3801.230108464781,3219.3090776535555,3219.3090776535555,0.0,0.0,0.0,0.0,0.0,0.0,0.0,0.0,0.0,0.0,0.0,0.0,0.0,0.0,0.0,0.0,0.0,0.0,0.0,0.0,0.0,0.0,0.0,0.0,0.0,0.0,0.0,0.0,0.0,0.0,0.0,0.0,0.0,0.0,0.0,0.0,0.0,0.0,0.0,0.0,0.0,0.0,0.0,0.0,0.0,0.0,0.0,0.0,404.0366258040549,404.0366258040549,404.0366258040549,0.0,0.0,0.0,-125.24551716431262,-125.24551716431262,-125.24551716431262,210.1013893641769,210.1013893641769,210.1013893641769,319.18075360419056,319.18075360419056,319.18075360419056,0.0,0.0,0.0,3623.3457034576104
2024-03-24,3220.999927907199,3340.988883729034,3671.87461473601,3220.999927907199,3220.999927907199,0.0,0.0,0.0,0.0,0.0,0.0,0.0,0.0,0.0,0.0,0.0,0.0,0.0,0.0,0.0,0.0,0.0,0.0,0.0,0.0,0.0,0.0,0.0,0.0,0.0,0.0,0.0,0.0,0.0,0.0,0.0,0.0,0.0,0.0,0.0,0.0,0.0,0.0,0.0,0.0,0.0,0.0,0.0,0.0,0.0,0.0,0.0,0.0,288.6992631165266,288.6992631165266,288.6992631165266,0.0,0.0,0.0,-128.51660501293946,-128.51660501293946,-128.51660501293946,99.5396473935976,99.5396473935976,99.5396473935976,317.67622073586847,317.67622073586847,317.67622073586847,0.0,0.0,0.0,3509.6991910237257
2024-03-25,3222.6907781608425,3199.9494666929727,3517.2160199954387,3222.6907781608425,3222.6907781608425,0.0,0.0,0.0,0.0,0.0,0.0,0.0,0.0,0.0,0.0,0.0,0.0,0.0,0.0,0.0,0.0,0.0,0.0,0.0,0.0,0.0,0.0,0.0,0.0,0.0,0.0,0.0,0.0,0.0,0.0,0.0,0.0,0.0,0.0,0.0,0.0,0.0,0.0,0.0,0.0,0.0,0.0,0.0,0.0,0.0,0.0,0.0,0.0,133.87368946088975,133.87368946088975,133.87368946088975,0.0,0.0,0.0,-123.57153935194151,-123.57153935194151,-123.57153935194151,-59.28245221721596,-59.28245221721596,-59.28245221721596,316.7276810300473,316.7276810300473,316.7276810300473,0.0,0.0,0.0,3356.564467621732
2024-03-26,3224.3816284144855,3056.146742954988,3381.627874415958,3224.3816284144855,3224.3816284144855,0.0,0.0,0.0,0.0,0.0,0.0,0.0,0.0,0.0,0.0,0.0,0.0,0.0,0.0,0.0,0.0,0.0,0.0,0.0,0.0,0.0,0.0,0.0,0.0,0.0,0.0,0.0,0.0,0.0,0.0,0.0,0.0,0.0,0.0,0.0,0.0,0.0,0.0,0.0,0.0,0.0,0.0,0.0,0.0,0.0,0.0,0.0,0.0,-5.514077043960452,-5.514077043960452,-5.514077043960452,0.0,0.0,0.0,-119.00022625871871,-119.00022625871871,-119.00022625871871,-202.87489051736935,-202.87489051736935,-202.87489051736935,316.36103973212755,316.36103973212755,316.36103973212755,0.0,0.0,0.0,3218.8675513705252
2024-03-27,3226.072478668129,3087.294941086414,3403.1095833748045,3226.072478668129,3226.072478668129,0.0,0.0,0.0,0.0,0.0,0.0,0.0,0.0,0.0,0.0,0.0,0.0,0.0,0.0,0.0,0.0,0.0,0.0,0.0,0.0,0.0,0.0,0.0,0.0,0.0,0.0,0.0,0.0,0.0,0.0,0.0,0.0,0.0,0.0,0.0,0.0,0.0,0.0,0.0,0.0,0.0,0.0,0.0,0.0,0.0,0.0,0.0,0.0,16.1046471761286,16.1046471761286,16.1046471761286,0.0,0.0,0.0,-118.76757410150822,-118.76757410150822,-118.76757410150822,-181.7144759303587,-181.7144759303587,-181.7144759303587,316.5866972079956,316.5866972079956,316.5866972079956,0.0,0.0,0.0,3242.1771258442577
2024-03-28,3227.7633289217724,3240.120049593919,3571.781743258047,3227.7633289217724,3227.7633289217724,0.0,0.0,0.0,0.0,0.0,0.0,0.0,0.0,0.0,0.0,0.0,0.0,0.0,0.0,0.0,0.0,0.0,0.0,0.0,0.0,0.0,0.0,0.0,0.0,0.0,0.0,0.0,0.0,0.0,0.0,0.0,0.0,0.0,0.0,0.0,0.0,0.0,0.0,0.0,0.0,0.0,0.0,0.0,0.0,0.0,0.0,0.0,0.0,180.05788872997627,180.05788872997627,180.05788872997627,0.0,0.0,0.0,-120.46301282181453,-120.46301282181453,-120.46301282181453,-16.877812964043393,-16.877812964043393,-16.877812964043393,317.3987145158341,317.3987145158341,317.3987145158341,0.0,0.0,0.0,3407.8212176517486
2024-03-29,3229.4541791754164,3411.44748489676,3740.4827635683714,3229.4541791754164,3229.4541791754164,0.0,0.0,0.0,0.0,0.0,0.0,0.0,0.0,0.0,0.0,0.0,0.0,0.0,0.0,0.0,0.0,0.0,0.0,0.0,0.0,0.0,0.0,0.0,0.0,0.0,0.0,0.0,0.0,0.0,0.0,0.0,0.0,0.0,0.0,0.0,0.0,0.0,0.0,0.0,0.0,0.0,0.0,0.0,0.0,0.0,0.0,0.0,0.0,351.503523277987,351.503523277987,351.503523277987,0.0,0.0,0.0,-118.37950889544001,-118.37950889544001,-118.37950889544001,151.10859487125947,151.10859487125947,151.10859487125947,318.7744373021676,318.7744373021676,318.7744373021676,0.0,0.0,0.0,3580.9577024534033
2024-03-30,3231.14502942906,3488.0043478578136,3817.841091590919,3231.14502942906,3231.14502942906,0.0,0.0,0.0,0.0,0.0,0.0,0.0,0.0,0.0,0.0,0.0,0.0,0.0,0.0,0.0,0.0,0.0,0.0,0.0,0.0,0.0,0.0,0.0,0.0,0.0,0.0,0.0,0.0,0.0,0.0,0.0,0.0,0.0,0.0,0.0,0.0,0.0,0.0,0.0,0.0,0.0,0.0,0.0,0.0,0.0,0.0,0.0,0.0,422.4927821001609,422.4927821001609,422.4927821001609,0.0,0.0,0.0,-108.28320231887501,-108.28320231887501,-108.28320231887501,210.1013893641791,210.1013893641791,210.1013893641791,320.67459505485675,320.67459505485675,320.67459505485675,0.0,0.0,0.0,3653.637811529221
2024-03-31,3232.835879682703,3400.61016853291,3720.5762251007786,3232.835879682703,3232.835879682703,0.0,0.0,0.0,0.0,0.0,0.0,0.0,0.0,0.0,0.0,0.0,0.0,0.0,0.0,0.0,0.0,0.0,0.0,0.0,0.0,0.0,0.0,0.0,0.0,0.0,0.0,0.0,0.0,0.0,0.0,0.0,0.0,0.0,0.0,0.0,0.0,0.0,0.0,0.0,0.0,0.0,0.0,0.0,0.0,0.0,0.0,0.0,0.0,332.61341667644473,332.61341667644473,332.61341667644473,0.0,0.0,0.0,-89.97010929122861,-89.97010929122861,-89.97010929122861,99.5396473934854,99.5396473934854,99.5396473934854,323.043878574188,323.043878574188,323.043878574188,0.0,0.0,0.0,3565.4492963591474
2024-04-01,3234.5267299363463,3280.6730271304937,3604.940004185519,3234.5267299363463,3234.5267299363463,0.0,0.0,0.0,0.0,0.0,0.0,0.0,0.0,0.0,0.0,0.0,0.0,0.0,0.0,0.0,0.0,0.0,0.0,0.0,0.0,0.0,0.0,0.0,0.0,0.0,0.0,0.0,0.0,0.0,0.0,0.0,0.0,0.0,0.0,0.0,0.0,0.0,0.0,0.0,0.0,0.0,0.0,0.0,0.0,0.0,0.0,0.0,0.0,200.29121407471408,200.29121407471408,200.29121407471408,0.0,0.0,0.0,-66.23831792579738,-66.23831792579738,-66.23831792579738,-59.28245221732574,-59.28245221732574,-59.28245221732574,325.8119842178372,325.8119842178372,325.8119842178372,0.0,0.0,0.0,3434.8179440110603
2024-04-02,3236.21758018999,3151.0020755106175,3475.192332469553,3236.21758018999,3236.21758018999,0.0,0.0,0.0,0.0,0.0,0.0,0.0,0.0,0.0,0.0,0.0,0.0,0.0,0.0,0.0,0.0,0.0,0.0,0.0,0.0,0.0,0.0,0.0,0.0,0.0,0.0,0.0,0.0,0.0,0.0,0.0,0.0,0.0,0.0,0.0,0.0,0.0,0.0,0.0,0.0,0.0,0.0,0.0,0.0,0.0,0.0,0.0,0.0,85.92164229556636,85.92164229556636,85.92164229556636,0.0,0.0,0.0,-40.09856665569838,-40.09856665569838,-40.09856665569838,-202.8748905170809,-202.8748905170809,-202.8748905170809,328.89509946834556,328.89509946834556,328.89509946834556,0.0,0.0,0.0,3322.1392224855563
2024-04-03,3237.9084304436333,3215.4044327772376,3525.1861150935456,3237.9084304436333,3237.9084304436333,0.0,0.0,0.0,0.0,0.0,0.0,0.0,0.0,0.0,0.0,0.0,0.0,0.0,0.0,0.0,0.0,0.0,0.0,0.0,0.0,0.0,0.0,0.0,0.0,0.0,0.0,0.0,0.0,0.0,0.0,0.0,0.0,0.0,0.0,0.0,0.0,0.0,0.0,0.0,0.0,0.0,0.0,0.0,0.0,0.0,0.0,0.0,0.0,137.44862576643789,137.44862576643789,137.44862576643789,0.0,0.0,0.0,-13.034689386268703,-13.034689386268703,-13.034689386268703,-181.71447593066532,-181.71447593066532,-181.71447593066532,332.1977910833719,332.1977910833719,332.1977910833719,0.0,0.0,0.0,3375.3570562100713
2024-04-04,3239.599280697277,3405.2104371726628,3721.4641094299755,3239.599280697277,3239.599280697277,0.0,0.0,0.0,0.0,0.0,0.0,0.0,0.0,0.0,0.0,0.0,0.0,0.0,0.0,0.0,0.0,0.0,0.0,0.0,0.0,0.0,0.0,0.0,0.0,0.0,0.0,0.0,0.0,0.0,0.0,0.0,0.0,0.0,0.0,0.0,0.0,0.0,0.0,0.0,0.0,0.0,0.0,0.0,0.0,0.0,0.0,0.0,0.0,333.3137646738515,333.3137646738515,333.3137646738515,0.0,0.0,0.0,14.576332718370418,14.576332718370418,14.576332718370418,-16.87781296393526,-16.87781296393526,-16.87781296393526,335.61524491941645,335.61524491941645,335.61524491941645,0.0,0.0,0.0,3572.9130453711286
2024-04-05,3241.29013095092,3612.235595029649,3936.684319068714,3241.29013095092,3241.29013095092,0.0,0.0,0.0,0.0,0.0,0.0,0.0,0.0,0.0,0.0,0.0,0.0,0.0,0.0,0.0,0.0,0.0,0.0,0.0,0.0,0.0,0.0,0.0,0.0,0.0,0.0,0.0,0.0,0.0,0.0,0.0,0.0,0.0,0.0,0.0,0.0,0.0,0.0,0.0,0.0,0.0,0.0,0.0,0.0,0.0,0.0,0.0,0.0,532.2499030124428,532.2499030124428,532.2499030124428,0.0,0.0,0.0,42.10551230441438,42.10551230441438,42.10551230441438,151.1085948713428,151.1085948713428,151.1085948713428,339.0357958366857,339.0357958366857,339.0357958366857,0.0,0.0,0.0,3773.5400339633625
2024-04-06,3242.9809812045637,3703.5666471900977,4031.8076790297364,3242.9809812045637,3242.9809812045637,0.0,0.0,0.0,0.0,0.0,0.0,0.0,0.0,0.0,0.0,0.0,0.0,0.0,0.0,0.0,0.0,0.0,0.0,0.0,0.0,0.0,0.0,0.0,0.0,0.0,0.0,0.0,0.0,0.0,0.0,0.0,0.0,0.0,0.0,0.0,0.0,0.0,0.0,0.0,0.0,0.0,0.0,0.0,0.0,0.0,0.0,0.0,0.0,620.6445021838691,620.6445021838691,620.6445021838691,0.0,0.0,0.0,68.1994356033411,68.1994356033411,68.1994356033411,210.10138936414037,210.10138936414037,210.10138936414037,342.34367721638773,342.34367721638773,342.34367721638773,0.0,0.0,0.0,3863.6254833884327
2024-04-07,3244.671831458207,3611.2540742914944,3932.5162370707194,3244.671831458207,3244.671831458207,0.0,0.0,0.0,0.0,0.0,0.0,0.0,0.0,0.0,0.0,0.0,0.0,0.0,0.0,0.0,0.0,0.0,0.0,0.0,0.0,0.0,0.0,0.0,0.0,0.0,0.0,0.0,0.0,0.0,0.0,0.0,0.0,0.0,0.0,0.0,0.0,0.0,0.0,0.0,0.0,0.0,0.0,0.0,0.0,0.0,0.0,0.0,0.0,536.5352564456684,536.5352564456684,536.5352564456684,0.0,0.0,0.0,91.5736962313118,91.5736962313118,91.5736962313118,99.53964739337489,99.53964739337489,99.53964739337489,345.4219128209817,345.4219128209817,345.4219128209817,0.0,0.0,0.0,3781.2070879038756
2024-04-08,3246.3626817118507,3491.5868888698756,3804.3049298987034,3246.3626817118507,3246.3626817118507,0.0,0.0,0.0,0.0,0.0,0.0,0.0,0.0,0.0,0.0,0.0,0.0,0.0,0.0,0.0,0.0,0.0,0.0,0.0,0.0,0.0,0.0,0.0,0.0,0.0,0.0,0.0,0.0,0.0,0.0,0.0,0.0,0.0,0.0,0.0,0.0,0.0,0.0,0.0,0.0,0.0,0.0,0.0,0.0,0.0,0.0,0.0,0.0,400.6579098880268,400.6579098880268,400.6579098880268,0.0,0.0,0.0,111.78509289800367,111.78509289800367,111.78509289800367,-59.28245221748272,-59.28245221748272,-59.28245221748272,348.15526920750585,348.15526920750585,348.15526920750585,0.0,0.0,0.0,3647.0205915998777
2024-04-09,3248.053531965494,3365.306688679967,3691.5663061223336,3248.053531965494,3248.053531965494,0.0,0.0,0.0,0.0,0.0,0.0,0.0,0.0,0.0,0.0,0.0,0.0,0.0,0.0,0.0,0.0,0.0,0.0,0.0,0.0,0.0,0.0,0.0,0.0,0.0,0.0,0.0,0.0,0.0,0.0,0.0,0.0,0.0,0.0,0.0,0.0,0.0,0.0,0.0,0.0,0.0,0.0,0.0,0.0,0.0,0.0,0.0,0.0,276.2839858054742,276.2839858054742,276.2839858054742,0.0,0.0,0.0,128.72569152097333,128.72569152097333,128.72569152097333,-202.8748905171245,-202.8748905171245,-202.8748905171245,350.4331848016253,350.4331848016253,350.4331848016253,0.0,0.0,0.0,3524.337517770968
2024-04-10,3249.744382219137,3384.9601570249692,3718.3046204554603,3249.744382219137,3249.744382219137,0.0,0.0,0.0,0.0,0.0,0.0,0.0,0.0,0.0,0.0,0.0,0.0,0.0,0.0,0.0,0.0,0.0,0.0,0.0,0.0,0.0,0.0,0.0,0.0,0.0,0.0,0.0,0.0,0.0,0.0,0.0,0.0,0.0,0.0,0.0,0.0,0.0,0.0,0.0,0.0,0.0,0.0,0.0,0.0,0.0,0.0,0.0,0.0,311.69410551783653,311.69410551783653,311.69410551783653,0.0,0.0,0.0,141.25598932786906,141.25598932786906,141.25598932786906,-181.71447593065,-181.71447593065,-181.71447593065,352.15259212061744,352.15259212061744,352.15259212061744,0.0,0.0,0.0,3561.438487736974
2024-04-11,3251.4352324727806,3560.22980647737,3898.4692214333118,3251.4352324727806,3251.4352324727806,0.0,0.0,0.0,0.0,0.0,0.0,0.0,0.0,0.0,0.0,0.0,0.0,0.0,0.0,0.0,0.0,0.0,0.0,0.0,0.0,0.0,0.0,0.0,0.0,0.0,0.0,0.0,0.0,0.0,0.0,0.0,0.0,0.0,0.0,0.0,0.0,0.0,0.0,0.0,0.0,0.0,0.0,0.0,0.0,0.0,0.0,0.0,0.0,483.1074438615994,483.1074438615994,483.1074438615994,0.0,0.0,0.0,146.76470433916032,146.76470433916032,146.76470433916032,-16.87781296382713,-16.87781296382713,-16.87781296382713,353.2205524862663,353.2205524862663,353.2205524862663,0.0,0.0,0.0,3734.54267633438
2024-04-12,3253.1260827264246,3751.0700067269745,4056.8320470500585,3253.1260827264246,3253.1260827264246,0.0,0.0,0.0,0.0,0.0,0.0,0.0,0.0,0.0,0.0,0.0,0.0,0.0,0.0,0.0,0.0,0.0,0.0,0.0,0.0,0.0,0.0,0.0,0.0,0.0,0.0,0.0,0.0,0.0,0.0,0.0,0.0,0.0,0.0,0.0,0.0,0.0,0.0,0.0,0.0,0.0,0.0,0.0,0.0,0.0,0.0,0.0,0.0,647.4476268404379,647.4476268404379,647.4476268404379,0.0,0.0,0.0,142.7824041567018,142.7824041567018,142.7824041567018,151.10859487142608,151.10859487142608,151.10859487142608,353.5566278123101,353.5566278123101,353.5566278123101,0.0,0.0,0.0,3900.5737095668624
2024-04-13,3254.8169329800676,3790.9127904513884,4114.460255314915,3254.8169329800676,3254.8169329800676,0.0,0.0,0.0,0.0,0.0,0.0,0.0,0.0,0.0,0.0,0.0,0.0,0.0,0.0,0.0,0.0,0.0,0.0,0.0,0.0,0.0,0.0,0.0,0.0,0.0,0.0,0.0,0.0,0.0,0.0,0.0,0.0,0.0,0.0,0.0,0.0,0.0,0.0,0.0,0.0,0.0,0.0,0.0,0.0,0.0,0.0,0.0,0.0,692.7272655294274,692.7272655294274,692.7272655294274,0.0,0.0,0.0,129.53095463638928,129.53095463638928,129.53095463638928,210.10138936412207,210.10138936412207,210.10138936412207,353.0949215289161,353.0949215289161,353.0949215289161,0.0,0.0,0.0,3947.544198509495
2024-04-14,3256.5077832337115,3657.6534835198227,3988.8258370912054,3256.5077832337115,3256.5077832337115,0.0,0.0,0.0,0.0,0.0,0.0,0.0,0.0,0.0,0.0,0.0,0.0,0.0,0.0,0.0,0.0,0.0,0.0,0.0,0.0,0.0,0.0,0.0,0.0,0.0,0.0,0.0,0.0,0.0,0.0,0.0,0.0,0.0,0.0,0.0,0.0,0.0,0.0,0.0,0.0,0.0,0.0,0.0,0.0,0.0,0.0,0.0,0.0,562.1120792353723,562.1120792353723,562.1120792353723,0.0,0.0,0.0,110.78670164322955,110.78670164322955,110.78670164322955,99.53964739387342,99.53964739387342,99.53964739387342,351.78573019826945,351.78573019826945,351.78573019826945,0.0,0.0,0.0,3818.6198624690837
2024-04-15,3258.1986334873545,3478.537672866598,3797.326863082104,3258.1986334873545,3258.1986334873545,0.0,0.0,0.0,0.0,0.0,0.0,0.0,0.0,0.0,0.0,0.0,0.0,0.0,0.0,0.0,0.0,0.0,0.0,0.0,0.0,0.0,0.0,0.0,0.0,0.0,0.0,0.0,0.0,0.0,0.0,0.0,0.0,0.0,0.0,0.0,0.0,0.0,0.0,0.0,0.0,0.0,0.0,0.0,0.0,0.0,0.0,0.0,0.0,381.84524900053543,381.84524900053543,381.84524900053543,0.0,0.0,0.0,91.5309426192025,91.5309426192025,91.5309426192025,-59.28245221759255,-59.28245221759255,-59.28245221759255,349.5967585989253,349.5967585989253,349.5967585989253,0.0,0.0,0.0,3640.04388248789
2024-04-16,3259.889483740998,3322.2912013621253,3644.8907491104073,3259.889483740998,3259.889483740998,0.0,0.0,0.0,0.0,0.0,0.0,0.0,0.0,0.0,0.0,0.0,0.0,0.0,0.0,0.0,0.0,0.0,0.0,0.0,0.0,0.0,0.0,0.0,0.0,0.0,0.0,0.0,0.0,0.0,0.0,0.0,0.0,0.0,0.0,0.0,0.0,0.0,0.0,0.0,0.0,0.0,0.0,0.0,0.0,0.0,0.0,0.0,0.0,217.51795612179538,217.51795612179538,217.51795612179538,0.0,0.0,0.0,73.87898296085517,73.87898296085517,73.87898296085517,-202.87489051716813,-202.87489051716813,-202.87489051716813,346.51386367810835,346.51386367810835,346.51386367810835,0.0,0.0,0.0,3477.4074398627936
2024-04-17,3261.5803339946415,3303.641915510876,3641.9868938591967,3261.5803339946415,3261.5803339946415,0.0,0.0,0.0,0.0,0.0,0.0,0.0,0.0,0.0,0.0,0.0,0.0,0.0,0.0,0.0,0.0,0.0,0.0,0.0,0.0,0.0,0.0,0.0,0.0,0.0,0.0,0.0,0.0,0.0,0.0,0.0,0.0,0.0,0.0,0.0,0.0,0.0,0.0,0.0,0.0,0.0,0.0,0.0,0.0,0.0,0.0,0.0,0.0,215.7237624379674,215.7237624379674,215.7237624379674,0.0,0.0,0.0,54.896931950768355,54.896931950768355,54.896931950768355,-181.7144759305349,-181.7144759305349,-181.7144759305349,342.54130641773395,342.54130641773395,342.54130641773395,0.0,0.0,0.0,3477.3040964326087
2024-04-18,3263.271184248285,3453.7811097471326,3776.519683071671,3263.271184248285,3263.271184248285,0.0,0.0,0.0,0.0,0.0,0.0,0.0,0.0,0.0,0.0,0.0,0.0,0.0,0.0,0.0,0.0,0.0,0.0,0.0,0.0,0.0,0.0,0.0,0.0,0.0,0.0,0.0,0.0,0.0,0.0,0.0,0.0,0.0,0.0,0.0,0.0,0.0,0.0,0.0,0.0,0.0,0.0,0.0,0.0,0.0,0.0,0.0,0.0,349.6404764475116,349.6404764475116,349.6404764475116,0.0,0.0,0.0,28.81678448782364,28.81678448782364,28.81678448782364,-16.877812963669864,-16.877812963669864,-16.877812963669864,337.7015049233579,337.7015049233579,337.7015049233579,0.0,0.0,0.0,3612.9116606957964
2024-04-19,3264.9620345019284,3587.1485383215713,3898.396908820828,3264.9620345019284,3264.9620345019284,0.0,0.0,0.0,0.0,0.0,0.0,0.0,0.0,0.0,0.0,0.0,0.0,0.0,0.0,0.0,0.0,0.0,0.0,0.0,0.0,0.0,0.0,0.0,0.0,0.0,0.0,0.0,0.0,0.0,0.0,0.0,0.0,0.0,0.0,0.0,0.0,0.0,0.0,0.0,0.0,0.0,0.0,0.0,0.0,0.0,0.0,0.0,0.0,475.5783212277546,475.5783212277546,475.5783212277546,0.0,0.0,0.0,-7.56457014865025,-7.56457014865025,-7.56457014865025,151.10859487100217,151.10859487100217,151.10859487100217,332.0342965054026,332.0342965054026,332.0342965054026,0.0,0.0,0.0,3740.540355729683
2024-04-20,3266.652884755572,3586.3557648273927,3913.988234536715,3266.652884755572,3266.652884755572,0.0,0.0,0.0,0.0,0.0,0.0,0.0,0.0,0.0,0.0,0.0,0.0,0.0,0.0,0.0,0.0,0.0,0.0,0.0,0.0,0.0,0.0,0.0,0.0,0.0,0.0,0.0,0.0,0.0,0.0,0.0,0.0,0.0,0.0,0.0,0.0,0.0,0.0,0.0,0.0,0.0,0.0,0.0,0.0,0.0,0.0,0.0,0.0,485.0563162771148,485.0563162771148,485.0563162771148,0.0,0.0,0.0,-50.64080383389593,-50.64080383389593,-50.64080383389593,210.10138936410382,210.10138936410382,210.10138936410382,325.59573074690684,325.59573074690684,325.59573074690684,0.0,0.0,0.0,3751.709201032687
2024-04-21,3268.3437350092154,3429.970324297197,3758.864620569088,3268.3437350092154,3268.3437350092154,0.0,0.0,0.0,0.0,0.0,0.0,0.0,0.0,0.0,0.0,0.0,0.0,0.0,0.0,0.0,0.0,0.0,0.0,0.0,0.0,0.0,0.0,0.0,0.0,0.0,0.0,0.0,0.0,0.0,0.0,0.0,0.0,0.0,0.0,0.0,0.0,0.0,0.0,0.0,0.0,0.0,0.0,0.0,0.0,0.0,0.0,0.0,0.0,327.220581704645,327.220581704645,327.220581704645,0.0,0.0,0.0,-90.77549481101236,-90.77549481101236,-90.77549481101236,99.53964739376462,99.53964739376462,99.53964739376462,318.4564291218927,318.4564291218927,318.4564291218927,0.0,0.0,0.0,3595.5643167138605
2024-04-22,3270.034585262859,3253.415637491328,3566.523878348499,3270.034585262859,3270.034585262859,0.0,0.0,0.0,0.0,0.0,0.0,0.0,0.0,0.0,0.0,0.0,0.0,0.0,0.0,0.0,0.0,0.0,0.0,0.0,0.0,0.0,0.0,0.0,0.0,0.0,0.0,0.0,0.0,0.0,0.0,0.0,0.0,0.0,0.0,0.0,0.0,0.0,0.0,0.0,0.0,0.0,0.0,0.0,0.0,0.0,0.0,0.0,0.0,133.40387717549987,133.40387717549987,133.40387717549987,0.0,0.0,0.0,-118.01322984618167,-118.01322984618167,-118.01322984618167,-59.28245221770232,-59.28245221770232,-59.28245221770232,310.6995592393839,310.6995592393839,310.6995592393839,0.0,0.0,0.0,3403.438462438359
2024-04-23,3271.7254355165023,3082.1697830493063,3413.0695254907664,3271.7254355165023,3271.7254355165023,0.0,0.0,0.0,0.0,0.0,0.0,0.0,0.0,0.0,0.0,0.0,0.0,0.0,0.0,0.0,0.0,0.0,0.0,0.0,0.0,0.0,0.0,0.0,0.0,0.0,0.0,0.0,0.0,0.0,0.0,0.0,0.0,0.0,0.0,0.0,0.0,0.0,0.0,0.0,0.0,0.0,0.0,0.0,0.0,0.0,0.0,0.0,0.0,-28.93257919298559,-28.93257919298559,-28.93257919298559,0.0,0.0,0.0,-128.47617154773513,-128.47617154773513,-128.47617154773513,-202.87489051725248,-202.87489051725248,-202.87489051725248,302.418482872002,302.418482872002,302.418482872002,0.0,0.0,0.0,3242.792856323517
2024-04-24,3273.416285770146,3088.395158116679,3415.45436334208,3273.416285770146,3273.416285770146,0.0,0.0,0.0,0.0,0.0,0.0,0.0,0.0,0.0,0.0,0.0,0.0,0.0,0.0,0.0,0.0,0.0,0.0,0.0,0.0,0.0,0.0,0.0,0.0,0.0,0.0,0.0,0.0,0.0,0.0,0.0,0.0,0.0,0.0,0.0,0.0,0.0,0.0,0.0,0.0,0.0,0.0,0.0,0.0,0.0,0.0,0.0,0.0,-14.483044525048765,-14.483044525048765,-14.483044525048765,0.0,0.0,0.0,-126.48271484951785,-126.48271484951785,-126.48271484951785,-181.71447593046966,-181.71447593046966,-181.71447593046966,293.7141462549388,293.7141462549388,293.7141462549388,0.0,0.0,0.0,3258.933241245097
2024-04-25,3275.107136023789,3255.8624414753444,3570.451559765232,3275.107136023789,3275.107136023789,0.0,0.0,0.0,0.0,0.0,0.0,0.0,0.0,0.0,0.0,0.0,0.0,0.0,0.0,0.0,0.0,0.0,0.0,0.0,0.0,0.0,0.0,0.0,0.0,0.0,0.0,0.0,0.0,0.0,0.0,0.0,0.0,0.0,0.0,0.0,0.0,0.0,0.0,0.0,0.0,0.0,0.0,0.0,0.0,0.0,0.0,0.0,0.0,146.97895598261806,146.97895598261806,146.97895598261806,0.0,0.0,0.0,-120.83551949206336,-120.83551949206336,-120.83551949206336,-16.877812964366235,-16.877812964366235,-16.877812964366235,284.69228843904773,284.69228843904773,284.69228843904773,0.0,0.0,0.0,3422.086092006407
2024-04-26,3276.7979862774323,3428.0890710537637,3740.856557283244,3276.7979862774323,3276.7979862774323,0.0,0.0,0.0,0.0,0.0,0.0,0.0,0.0,0.0,0.0,0.0,0.0,0.0,0.0,0.0,0.0,0.0,0.0,0.0,0.0,0.0,0.0,0.0,0.0,0.0,0.0,0.0,0.0,0.0,0.0,0.0,0.0,0.0,0.0,0.0,0.0,0.0,0.0,0.0,0.0,0.0,0.0,0.0,0.0,0.0,0.0,0.0,0.0,308.2091274451416,308.2091274451416,308.2091274451416,0.0,0.0,0.0,-118.36001595908894,-118.36001595908894,-118.36001595908894,151.1085948711241,151.1085948711241,151.1085948711241,275.4605485331064,275.4605485331064,275.4605485331064,0.0,0.0,0.0,3585.007113722574
2024-04-27,3278.488836531076,3463.73011360345,3793.9450652471505,3278.488836531076,3278.488836531076,0.0,0.0,0.0,0.0,0.0,0.0,0.0,0.0,0.0,0.0,0.0,0.0,0.0,0.0,0.0,0.0,0.0,0.0,0.0,0.0,0.0,0.0,0.0,0.0,0.0,0.0,0.0,0.0,0.0,0.0,0.0,0.0,0.0,0.0,0.0,0.0,0.0,0.0,0.0,0.0,0.0,0.0,0.0,0.0,0.0,0.0,0.0,0.0,356.51473525112846,356.51473525112846,356.51473525112846,0.0,0.0,0.0,-119.71220944513517,-119.71220944513517,-119.71220944513517,210.10138936408555,210.10138936408555,210.10138936408555,266.12555533217807,266.12555533217807,266.12555533217807,0.0,0.0,0.0,3635.0035717822043
2024-04-28,3280.1796867847197,3349.2856611673874,3684.538869244791,3280.1796867847197,3280.1796867847197,0.0,0.0,0.0,0.0,0.0,0.0,0.0,0.0,0.0,0.0,0.0,0.0,0.0,0.0,0.0,0.0,0.0,0.0,0.0,0.0,0.0,0.0,0.0,0.0,0.0,0.0,0.0,0.0,0.0,0.0,0.0,0.0,0.0,0.0,0.0,0.0,0.0,0.0,0.0,0.0,0.0,0.0,0.0,0.0,0.0,0.0,0.0,0.0,236.08893665524022,236.08893665524022,236.08893665524022,0.0,0.0,0.0,-120.24079376052723,-120.24079376052723,-120.24079376052723,99.5396473936524,99.5396473936524,99.5396473936524,256.7900830221151,256.7900830221151,256.7900830221151,0.0,0.0,0.0,3516.26862343996
2024-04-29,3281.870537038363,3184.1271221232005,3517.7950803945646,3281.870537038363,3281.870537038363,0.0,0.0,0.0,0.0,0.0,0.0,0.0,0.0,0.0,0.0,0.0,0.0,0.0,0.0,0.0,0.0,0.0,0.0,0.0,0.0,0.0,0.0,0.0,0.0,0.0,0.0,0.0,0.0,0.0,0.0,0.0,0.0,0.0,0.0,0.0,0.0,0.0,0.0,0.0,0.0,0.0,0.0,0.0,0.0,0.0,0.0,0.0,0.0,73.82400678564916,73.82400678564916,73.82400678564916,0.0,0.0,0.0,-114.44389537143873,-114.44389537143873,-114.44389537143873,-59.282452217154265,-59.282452217154265,-59.282452217154265,247.55035437424215,247.55035437424215,247.55035437424215,0.0,0.0,0.0,3355.6945438240123
2024-04-30,3283.561387292006,3048.0617207660543,3374.070473390982,3283.561387292006,3283.561387292006,0.0,0.0,0.0,0.0,0.0,0.0,0.0,0.0,0.0,0.0,0.0,0.0,0.0,0.0,0.0,0.0,0.0,0.0,0.0,0.0,0.0,0.0,0.0,0.0,0.0,0.0,0.0,0.0,0.0,0.0,0.0,0.0,0.0,0.0,0.0,0.0,0.0,0.0,0.0,0.0,0.0,0.0,0.0,0.0,0.0,0.0,0.0,0.0,-64.39895794914196,-64.39895794914196,-64.39895794914196,0.0,0.0,0.0,-100.01763560362622,-100.01763560362622,-100.01763560362622,-202.8748905170048,-202.8748905170048,-202.8748905170048,238.49356817148904,238.49356817148904,238.49356817148904,0.0,0.0,0.0,3219.162429342864
2024-05-01,3285.2522375456497,3085.1094211491336,3409.517112337289,3285.2522375456497,3285.2522375456497,0.0,0.0,0.0,0.0,0.0,0.0,0.0,0.0,0.0,0.0,0.0,0.0,0.0,0.0,0.0,0.0,0.0,0.0,0.0,0.0,0.0,0.0,0.0,0.0,0.0,0.0,0.0,0.0,0.0,0.0,0.0,0.0,0.0,0.0,0.0,0.0,0.0,0.0,0.0,0.0,0.0,0.0,0.0,0.0,0.0,0.0,0.0,0.0,-30.58604929954369,-30.58604929954369,-30.58604929954369,0.0,0.0,0.0,-78.56729404792173,-78.56729404792173,-78.56729404792173,-181.71447593040446,-181.71447593040446,-181.71447593040446,229.69572067878258,229.69572067878258,229.69572067878258,0.0,0.0,0.0,3254.666188246106
2024-05-02,3286.943087799293,3277.351529137273,3606.833420598502,3286.943087799293,3286.943087799293,0.0,0.0,0.0,0.0,0.0,0.0,0.0,0.0,0.0,0.0,0.0,0.0,0.0,0.0,0.0,0.0,0.0,0.0,0.0,0.0,0.0,0.0,0.0,0.0,0.0,0.0,0.0,0.0,0.0,0.0,0.0,0.0,0.0,0.0,0.0,0.0,0.0,0.0,0.0,0.0,0.0,0.0,0.0,0.0,0.0,0.0,0.0,0.0,151.00567550068564,151.00567550068564,151.00567550068564,0.0,0.0,0.0,-53.336293533016295,-53.336293533016295,-53.336293533016295,-16.87781296415985,-16.87781296415985,-16.87781296415985,221.21978199786184,221.21978199786184,221.21978199786184,0.0,0.0,0.0,3437.948763299979
2024-05-03,3288.6339380529366,3455.3262730915626,3794.818036402349,3288.6339380529366,3288.6339380529366,0.0,0.0,0.0,0.0,0.0,0.0,0.0,0.0,0.0,0.0,0.0,0.0,0.0,0.0,0.0,0.0,0.0,0.0,0.0,0.0,0.0,0.0,0.0,0.0,0.0,0.0,0.0,0.0,0.0,0.0,0.0,0.0,0.0,0.0,0.0,0.0,0.0,0.0,0.0,0.0,0.0,0.0,0.0,0.0,0.0,0.0,0.0,0.0,337.5737328827813,337.5737328827813,337.5737328827813,0.0,0.0,0.0,-26.64913938857362,-26.64913938857362,-26.64913938857362,151.10859487116875,151.10859487116875,151.10859487116875,213.11427740018613,213.11427740018613,213.11427740018613,0.0,0.0,0.0,3626.207670935718
2024-05-04,3290.32478830658,3542.3725559109052,3870.1164535223515,3290.32478830658,3290.32478830658,0.0,0.0,0.0,0.0,0.0,0.0,0.0,0.0,0.0,0.0,0.0,0.0,0.0,0.0,0.0,0.0,0.0,0.0,0.0,0.0,0.0,0.0,0.0,0.0,0.0,0.0,0.0,0.0,0.0,0.0,0.0,0.0,0.0,0.0,0.0,0.0,0.0,0.0,0.0,0.0,0.0,0.0,0.0,0.0,0.0,0.0,0.0,0.0,416.23648174082837,416.23648174082837,416.23648174082837,0.0,0.0,0.0,0.7227808429298522,0.7227808429298522,0.7227808429298522,210.10138936404678,210.10138936404678,210.10138936404678,205.41231153385172,205.41231153385172,205.41231153385172,0.0,0.0,0.0,3706.5612700474085
2024-05-05,3292.0156385602236,3458.9959274301773,3789.3511745367637,3292.0156385602236,3292.0156385602236,0.0,0.0,0.0,0.0,0.0,0.0,0.0,0.0,0.0,0.0,0.0,0.0,0.0,0.0,0.0,0.0,0.0,0.0,0.0,0.0,0.0,0.0,0.0,0.0,0.0,0.0,0.0,0.0,0.0,0.0,0.0,0.0,0.0,0.0,0.0,0.0,0.0,0.0,0.0,0.0,0.0,0.0,0.0,0.0,0.0,0.0,0.0,0.0,326.0945598547168,326.0945598547168,326.0945598547168,0.0,0.0,0.0,28.42385234174196,28.42385234174196,28.42385234174196,99.53964739354191,99.53964739354191,99.53964739354191,198.13106011943296,198.13106011943296,198.13106011943296,0.0,0.0,0.0,3618.1101984149404
2024-05-06,3293.7064888138666,3329.036735052742,3640.6010561230305,3293.7064888138666,3293.7064888138666,0.0,0.0,0.0,0.0,0.0,0.0,0.0,0.0,0.0,0.0,0.0,0.0,0.0,0.0,0.0,0.0,0.0,0.0,0.0,0.0,0.0,0.0,0.0,0.0,0.0,0.0,0.0,0.0,0.0,0.0,0.0,0.0,0.0,0.0,0.0,0.0,0.0,0.0,0.0,0.0,0.0,0.0,0.0,0.0,0.0,0.0,0.0,0.0,187.41651302539134,187.41651302539134,187.41651302539134,0.0,0.0,0.0,55.42722546224803,55.42722546224803,55.42722546224803,-59.28245221726406,-59.28245221726406,-59.28245221726406,191.2717397804073,191.2717397804073,191.2717397804073,0.0,0.0,0.0,3481.123001839258
2024-05-07,3295.3973390675105,3193.3969126709576,3526.382815127206,3295.3973390675105,3295.3973390675105,0.0,0.0,0.0,0.0,0.0,0.0,0.0,0.0,0.0,0.0,0.0,0.0,0.0,0.0,0.0,0.0,0.0,0.0,0.0,0.0,0.0,0.0,0.0,0.0,0.0,0.0,0.0,0.0,0.0,0.0,0.0,0.0,0.0,0.0,0.0,0.0,0.0,0.0,0.0,0.0,0.0,0.0,0.0,0.0,0.0,0.0,0.0,0.0,62.2206101991691,62.2206101991691,62.2206101991691,0.0,0.0,0.0,80.27544829876793,80.27544829876793,80.27544829876793,-202.8748905170892,-202.8748905170892,-202.8748905170892,184.82005241749044,184.82005241749044,184.82005241749044,0.0,0.0,0.0,3357.6179492666797
2024-05-08,3297.088189321154,3239.2800886162677,3559.9182566408654,3297.088189321154,3297.088189321154,0.0,0.0,0.0,0.0,0.0,0.0,0.0,0.0,0.0,0.0,0.0,0.0,0.0,0.0,0.0,0.0,0.0,0.0,0.0,0.0,0.0,0.0,0.0,0.0,0.0,0.0,0.0,0.0,0.0,0.0,0.0,0.0,0.0,0.0,0.0,0.0,0.0,0.0,0.0,0.0,0.0,0.0,0.0,0.0,0.0,0.0,0.0,0.0,99.10638360083037,99.10638360083037,99.10638360083037,0.0,0.0,0.0,102.07377307512105,102.07377307512105,102.07377307512105,-181.71447593033923,-181.71447593033923,-181.71447593033923,178.74708645604852,178.74708645604852,178.74708645604852,0.0,0.0,0.0,3396.194572921984
2024-05-09,3298.7790395747975,3408.4374526046845,3735.5348044553925,3298.7790395747975,3298.7790395747975,0.0,0.0,0.0,0.0,0.0,0.0,0.0,0.0,0.0,0.0,0.0,0.0,0.0,0.0,0.0,0.0,0.0,0.0,0.0,0.0,0.0,0.0,0.0,0.0,0.0,0.0,0.0,0.0,0.0,0.0,0.0,0.0,0.0,0.0,0.0,0.0,0.0,0.0,0.0,0.0,0.0,0.0,0.0,0.0,0.0,0.0,0.0,0.0,276.82970077214975,276.82970077214975,276.82970077214975,0.0,0.0,0.0,120.6968699444773,120.6968699444773,120.6968699444773,-16.877812964051717,-16.877812964051717,-16.877812964051717,173.01064379172422,173.01064379172422,173.01064379172422,0.0,0.0,0.0,3575.6087403469473
2024-05-10,3300.4698898284405,3582.5811522337654,3916.6898217762105,3300.4698898284405,3300.4698898284405,0.0,0.0,0.0,0.0,0.0,0.0,0.0,0.0,0.0,0.0,0.0,0.0,0.0,0.0,0.0,0.0,0.0,0.0,0.0,0.0,0.0,0.0,0.0,0.0,0.0,0.0,0.0,0.0,0.0,0.0,0.0,0.0,0.0,0.0,0.0,0.0,0.0,0.0,0.0,0.0,0.0,0.0,0.0,0.0,0.0,0.0,0.0,0.0,454.34532813489926,454.34532813489926,454.34532813489926,0.0,0.0,0.0,135.67978452800114,135.67978452800114,135.67978452800114,151.10859487129068,151.10859487129068,151.10859487129068,167.55694873560745,167.55694873560745,167.55694873560745,0.0,0.0,0.0,3754.81521796334
2024-05-11,3302.1607400820844,3662.3542370598448,3980.5074822914958,3302.1607400820844,3302.1607400820844,0.0,0.0,0.0,0.0,0.0,0.0,0.0,0.0,0.0,0.0,0.0,0.0,0.0,0.0,0.0,0.0,0.0,0.0,0.0,0.0,0.0,0.0,0.0,0.0,0.0,0.0,0.0,0.0,0.0,0.0,0.0,0.0,0.0,0.0,0.0,0.0,0.0,0.0,0.0,0.0,0.0,0.0,0.0,0.0,0.0,0.0,0.0,0.0,517.5010676450986,517.5010676450986,517.5010676450986,0.0,0.0,0.0,145.07699419526358,145.07699419526358,145.07699419526358,210.10138936415484,210.10138936415484,210.10138936415484,162.32268408568018,162.32268408568018,162.32268408568018,0.0,0.0,0.0,3819.6618077271833
2024-05-12,3303.8515903357275,3548.3706793819138,3878.0775123016947,3303.8515903357275,3303.8515903357275,0.0,0.0,0.0,0.0,0.0,0.0,0.0,0.0,0.0,0.0,0.0,0.0,0.0,0.0,0.0,0.0,0.0,0.0,0.0,0.0,0.0,0.0,0.0,0.0,0.0,0.0,0.0,0.0,0.0,0.0,0.0,0.0,0.0,0.0,0.0,0.0,0.0,0.0,0.0,0.0,0.0,0.0,0.0,0.0,0.0,0.0,0.0,0.0,402.810878109185,402.810878109185,402.810878109185,0.0,0.0,0.0,146.03394075446045,146.03394075446045,146.03394075446045,99.53964739343141,99.53964739343141,99.53964739343141,157.23728996129307,157.23728996129307,157.23728996129307,0.0,0.0,0.0,3706.6624684449125
2024-05-13,3305.5424405893714,3381.3346965590363,3700.9238073037955,3305.5424405893714,3305.5424405893714,0.0,0.0,0.0,0.0,0.0,0.0,0.0,0.0,0.0,0.0,0.0,0.0,0.0,0.0,0.0,0.0,0.0,0.0,0.0,0.0,0.0,0.0,0.0,0.0,0.0,0.0,0.0,0.0,0.0,0.0,0.0,0.0,0.0,0.0,0.0,0.0,0.0,0.0,0.0,0.0,0.0,0.0,0.0,0.0,0.0,0.0,0.0,0.0,230.09366363309024,230.09366363309024,230.09366363309024,0.0,0.0,0.0,137.15066234295534,137.15066234295534,137.15066234295534,-59.28245221742104,-59.28245221742104,-59.28245221742104,152.22545350755598,152.22545350755598,152.22545350755598,0.0,0.0,0.0,3535.6361042224617
2024-05-14,3307.2332908430144,3208.9579873500343,3531.346234098032,3307.2332908430144,3307.2332908430144,0.0,0.0,0.0,0.0,0.0,0.0,0.0,0.0,0.0,0.0,0.0,0.0,0.0,0.0,0.0,0.0,0.0,0.0,0.0,0.0,0.0,0.0,0.0,0.0,0.0,0.0,0.0,0.0,0.0,0.0,0.0,0.0,0.0,0.0,0.0,0.0,0.0,0.0,0.0,0.0,0.0,0.0,0.0,0.0,0.0,0.0,0.0,0.0,64.84987820740083,64.84987820740083,64.84987820740083,0.0,0.0,0.0,120.51505649176693,120.51505649176693,120.51505649176693,-202.874890517092,-202.874890517092,-202.874890517092,147.20971223272588,147.20971223272588,147.20971223272588,0.0,0.0,0.0,3372.083169050415
2024-05-15,3308.924141096658,3198.3672261792735,3522.7951212267494,3308.924141096658,3308.924141096658,0.0,0.0,0.0,0.0,0.0,0.0,0.0,0.0,0.0,0.0,0.0,0.0,0.0,0.0,0.0,0.0,0.0,0.0,0.0,0.0,0.0,0.0,0.0,0.0,0.0,0.0,0.0,0.0,0.0,0.0,0.0,0.0,0.0,0.0,0.0,0.0,0.0,0.0,0.0,0.0,0.0,0.0,0.0,0.0,0.0,0.0,0.0,0.0,61.37792279552315,61.37792279552315,61.37792279552315,0.0,0.0,0.0,100.9793079902052,100.9793079902052,100.9793079902052,-181.71447593022415,-181.71447593022415,-181.71447593022415,142.11309073554207,142.11309073554207,142.11309073554207,0.0,0.0,0.0,3370.302063892181
2024-05-16,3310.6149913503014,3349.489639139348,3668.6367841333813,3310.6149913503014,3310.6149913503014,0.0,0.0,0.0,0.0,0.0,0.0,0.0,0.0,0.0,0.0,0.0,0.0,0.0,0.0,0.0,0.0,0.0,0.0,0.0,0.0,0.0,0.0,0.0,0.0,0.0,0.0,0.0,0.0,0.0,0.0,0.0,0.0,0.0,0.0,0.0,0.0,0.0,0.0,0.0,0.0,0.0,0.0,0.0,0.0,0.0,0.0,0.0,0.0,202.55623243016495,202.55623243016495,202.55623243016495,0.0,0.0,0.0,82.57235539679807,82.57235539679807,82.57235539679807,-16.877812964649834,-16.877812964649834,-16.877812964649834,136.86168999801674,136.86168999801674,136.86168999801674,0.0,0.0,0.0,3513.1712237804663
2024-05-17,3312.305841603945,3493.2525984015215,3816.5159052457775,3312.305841603945,3312.305841603945,0.0,0.0,0.0,0.0,0.0,0.0,0.0,0.0,0.0,0.0,0.0,0.0,0.0,0.0,0.0,0.0,0.0,0.0,0.0,0.0,0.0,0.0,0.0,0.0,0.0,0.0,0.0,0.0,0.0,0.0,0.0,0.0,0.0,0.0,0.0,0.0,0.0,0.0,0.0,0.0,0.0,0.0,0.0,0.0,0.0,0.0,0.0,0.0,347.4004829639331,347.4004829639331,347.4004829639331,0.0,0.0,0.0,64.90473781832821,64.90473781832821,64.90473781832821,151.1085948714126,151.1085948714126,151.1085948714126,131.38715027419215,131.38715027419215,131.38715027419215,0.0,0.0,0.0,3659.706324567878
2024-05-18,3313.9966918575883,3533.165205583933,3845.712835685988,3313.9966918575883,3313.9966918575883,0.0,0.0,0.0,0.0,0.0,0.0,0.0,0.0,0.0,0.0,0.0,0.0,0.0,0.0,0.0,0.0,0.0,0.0,0.0,0.0,0.0,0.0,0.0,0.0,0.0,0.0,0.0,0.0,0.0,0.0,0.0,0.0,0.0,0.0,0.0,0.0,0.0,0.0,0.0,0.0,0.0,0.0,0.0,0.0,0.0,0.0,0.0,0.0,378.8024260736917,378.8024260736917,378.8024260736917,0.0,0.0,0.0,43.0721238742295,43.0721238742295,43.0721238742295,210.10138936411607,210.10138936411607,210.10138936411607,125.62891283534613,125.62891283534613,125.62891283534613,0.0,0.0,0.0,3692.79911793128
2024-05-19,3315.687542111232,3382.69188800025,3714.4837859556314,3315.687542111232,3315.687542111232,0.0,0.0,0.0,0.0,0.0,0.0,0.0,0.0,0.0,0.0,0.0,0.0,0.0,0.0,0.0,0.0,0.0,0.0,0.0,0.0,0.0,0.0,0.0,0.0,0.0,0.0,0.0,0.0,0.0,0.0,0.0,0.0,0.0,0.0,0.0,0.0,0.0,0.0,0.0,0.0,0.0,0.0,0.0,0.0,0.0,0.0,0.0,0.0,230.94437304146112,230.94437304146112,230.94437304146112,0.0,0.0,0.0,11.868513343176849,11.868513343176849,11.868513343176849,99.5396473933209,99.5396473933209,99.5396473933209,119.5362123049634,119.5362123049634,119.5362123049634,0.0,0.0,0.0,3546.6319151526927
2024-05-20,3317.378392364875,3179.395160077126,3504.3480989931154,3317.378392364875,3317.378392364875,0.0,0.0,0.0,0.0,0.0,0.0,0.0,0.0,0.0,0.0,0.0,0.0,0.0,0.0,0.0,0.0,0.0,0.0,0.0,0.0,0.0,0.0,0.0,0.0,0.0,0.0,0.0,0.0,0.0,0.0,0.0,0.0,0.0,0.0,0.0,0.0,0.0,0.0,0.0,0.0,0.0,0.0,0.0,0.0,0.0,0.0,0.0,0.0,25.010560008447392,25.010560008447392,25.010560008447392,0.0,0.0,0.0,-28.77672760788431,-28.77672760788431,-28.77672760788431,-59.28245221753083,-59.28245221753083,-59.28245221753083,113.06973983386254,113.06973983386254,113.06973983386254,0.0,0.0,0.0,3342.3889523733224
2024-05-21,3319.0692426185187,2977.421476705346,3321.5121393926242,3319.0692426185187,3319.0692426185187,0.0,0.0,0.0,0.0,0.0,0.0,0.0,0.0,0.0,0.0,0.0,0.0,0.0,0.0,0.0,0.0,0.0,0.0,0.0,0.0,0.0,0.0,0.0,0.0,0.0,0.0,0.0,0.0,0.0,0.0,0.0,0.0,0.0,0.0,0.0,0.0,0.0,0.0,0.0,0.0,0.0,0.0,0.0,0.0,0.0,0.0,0.0,0.0,-168.44804409682817,-168.44804409682817,-168.44804409682817,0.0,0.0,0.0,-71.77608124492839,-71.77608124492839,-71.77608124492839,-202.8748905171764,-202.8748905171764,-202.8748905171764,106.20292766527663,106.20292766527663,106.20292766527663,0.0,0.0,0.0,3150.6211985216905
2024-05-22,3320.760092872162,2972.7697474144043,3296.1317969132974,3320.760092872162,3320.760092872162,0.0,0.0,0.0,0.0,0.0,0.0,0.0,0.0,0.0,0.0,0.0,0.0,0.0,0.0,0.0,0.0,0.0,0.0,0.0,0.0,0.0,0.0,0.0,0.0,0.0,0.0,0.0,0.0,0.0,0.0,0.0,0.0,0.0,0.0,0.0,0.0,0.0,0.0,0.0,0.0,0.0,0.0,0.0,0.0,0.0,0.0,0.0,0.0,-189.23778294532647,-189.23778294532647,-189.23778294532647,0.0,0.0,0.0,-106.44612442311139,-106.44612442311139,-106.44612442311139,-181.71447593058062,-181.71447593058062,-181.71447593058062,98.92281740836555,98.92281740836555,98.92281740836555,0.0,0.0,0.0,3131.5223099268355
2024-05-23,3322.4509431258057,3102.4150269188044,3438.3694958902133,3322.4509431258057,3322.4509431258057,0.0,0.0,0.0,0.0,0.0,0.0,0.0,0.0,0.0,0.0,0.0,0.0,0.0,0.0,0.0,0.0,0.0,0.0,0.0,0.0,0.0,0.0,0.0,0.0,0.0,0.0,0.0,0.0,0.0,0.0,0.0,0.0,0.0,0.0,0.0,0.0,0.0,0.0,0.0,0.0,0.0,0.0,0.0,0.0,0.0,0.0,0.0,0.0,-50.892842910213105,-50.892842910213105,-50.892842910213105,0.0,0.0,0.0,-125.24551716430582,-125.24551716430582,-125.24551716430582,-16.8778129645417,-16.8778129645417,-16.8778129645417,91.23048721863441,91.23048721863441,91.23048721863441,0.0,0.0,0.0,3271.5581002155927
2024-05-24,3324.141793379449,3273.666808157968,3591.9219725406124,3324.141793379449,3324.141793379449,0.0,0.0,0.0,0.0,0.0,0.0,0.0,0.0,0.0,0.0,0.0,0.0,0.0,0.0,0.0,0.0,0.0,0.0,0.0,0.0,0.0,0.0,0.0,0.0,0.0,0.0,0.0,0.0,0.0,0.0,0.0,0.0,0.0,0.0,0.0,0.0,0.0,0.0,0.0,0.0,0.0,0.0,0.0,0.0,0.0,0.0,0.0,0.0,105.7330165427289,105.7330165427289,105.7330165427289,0.0,0.0,0.0,-128.51660501293753,-128.51660501293753,-128.51660501293753,151.10859487145729,151.10859487145729,151.10859487145729,83.14102668420914,83.14102668420914,83.14102668420914,0.0,0.0,0.0,3429.874809922178
2024-05-25,3325.832643633092,3322.8503450406565,3656.2863101963703,3325.832643633092,3325.832643633092,0.0,0.0,0.0,0.0,0.0,0.0,0.0,0.0,0.0,0.0,0.0,0.0,0.0,0.0,0.0,0.0,0.0,0.0,0.0,0.0,0.0,0.0,0.0,0.0,0.0,0.0,0.0,0.0,0.0,0.0,0.0,0.0,0.0,0.0,0.0,0.0,0.0,0.0,0.0,0.0,0.0,0.0,0.0,0.0,0.0,0.0,0.0,0.0,161.21291213844614,161.21291213844614,161.21291213844614,0.0,0.0,0.0,-123.57153935193615,-123.57153935193615,-123.57153935193615,210.1013893641183,210.1013893641183,210.1013893641183,74.68306212626399,74.68306212626399,74.68306212626399,0.0,0.0,0.0,3487.045555771538
2024-05-26,3327.5234938867357,3220.666657277263,3542.951705534871,3327.5234938867357,3327.5234938867357,0.0,0.0,0.0,0.0,0.0,0.0,0.0,0.0,0.0,0.0,0.0,0.0,0.0,0.0,0.0,0.0,0.0,0.0,0.0,0.0,0.0,0.0,0.0,0.0,0.0,0.0,0.0,0.0,0.0,0.0,0.0,0.0,0.0,0.0,0.0,0.0,0.0,0.0,0.0,0.0,0.0,0.0,0.0,0.0,0.0,0.0,0.0,0.0,46.43726995271635,46.43726995271635,46.43726995271635,0.0,0.0,0.0,-119.00022625872046,-119.00022625872046,-119.00022625872046,99.53964739382114,99.53964739382114,99.53964739382114,65.89784881761567,65.89784881761567,65.89784881761567,0.0,0.0,0.0,3373.960763839452
2024-05-27,3329.214344140379,2989.61833023017,3311.8345916100006,3329.214344140379,3329.214344140379,0.0,0.0,0.0,0.0,0.0,0.0,0.0,0.0,0.0,0.0,0.0,0.0,0.0,0.0,0.0,0.0,0.0,0.0,0.0,0.0,0.0,0.0,0.0,0.0,0.0,0.0,0.0,-55.612599545519764,-55.612599545519764,-55.612599545519764,0.0,0.0,0.0,0.0,0.0,0.0,0.0,0.0,0.0,0.0,0.0,0.0,0.0,0.0,0.0,0.0,0.0,0.0,-176.82466597232423,-176.82466597232423,-176.82466597232423,-55.612599545519764,-55.612599545519764,-55.612599545519764,-118.76757410150519,-118.76757410150519,-118.76757410150519,-59.28245221695917,-59.28245221695917,-59.28245221695917,56.83795989165984,56.83795989165984,56.83795989165984,0.0,0.0,0.0,3152.389678168055
2024-05-28,3330.905194394023,2881.66602207478,3202.5985464181654,3330.905194394023,3330.905194394023,0.0,0.0,0.0,0.0,0.0,0.0,0.0,0.0,0.0,0.0,0.0,0.0,0.0,0.0,0.0,0.0,0.0,0.0,0.0,0.0,0.0,0.0,0.0,0.0,0.0,0.0,0.0,0.0,0.0,0.0,0.0,0.0,0.0,0.0,0.0,0.0,0.0,0.0,0.0,0.0,0.0,0.0,0.0,0.0,0.0,0.0,0.0,0.0,-275.7722892897816,-275.7722892897816,-275.7722892897816,0.0,0.0,0.0,-120.46301282181479,-120.46301282181479,-120.46301282181479,-202.8748905172608,-202.8748905172608,-202.8748905172608,47.56561404929394,47.56561404929394,47.56561404929394,0.0,0.0,0.0,3055.132905104241
2024-05-29,3332.5960446476665,2907.9893036860663,3229.3742435631175,3332.5960446476665,3332.5960446476665,0.0,0.0,0.0,0.0,0.0,0.0,0.0,0.0,0.0,0.0,0.0,0.0,0.0,0.0,0.0,0.0,0.0,0.0,0.0,0.0,0.0,0.0,0.0,0.0,0.0,0.0,0.0,0.0,0.0,0.0,0.0,0.0,0.0,0.0,0.0,0.0,0.0,0.0,0.0,0.0,0.0,0.0,0.0,0.0,0.0,0.0,0.0,0.0,-261.94328962018176,-261.94328962018176,-261.94328962018176,0.0,0.0,0.0,-118.37950889545569,-118.37950889545569,-118.37950889545569,-181.71447593046554,-181.71447593046554,-181.71447593046554,38.15069520573942,38.15069520573942,38.15069520573942,0.0,0.0,0.0,3070.652755027485
2024-05-30,3334.2868949013096,3067.020280514326,3406.3826417911,3334.2868949013096,3334.2868949013096,0.0,0.0,0.0,0.0,0.0,0.0,0.0,0.0,0.0,0.0,0.0,0.0,0.0,0.0,0.0,0.0,0.0,0.0,0.0,0.0,0.0,0.0,0.0,0.0,0.0,0.0,0.0,0.0,0.0,0.0,0.0,0.0,0.0,0.0,0.0,0.0,0.0,0.0,0.0,0.0,0.0,0.0,0.0,0.0,0.0,0.0,0.0,0.0,-96.49248866631973,-96.49248866631973,-96.49248866631973,0.0,0.0,0.0,-108.28320231888311,-108.28320231888311,-108.28320231888311,-16.877812964384443,-16.877812964384443,-16.877812964384443,28.66852661694781,28.66852661694781,28.66852661694781,0.0,0.0,0.0,3237.7944062349898
2024-05-31,3335.977745154953,3250.368771161061,3584.5085793200483,3335.977745154953,3335.977745154953,0.0,0.0,0.0,0.0,0.0,0.0,0.0,0.0,0.0,0.0,0.0,0.0,0.0,0.0,0.0,0.0,0.0,0.0,0.0,0.0,0.0,0.0,0.0,0.0,0.0,0.0,0.0,0.0,0.0,0.0,0.0,0.0,0.0,0.0,0.0,0.0,0.0,0.0,0.0,0.0,0.0,0.0,0.0,0.0,0.0,0.0,0.0,0.0,80.33595508428031,80.33595508428031,80.33595508428031,0.0,0.0,0.0,-89.97010929122492,-89.97010929122492,-89.97010929122492,151.10859487157924,151.10859487157924,151.10859487157924,19.19746950392602,19.19746950392602,19.19746950392602,0.0,0.0,0.0,3416.313700239233
2024-06-01,3337.6685954085965,3327.978323986975,3647.523613556847,3337.6685954085965,3337.6685954085965,0.0,0.0,0.0,0.0,0.0,0.0,0.0,0.0,0.0,0.0,0.0,0.0,0.0,0.0,0.0,0.0,0.0,0.0,0.0,0.0,0.0,0.0,0.0,0.0,0.0,0.0,0.0,0.0,0.0,0.0,0.0,0.0,0.0,0.0,0.0,0.0,0.0,0.0,0.0,0.0,0.0,0.0,0.0,0.0,0.0,0.0,0.0,0.0,153.67949296648698,153.67949296648698,153.67949296648698,0.0,0.0,0.0,-66.23831792579773,-66.23831792579773,-66.23831792579773,210.10138936407955,210.10138936407955,210.10138936407955,9.816421528205149,9.816421528205149,9.816421528205149,0.0,0.0,0.0,3491.3480883750835
2024-06-02,3339.35944566224,3236.4454598675825,3558.979231763936,3339.35944566224,3339.35944566224,0.0,0.0,0.0,0.0,0.0,0.0,0.0,0.0,0.0,0.0,0.0,0.0,0.0,0.0,0.0,0.0,0.0,0.0,0.0,0.0,0.0,0.0,0.0,0.0,0.0,0.0,0.0,0.0,0.0,0.0,0.0,0.0,0.0,0.0,0.0,0.0,0.0,0.0,0.0,0.0,0.0,0.0,0.0,0.0,0.0,0.0,0.0,0.0,60.043374238462064,60.043374238462064,60.043374238462064,0.0,0.0,0.0,-40.09856665570159,-40.09856665570159,-40.09856665570159,99.53964739371062,99.53964739371062,99.53964739371062,0.6022935004530354,0.6022935004530354,0.6022935004530354,0.0,0.0,0.0,3399.402819900702
2024-06-03,3341.0502959158835,3103.9437852860615,3430.769246447501,3341.0502959158835,3341.0502959158835,0.0,0.0,0.0,0.0,0.0,0.0,0.0,0.0,0.0,0.0,0.0,0.0,0.0,0.0,0.0,0.0,0.0,0.0,0.0,0.0,0.0,0.0,0.0,0.0,0.0,0.0,0.0,0.0,0.0,0.0,0.0,0.0,0.0,0.0,0.0,0.0,0.0,0.0,0.0,0.0,0.0,0.0,0.0,0.0,0.0,0.0,0.0,0.0,-80.68959826368516,-80.68959826368516,-80.68959826368516,0.0,0.0,0.0,-13.034689386220528,-13.034689386220528,-13.034689386220528,-59.28245221706897,-59.28245221706897,-59.28245221706897,-8.372456660395642,-8.372456660395642,-8.372456660395642,0.0,0.0,0.0,3260.3606976521983
2024-06-04,3342.7411461695265,2973.390195840887,3292.7567925709554,3342.7411461695265,3342.7411461695265,0.0,0.0,0.0,0.0,0.0,0.0,0.0,0.0,0.0,0.0,0.0,0.0,0.0,0.0,0.0,0.0,0.0,0.0,0.0,0.0,0.0,0.0,0.0,0.0,0.0,0.0,0.0,0.0,0.0,0.0,0.0,0.0,0.0,0.0,0.0,0.0,0.0,0.0,0.0,0.0,0.0,0.0,0.0,0.0,0.0,0.0,0.0,0.0,-205.34071327946577,-205.34071327946577,-205.34071327946577,0.0,0.0,0.0,14.576332718367157,14.576332718367157,14.576332718367157,-202.87489051726365,-202.87489051726365,-202.87489051726365,-17.04215548056926,-17.04215548056926,-17.04215548056926,0.0,0.0,0.0,3137.4004328900605
2024-06-05,3344.4319964231704,3001.546032140223,3329.7342492352745,3344.4319964231704,3344.4319964231704,0.0,0.0,0.0,0.0,0.0,0.0,0.0,0.0,0.0,0.0,0.0,0.0,0.0,0.0,0.0,0.0,0.0,0.0,0.0,0.0,0.0,0.0,0.0,0.0,0.0,0.0,0.0,0.0,0.0,0.0,0.0,0.0,0.0,0.0,0.0,0.0,0.0,0.0,0.0,0.0,0.0,0.0,0.0,0.0,0.0,0.0,0.0,0.0,-164.95900152531917,-164.95900152531917,-164.95900152531917,0.0,0.0,0.0,42.105512304397315,42.105512304397315,42.105512304397315,-181.71447593045022,-181.71447593045022,-181.71447593045022,-25.350037899266276,-25.350037899266276,-25.350037899266276,0.0,0.0,0.0,3179.472994897851
2024-06-06,3346.1228466768134,3207.8052658282672,3523.347119790336,3346.1228466768134,3346.1228466768134,0.0,0.0,0.0,0.0,0.0,0.0,0.0,0.0,0.0,0.0,0.0,0.0,0.0,0.0,0.0,0.0,0.0,0.0,0.0,0.0,0.0,0.0,0.0,0.0,0.0,0.0,0.0,0.0,0.0,0.0,0.0,0.0,0.0,0.0,0.0,0.0,0.0,0.0,0.0,0.0,0.0,0.0,0.0,0.0,0.0,0.0,0.0,0.0,18.07152571427602,18.07152571427602,18.07152571427602,0.0,0.0,0.0,68.19943560333056,68.19943560333056,68.19943560333056,-16.877812964227182,-16.877812964227182,-16.877812964227182,-33.25009692482735,-33.25009692482735,-33.25009692482735,0.0,0.0,0.0,3364.1943723910895
2024-06-07,3347.8136969304574,3382.059331507954,3713.0467536884244,3347.8136969304574,3347.8136969304574,0.0,0.0,0.0,0.0,0.0,0.0,0.0,0.0,0.0,0.0,0.0,0.0,0.0,0.0,0.0,0.0,0.0,0.0,0.0,0.0,0.0,0.0,0.0,0.0,0.0,0.0,0.0,0.0,0.0,0.0,0.0,0.0,0.0,0.0,0.0,0.0,0.0,0.0,0.0,0.0,0.0,0.0,0.0,0.0,0.0,0.0,0.0,0.0,201.97369043700886,201.97369043700886,201.97369043700886,0.0,0.0,0.0,91.57369623130985,91.57369623130985,91.57369623130985,151.10859487115533,151.10859487115533,151.10859487115533,-40.70860066545633,-40.70860066545633,-40.70860066545633,0.0,0.0,0.0,3549.787387367466
2024-06-08,3349.504547184101,3478.029148159657,3789.538819637612,3349.504547184101,3349.504547184101,0.0,0.0,0.0,0.0,0.0,0.0,0.0,0.0,0.0,0.0,0.0,0.0,0.0,0.0,0.0,0.0,0.0,0.0,0.0,0.0,0.0,0.0,0.0,0.0,0.0,0.0,0.0,0.0,0.0,0.0,0.0,0.0,0.0,0.0,0.0,0.0,0.0,0.0,0.0,0.0,0.0,0.0,0.0,0.0,0.0,0.0,0.0,0.0,274.1812536440304,274.1812536440304,274.1812536440304,0.0,0.0,0.0,111.78509289799892,111.78509289799892,111.78509289799892,210.10138936404078,210.10138936404078,210.10138936404078,-47.7052286180093,-47.7052286180093,-47.7052286180093,0.0,0.0,0.0,3623.685800828131
2024-06-09,3351.195397437744,3367.686437972207,3679.626103615039,3351.195397437744,3351.195397437744,0.0,0.0,0.0,0.0,0.0,0.0,0.0,0.0,0.0,0.0,0.0,0.0,0.0,0.0,0.0,0.0,0.0,0.0,0.0,0.0,0.0,0.0,0.0,0.0,0.0,0.0,0.0,0.0,0.0,0.0,0.0,0.0,0.0,0.0,0.0,0.0,0.0,0.0,0.0,0.0,0.0,0.0,0.0,0.0,0.0,0.0,0.0,0.0,174.03154814305933,174.03154814305933,174.03154814305933,0.0,0.0,0.0,128.72569152101528,128.72569152101528,128.72569152101528,99.53964739359841,99.53964739359841,99.53964739359841,-54.23379077155436,-54.23379077155436,-54.23379077155436,0.0,0.0,0.0,3525.226945580803
2024-06-10,3352.8862476913873,3210.8380345971136,3537.0342533938488,3352.8862476913873,3352.8862476913873,0.0,0.0,0.0,0.0,0.0,0.0,0.0,0.0,0.0,0.0,0.0,0.0,0.0,0.0,0.0,0.0,0.0,0.0,0.0,0.0,0.0,0.0,0.0,0.0,0.0,0.0,0.0,0.0,0.0,0.0,0.0,0.0,0.0,0.0,0.0,0.0,0.0,0.0,0.0,0.0,0.0,0.0,0.0,0.0,0.0,0.0,0.0,0.0,21.671031233752448,21.671031233752448,21.671031233752448,0.0,0.0,0.0,141.2559893278242,141.2559893278242,141.2559893278242,-59.28245221720236,-59.28245221720236,-59.28245221720236,-60.30250587686942,-60.30250587686942,-60.30250587686942,0.0,0.0,0.0,3374.5572789251396
2024-06-11,3354.5770979450313,3070.028889873348,3387.338696617157,3354.5770979450313,3354.5770979450313,0.0,0.0,0.0,0.0,0.0,0.0,0.0,0.0,0.0,0.0,0.0,0.0,0.0,0.0,0.0,0.0,0.0,0.0,0.0,0.0,0.0,0.0,0.0,0.0,0.0,0.0,0.0,0.0,0.0,0.0,0.0,0.0,0.0,0.0,0.0,0.0,0.0,0.0,0.0,0.0,0.0,0.0,0.0,0.0,0.0,0.0,0.0,0.0,-122.0440149407935,-122.0440149407935,-122.0440149407935,0.0,0.0,0.0,146.76470433916964,146.76470433916964,146.76470433916964,-202.87489051734804,-202.87489051734804,-202.87489051734804,-65.93382876261514,-65.93382876261514,-65.93382876261514,0.0,0.0,0.0,3232.5330830042376
2024-06-12,3356.2679481986743,3077.8799390627196,3406.4419832246995,3356.2679481986743,3356.2679481986743,0.0,0.0,0.0,0.0,0.0,0.0,0.0,0.0,0.0,0.0,0.0,0.0,0.0,0.0,0.0,0.0,0.0,0.0,0.0,0.0,0.0,0.0,0.0,0.0,0.0,0.0,0.0,0.0,0.0,0.0,0.0,0.0,0.0,0.0,0.0,0.0,0.0,0.0,0.0,0.0,0.0,0.0,0.0,0.0,0.0,0.0,0.0,0.0,-110.09590220571856,-110.09590220571856,-110.09590220571856,0.0,0.0,0.0,142.7824041567104,142.7824041567104,142.7824041567104,-181.7144759308067,-181.7144759308067,-181.7144759308067,-71.1638304316223,-71.1638304316223,-71.1638304316223,0.0,0.0,0.0,3246.1720459929556
2024-06-13,3357.958798452318,3244.7527817668038,3555.402311052265,3357.958798452318,3357.958798452318,0.0,0.0,0.0,0.0,0.0,0.0,0.0,0.0,0.0,0.0,0.0,0.0,0.0,0.0,0.0,0.0,0.0,0.0,0.0,0.0,0.0,0.0,0.0,0.0,0.0,0.0,0.0,0.0,0.0,0.0,0.0,0.0,0.0,0.0,0.0,0.0,0.0,0.0,0.0,0.0,0.0,0.0,0.0,0.0,0.0,0.0,0.0,0.0,36.61199324518091,36.61199324518091,36.61199324518091,0.0,0.0,0.0,129.53095463634955,129.53095463634955,129.53095463634955,-16.877812964069925,-16.877812964069925,-16.877812964069925,-76.0411484270987,-76.0411484270987,-76.0411484270987,0.0,0.0,0.0,3394.5707916974993
2024-06-14,3359.649648705961,3371.136810495543,3721.166144930853,3359.649648705961,3359.649648705961,0.0,0.0,0.0,0.0,0.0,0.0,0.0,0.0,0.0,0.0,0.0,0.0,0.0,0.0,0.0,0.0,0.0,0.0,0.0,0.0,0.0,0.0,0.0,0.0,0.0,0.0,0.0,0.0,0.0,0.0,0.0,0.0,0.0,0.0,0.0,0.0,0.0,0.0,0.0,0.0,0.0,0.0,0.0,0.0,0.0,0.0,0.0,0.0,181.26975831382765,181.26975831382765,181.26975831382765,0.0,0.0,0.0,110.78670164322509,110.78670164322509,110.78670164322509,151.1085948712773,151.1085948712773,151.1085948712773,-80.6255382006747,-80.6255382006747,-80.6255382006747,0.0,0.0,0.0,3540.919407019789
2024-06-15,3361.3404989596047,3416.236838432732,3749.570038789897,3361.3404989596047,3361.3404989596047,0.0,0.0,0.0,0.0,0.0,0.0,0.0,0.0,0.0,0.0,0.0,0.0,0.0,0.0,0.0,0.0,0.0,0.0,0.0,0.0,0.0,0.0,0.0,0.0,0.0,0.0,0.0,0.0,0.0,0.0,0.0,0.0,0.0,0.0,0.0,0.0,0.0,0.0,0.0,0.0,0.0,0.0,0.0,0.0,0.0,0.0,0.0,0.0,216.6462634433904,216.6462634433904,216.6462634433904,0.0,0.0,0.0,91.53094261915244,91.53094261915244,91.53094261915244,210.10138936404297,210.10138936404297,210.10138936404297,-84.98606853980502,-84.98606853980502,-84.98606853980502,0.0,0.0,0.0,3577.9867624029953
2024-06-16,3363.031349213248,3270.5742713867085,3610.3646822254004,3363.031349213248,3363.031349213248,0.0,0.0,0.0,0.0,0.0,0.0,0.0,0.0,0.0,0.0,0.0,0.0,0.0,0.0,0.0,0.0,0.0,0.0,0.0,0.0,0.0,0.0,0.0,0.0,0.0,0.0,0.0,0.0,0.0,0.0,0.0,0.0,0.0,0.0,0.0,0.0,0.0,0.0,0.0,0.0,0.0,0.0,0.0,0.0,0.0,0.0,0.0,0.0,84.21961520880669,84.21961520880669,84.21961520880669,0.0,0.0,0.0,73.87898296085284,73.87898296085284,73.87898296085284,99.53964739348964,99.53964739348964,99.53964739348964,-89.19901514553581,-89.19901514553581,-89.19901514553581,0.0,0.0,0.0,3447.250964422055
2024-06-17,3364.7221994668917,3092.7475784907756,3421.98154832163,3364.7221994668917,3364.7221994668917,0.0,0.0,0.0,0.0,0.0,0.0,0.0,0.0,0.0,0.0,0.0,0.0,0.0,0.0,0.0,0.0,0.0,0.0,0.0,0.0,0.0,0.0,0.0,0.0,0.0,0.0,0.0,0.0,0.0,0.0,0.0,0.0,0.0,0.0,0.0,0.0,0.0,0.0,0.0,0.0,0.0,0.0,0.0,0.0,0.0,0.0,0.0,0.0,-97.73103612330824,-97.73103612330824,-97.73103612330824,0.0,0.0,0.0,54.89693195082685,54.89693195082685,54.89693195082685,-59.28245221733575,-59.28245221733575,-59.28245221733575,-93.34551585679934,-93.34551585679934,-93.34551585679934,0.0,0.0,0.0,3266.9911633435836
2024-06-18,3366.413049720535,2941.141764330745,3265.164092921991,3366.413049720535,3366.413049720535,0.0,0.0,0.0,0.0,0.0,0.0,0.0,0.0,0.0,0.0,0.0,0.0,0.0,0.0,0.0,0.0,0.0,0.0,0.0,0.0,0.0,0.0,0.0,0.0,0.0,0.0,0.0,0.0,0.0,0.0,0.0,0.0,0.0,0.0,0.0,0.0,0.0,0.0,0.0,0.0,0.0,0.0,0.0,0.0,0.0,0.0,0.0,0.0,-271.5671645364725,-271.5671645364725,-271.5671645364725,0.0,0.0,0.0,28.81678448782694,28.81678448782694,28.81678448782694,-202.87489051710034,-202.87489051710034,-202.87489051710034,-97.50905850719916,-97.50905850719916,-97.50905850719916,0.0,0.0,0.0,3094.845885184063
2024-06-19,3368.1038999741786,2802.9708349364028,3117.077575148306,3368.1038999741786,3368.1038999741786,0.0,0.0,0.0,0.0,0.0,0.0,0.0,0.0,0.0,0.0,0.0,0.0,0.0,0.0,0.0,-117.09663452419738,-117.09663452419738,-117.09663452419738,0.0,0.0,0.0,0.0,0.0,0.0,0.0,0.0,0.0,0.0,0.0,0.0,0.0,0.0,0.0,0.0,0.0,0.0,0.0,0.0,0.0,0.0,0.0,0.0,0.0,0.0,0.0,0.0,0.0,0.0,-408.1485583472295,-408.1485583472295,-408.1485583472295,-117.09663452419738,-117.09663452419738,-117.09663452419738,-7.564570148644493,-7.564570148644493,-7.564570148644493,-181.7144759307415,-181.7144759307415,-181.7144759307415,-101.7728777436461,-101.7728777436461,-101.7728777436461,0.0,0.0,0.0,2959.955341626949
2024-06-20,3369.7947502278216,3036.6656822445416,3356.9289660643426,3369.7947502278216,3369.7947502278216,0.0,0.0,0.0,0.0,0.0,0.0,0.0,0.0,0.0,0.0,0.0,0.0,0.0,0.0,0.0,0.0,0.0,0.0,0.0,0.0,0.0,0.0,0.0,0.0,0.0,0.0,0.0,0.0,0.0,0.0,0.0,0.0,0.0,0.0,0.0,0.0,0.0,0.0,0.0,0.0,0.0,0.0,0.0,0.0,0.0,0.0,0.0,0.0,-173.73595696670873,-173.73595696670873,-173.73595696670873,0.0,0.0,0.0,-50.640803833992436,-50.640803833992436,-50.640803833992436,-16.87781296396179,-16.87781296396179,-16.87781296396179,-106.21734016875449,-106.21734016875449,-106.21734016875449,0.0,0.0,0.0,3196.058793261113
2024-06-21,3371.4856004814656,3162.1017116509556,3482.36137897313,3371.4856004814656,3371.4856004814656,0.0,0.0,0.0,0.0,0.0,0.0,0.0,0.0,0.0,0.0,0.0,0.0,0.0,0.0,0.0,0.0,0.0,0.0,0.0,0.0,0.0,0.0,0.0,0.0,0.0,0.0,0.0,0.0,0.0,0.0,0.0,0.0,0.0,0.0,0.0,0.0,0.0,0.0,0.0,0.0,0.0,0.0,0.0,0.0,0.0,0.0,0.0,0.0,-50.584297733885286,-50.584297733885286,-50.584297733885286,0.0,0.0,0.0,-90.77549481102245,-90.77549481102245,-90.77549481102245,151.10859487136057,151.10859487136057,151.10859487136057,-110.91739779422339,-110.91739779422339,-110.91739779422339,0.0,0.0,0.0,3320.9013027475803
2024-06-22,3373.176450735109,3181.9789847520324,3513.346470201517,3373.176450735109,3373.176450735109,0.0,0.0,0.0,0.0,0.0,0.0,0.0,0.0,0.0,0.0,0.0,0.0,0.0,0.0,0.0,0.0,0.0,0.0,0.0,0.0,0.0,0.0,0.0,0.0,0.0,0.0,0.0,0.0,0.0,0.0,0.0,0.0,0.0,0.0,0.0,0.0,0.0,0.0,0.0,0.0,0.0,0.0,0.0,0.0,0.0,0.0,0.0,0.0,-23.852028470012687,-23.852028470012687,-23.852028470012687,0.0,0.0,0.0,-118.0132298461746,-118.0132298461746,-118.0132298461746,210.10138936400423,210.10138936400423,210.10138936400423,-115.94018798784235,-115.94018798784235,-115.94018798784235,0.0,0.0,0.0,3349.3244222650965
2024-06-23,3374.8673009887525,3062.4114295331856,3378.035519774136,3374.8673009887525,3374.8673009887525,0.0,0.0,0.0,0.0,0.0,0.0,0.0,0.0,0.0,0.0,0.0,0.0,0.0,0.0,0.0,0.0,0.0,0.0,0.0,0.0,0.0,0.0,0.0,0.0,0.0,0.0,0.0,0.0,0.0,0.0,0.0,0.0,0.0,0.0,0.0,0.0,0.0,0.0,0.0,0.0,0.0,0.0,0.0,0.0,0.0,0.0,0.0,0.0,-150.27937806563065,-150.27937806563065,-150.27937806563065,0.0,0.0,0.0,-128.47617154772988,-128.47617154772988,-128.47617154772988,99.53964739398815,99.53964739398815,99.53964739398815,-121.34285391188895,-121.34285391188895,-121.34285391188895,0.0,0.0,0.0,3224.587922923122
2024-06-24,3376.5581512423955,2919.190899433713,3230.828848736618,3376.5581512423955,3376.5581512423955,0.0,0.0,0.0,0.0,0.0,0.0,0.0,0.0,0.0,0.0,0.0,0.0,0.0,0.0,0.0,0.0,0.0,0.0,0.0,0.0,0.0,0.0,0.0,0.0,0.0,0.0,0.0,0.0,0.0,0.0,0.0,0.0,0.0,0.0,0.0,0.0,0.0,0.0,0.0,0.0,0.0,0.0,0.0,0.0,0.0,0.0,0.0,0.0,-312.93582007496934,-312.93582007496934,-312.93582007496934,0.0,0.0,0.0,-126.48271484954309,-126.48271484954309,-126.48271484954309,-59.282452217469135,-59.282452217469135,-59.282452217469135,-127.17065300795717,-127.17065300795717,-127.17065300795717,0.0,0.0,0.0,3063.622331167426
2024-06-25,3378.249001496039,2755.435794038561,3083.8134566690587,3378.249001496039,3378.249001496039,0.0,0.0,0.0,0.0,0.0,0.0,0.0,0.0,0.0,0.0,0.0,0.0,0.0,0.0,0.0,0.0,0.0,0.0,0.0,0.0,0.0,0.0,0.0,0.0,0.0,0.0,0.0,0.0,0.0,0.0,0.0,0.0,0.0,0.0,0.0,0.0,0.0,0.0,0.0,0.0,0.0,0.0,0.0,0.0,0.0,0.0,0.0,0.0,-457.1658225830682,-457.1658225830682,-457.1658225830682,0.0,0.0,0.0,-120.83551949207389,-120.83551949207389,-120.83551949207389,-202.8748905171847,-202.8748905171847,-202.8748905171847,-133.45541257380955,-133.45541257380955,-133.45541257380955,0.0,0.0,0.0,2921.0831789129707
2024-06-26,3379.9398517496825,2783.9408231418947,3102.420236642964,3379.9398517496825,3379.9398517496825,0.0,0.0,0.0,0.0,0.0,0.0,0.0,0.0,0.0,0.0,0.0,0.0,0.0,0.0,0.0,0.0,0.0,0.0,0.0,0.0,0.0,0.0,0.0,0.0,0.0,0.0,0.0,0.0,0.0,0.0,0.0,0.0,0.0,0.0,0.0,0.0,0.0,0.0,0.0,0.0,0.0,0.0,0.0,0.0,0.0,0.0,0.0,0.0,-440.28887304326616,-440.28887304326616,-440.28887304326616,0.0,0.0,0.0,-118.36001595908532,-118.36001595908532,-118.36001595908532,-181.7144759306264,-181.7144759306264,-181.7144759306264,-140.2143811535544,-140.2143811535544,-140.2143811535544,0.0,0.0,0.0,2939.6509787064165
2024-06-27,3381.630702003326,2932.286186669538,3268.075957328681,3381.630702003326,3381.630702003326,0.0,0.0,0.0,0.0,0.0,0.0,0.0,0.0,0.0,0.0,0.0,0.0,0.0,0.0,0.0,0.0,0.0,0.0,0.0,0.0,0.0,0.0,0.0,0.0,0.0,0.0,0.0,0.0,0.0,0.0,0.0,0.0,0.0,0.0,0.0,0.0,0.0,0.0,0.0,0.0,0.0,0.0,0.0,0.0,0.0,0.0,0.0,0.0,-284.03953504250995,-284.03953504250995,-284.03953504250995,0.0,0.0,0.0,-119.71220944513205,-119.71220944513205,-119.71220944513205,-16.877812963755407,-16.877812963755407,-16.877812963755407,-147.44951263362242,-147.44951263362242,-147.44951263362242,0.0,0.0,0.0,3097.591166960816
2024-06-28,3383.32155225697,3096.2750384317424,3409.9037993437564,3383.32155225697,3383.32155225697,0.0,0.0,0.0,0.0,0.0,0.0,0.0,0.0,0.0,0.0,0.0,0.0,0.0,0.0,0.0,0.0,0.0,0.0,0.0,0.0,0.0,0.0,0.0,0.0,0.0,0.0,0.0,0.0,0.0,0.0,0.0,0.0,0.0,0.0,0.0,0.0,0.0,0.0,0.0,0.0,0.0,0.0,0.0,0.0,0.0,0.0,0.0,0.0,-124.27940584501427,-124.27940584501427,-124.27940584501427,0.0,0.0,0.0,-120.24079376054057,-120.24079376054057,-120.24079376054057,151.10859487144384,151.10859487144384,151.10859487144384,-155.14720695591743,-155.14720695591743,-155.14720695591743,0.0,0.0,0.0,3259.0421464119554
2024-06-29,3385.012402510613,3153.3740007103356,3473.866261731427,3385.012402510613,3385.012402510613,0.0,0.0,0.0,0.0,0.0,0.0,0.0,0.0,0.0,0.0,0.0,0.0,0.0,0.0,0.0,0.0,0.0,0.0,0.0,0.0,0.0,0.0,0.0,0.0,0.0,0.0,0.0,0.0,0.0,0.0,0.0,0.0,0.0,0.0,0.0,0.0,0.0,0.0,0.0,0.0,0.0,0.0,0.0,0.0,0.0,0.0,0.0,0.0,-67.62102362613591,-67.62102362613591,-67.62102362613591,0.0,0.0,0.0,-114.44389537148201,-114.44389537148201,-114.44389537148201,210.10138936413276,210.10138936413276,210.10138936413276,-163.27851761878674,-163.27851761878674,-163.27851761878674,0.0,0.0,0.0,3317.391378884477
2024-06-30,3386.7032527642564,3057.9262825217165,3386.6108028885237,3386.7032527642564,3386.7032527642564,0.0,0.0,0.0,0.0,0.0,0.0,0.0,0.0,0.0,0.0,0.0,0.0,0.0,0.0,0.0,0.0,0.0,0.0,0.0,0.0,0.0,0.0,0.0,0.0,0.0,0.0,0.0,0.0,0.0,0.0,0.0,0.0,0.0,0.0,0.0,0.0,0.0,0.0,0.0,0.0,0.0,0.0,0.0,0.0,0.0,0.0,0.0,0.0,-172.27781025662722,-172.27781025662722,-172.27781025662722,0.0,0.0,0.0,-100.01763560362463,-100.01763560362463,-100.01763560362463,99.53964739387764,99.53964739387764,99.53964739387764,-171.79982204688022,-171.79982204688022,-171.79982204688022,0.0,0.0,0.0,3214.425442507629
2024-07-01,3388.3941030179,2888.0206775041,3232.4345412803864,3388.3941030179,3388.3941030179,0.0,0.0,0.0,0.0,0.0,0.0,0.0,0.0,0.0,0.0,0.0,0.0,0.0,0.0,0.0,0.0,0.0,0.0,0.0,0.0,0.0,0.0,0.0,0.0,0.0,0.0,0.0,0.0,0.0,0.0,0.0,0.0,0.0,0.0,0.0,0.0,0.0,0.0,0.0,0.0,0.0,0.0,0.0,0.0,0.0,0.0,0.0,0.0,-318.5036831643429,-318.5036831643429,-318.5036831643429,0.0,0.0,0.0,-78.56729404786999,-78.56729404786999,-78.56729404786999,-59.282452217578935,-59.282452217578935,-59.282452217578935,-180.65393689889387,-180.65393689889387,-180.65393689889387,0.0,0.0,0.0,3069.890419853557
2024-07-02,3390.0849532715433,2786.5566378321364,3119.6651947049013,3390.0849532715433,3390.0849532715433,0.0,0.0,0.0,0.0,0.0,0.0,0.0,0.0,0.0,0.0,0.0,0.0,0.0,0.0,0.0,0.0,0.0,0.0,0.0,0.0,0.0,0.0,0.0,0.0,0.0,0.0,0.0,0.0,0.0,0.0,0.0,0.0,0.0,0.0,0.0,0.0,0.0,0.0,0.0,0.0,0.0,0.0,0.0,0.0,0.0,0.0,0.0,0.0,-445.9828309218111,-445.9828309218111,-445.9828309218111,0.0,0.0,0.0,-53.336293533032325,-53.336293533032325,-53.336293533032325,-202.87489051722832,-202.87489051722832,-202.87489051722832,-189.77164687155053,-189.77164687155053,-189.77164687155053,0.0,0.0,0.0,2944.1021223497323
2024-07-03,3391.775803525187,2824.5343399268463,3139.085532424767,3391.775803525187,3391.775803525187,0.0,0.0,0.0,0.0,0.0,0.0,0.0,0.0,0.0,0.0,0.0,0.0,0.0,0.0,0.0,0.0,0.0,0.0,0.0,0.0,0.0,0.0,0.0,0.0,0.0,0.0,0.0,0.0,0.0,0.0,0.0,0.0,0.0,0.0,0.0,0.0,0.0,0.0,0.0,0.0,0.0,0.0,0.0,0.0,0.0,0.0,0.0,0.0,-407.4372182752684,-407.4372182752684,-407.4372182752684,0.0,0.0,0.0,-26.649139388576213,-26.649139388576213,-26.649139388576213,-181.71447593051127,-181.71447593051127,-181.71447593051127,-199.0736029561809,-199.0736029561809,-199.0736029561809,0.0,0.0,0.0,2984.3385852499187
2024-07-04,3393.46665377883,2987.379036325795,3308.5083427951454,3393.46665377883,3393.46665377883,0.0,0.0,0.0,0.0,0.0,0.0,0.0,0.0,0.0,-14.09509711147287,-14.09509711147287,-14.09509711147287,0.0,0.0,0.0,0.0,0.0,0.0,0.0,0.0,0.0,0.0,0.0,0.0,0.0,0.0,0.0,0.0,0.0,0.0,0.0,0.0,0.0,0.0,0.0,0.0,0.0,0.0,0.0,0.0,0.0,0.0,0.0,0.0,0.0,0.0,0.0,0.0,-238.72266402892265,-238.72266402892265,-238.72266402892265,-14.09509711147287,-14.09509711147287,-14.09509711147287,0.7227808429271015,0.7227808429271015,0.7227808429271015,-16.877812964451774,-16.877812964451774,-16.877812964451774,-208.47253479592513,-208.47253479592513,-208.47253479592513,0.0,0.0,0.0,3154.743989749907
2024-07-05,3395.1575040324733,3191.6480376905233,3531.841679446341,3395.1575040324733,3395.1575040324733,0.0,0.0,0.0,0.0,0.0,0.0,0.0,0.0,0.0,0.0,0.0,0.0,0.0,0.0,0.0,0.0,0.0,0.0,0.0,0.0,0.0,0.0,0.0,0.0,0.0,0.0,0.0,0.0,0.0,0.0,0.0,0.0,0.0,0.0,0.0,0.0,0.0,0.0,0.0,0.0,0.0,0.0,0.0,0.0,0.0,0.0,0.0,0.0,-38.34326490551778,-38.34326490551778,-38.34326490551778,0.0,0.0,0.0,28.42385234169457,28.42385234169457,28.42385234169457,151.10859487152715,151.10859487152715,151.10859487152715,-217.8757121187395,-217.8757121187395,-217.8757121187395,0.0,0.0,0.0,3356.8142391269557
2024-07-06,3396.8483542861172,3279.5629755050527,3594.111478954821,3396.8483542861172,3396.8483542861172,0.0,0.0,0.0,0.0,0.0,0.0,0.0,0.0,0.0,0.0,0.0,0.0,0.0,0.0,0.0,0.0,0.0,0.0,0.0,0.0,0.0,0.0,0.0,0.0,0.0,0.0,0.0,0.0,0.0,0.0,0.0,0.0,0.0,0.0,0.0,0.0,0.0,0.0,0.0,0.0,0.0,0.0,0.0,0.0,0.0,0.0,0.0,0.0,38.341032343228655,38.341032343228655,38.341032343228655,0.0,0.0,0.0,55.427225462287424,55.427225462287424,55.427225462287424,210.101389364094,210.101389364094,210.101389364094,-227.18758248315274,-227.18758248315274,-227.18758248315274,0.0,0.0,0.0,3435.189386629346
2024-07-07,3398.5392045397607,3186.87273222329,3488.1702330828566,3398.5392045397607,3398.5392045397607,0.0,0.0,0.0,0.0,0.0,0.0,0.0,0.0,0.0,0.0,0.0,0.0,0.0,0.0,0.0,0.0,0.0,0.0,0.0,0.0,0.0,0.0,0.0,0.0,0.0,0.0,0.0,0.0,0.0,0.0,0.0,0.0,0.0,0.0,0.0,0.0,0.0,0.0,0.0,0.0,0.0,0.0,0.0,0.0,0.0,0.0,0.0,0.0,-56.49741131253581,-56.49741131253581,-56.49741131253581,0.0,0.0,0.0,80.27544829876354,80.27544829876354,80.27544829876354,99.53964739376542,99.53964739376542,99.53964739376542,-236.31250700506476,-236.31250700506476,-236.31250700506476,0.0,0.0,0.0,3342.041793227225
2024-07-08,3400.230054793404,3030.3143486658582,3364.1972604568027,3400.230054793404,3400.230054793404,0.0,0.0,0.0,0.0,0.0,0.0,0.0,0.0,0.0,0.0,0.0,0.0,0.0,0.0,0.0,0.0,0.0,0.0,0.0,0.0,0.0,0.0,0.0,0.0,0.0,0.0,0.0,0.0,0.0,0.0,0.0,0.0,0.0,0.0,0.0,0.0,0.0,0.0,0.0,0.0,0.0,0.0,0.0,0.0,0.0,0.0,0.0,0.0,-202.36619165326357,-202.36619165326357,-202.36619165326357,0.0,0.0,0.0,102.073773075173,102.073773075173,102.073773075173,-59.28245221773591,-59.28245221773591,-59.28245221773591,-245.15751251070063,-245.15751251070063,-245.15751251070063,0.0,0.0,0.0,3197.8638631401404
2024-07-09,3401.920905047047,2902.2889047269236,3224.7686983591443,3401.920905047047,3401.920905047047,0.0,0.0,0.0,0.0,0.0,0.0,0.0,0.0,0.0,0.0,0.0,0.0,0.0,0.0,0.0,0.0,0.0,0.0,0.0,0.0,0.0,0.0,0.0,0.0,0.0,0.0,0.0,0.0,0.0,0.0,0.0,0.0,0.0,0.0,0.0,0.0,0.0,0.0,0.0,0.0,0.0,0.0,0.0,0.0,0.0,0.0,0.0,0.0,-335.81299835829867,-335.81299835829867,-335.81299835829867,0.0,0.0,0.0,120.69686994449674,120.69686994449674,120.69686994449674,-202.87489051693981,-202.87489051693981,-202.87489051693981,-253.63497778585554,-253.63497778585554,-253.63497778585554,0.0,0.0,0.0,3066.1079066887487
2024-07-10,3403.6117553006907,2929.0348406501853,3253.6959610419617,3403.6117553006907,3403.6117553006907,0.0,0.0,0.0,0.0,0.0,0.0,0.0,0.0,0.0,0.0,0.0,0.0,0.0,0.0,0.0,0.0,0.0,0.0,0.0,0.0,0.0,0.0,0.0,0.0,0.0,0.0,0.0,0.0,0.0,0.0,0.0,0.0,0.0,0.0,0.0,0.0,0.0,0.0,0.0,0.0,0.0,0.0,0.0,0.0,0.0,0.0,0.0,0.0,-307.6998646965727,-307.6998646965727,-307.6998646965727,0.0,0.0,0.0,135.67978452796999,135.67978452796999,135.67978452796999,-181.71447593049595,-181.71447593049595,-181.71447593049595,-261.6651732940468,-261.6651732940468,-261.6651732940468,0.0,0.0,0.0,3095.911890604118
2024-07-11,3405.302605554334,3113.0800009071413,3418.254449350345,3405.302605554334,3405.302605554334,0.0,0.0,0.0,0.0,0.0,0.0,0.0,0.0,0.0,0.0,0.0,0.0,0.0,0.0,0.0,0.0,0.0,0.0,0.0,0.0,0.0,0.0,0.0,0.0,0.0,0.0,0.0,0.0,0.0,0.0,0.0,0.0,0.0,0.0,0.0,0.0,0.0,0.0,0.0,0.0,0.0,0.0,0.0,0.0,0.0,0.0,0.0,0.0,-140.97939664076694,-140.97939664076694,-140.97939664076694,0.0,0.0,0.0,145.07699419527927,145.07699419527927,145.07699419527927,-16.877812964294517,-16.877812964294517,-16.877812964294517,-269.17857787175166,-269.17857787175166,-269.17857787175166,0.0,0.0,0.0,3264.323208913567
2024-07-12,3406.993455807978,3272.8889906357704,3583.791986217545,3406.993455807978,3406.993455807978,0.0,0.0,0.0,0.0,0.0,0.0,0.0,0.0,0.0,0.0,0.0,0.0,0.0,0.0,0.0,0.0,0.0,0.0,0.0,0.0,0.0,0.0,0.0,0.0,0.0,0.0,0.0,0.0,0.0,0.0,0.0,0.0,0.0,0.0,0.0,0.0,0.0,0.0,0.0,0.0,0.0,0.0,0.0,0.0,0.0,0.0,0.0,0.0,21.024633265484773,21.024633265484773,21.024633265484773,0.0,0.0,0.0,146.03394075445408,146.03394075445408,146.03394075445408,151.10859487164907,151.10859487164907,151.10859487164907,-276.11790236061836,-276.11790236061836,-276.11790236061836,0.0,0.0,0.0,3428.0180890734628
2024-07-13,3408.684306061621,3319.4354530102073,3637.76110682666,3408.684306061621,3408.684306061621,0.0,0.0,0.0,0.0,0.0,0.0,0.0,0.0,0.0,0.0,0.0,0.0,0.0,0.0,0.0,0.0,0.0,0.0,0.0,0.0,0.0,0.0,0.0,0.0,0.0,0.0,0.0,0.0,0.0,0.0,0.0,0.0,0.0,0.0,0.0,0.0,0.0,0.0,0.0,0.0,0.0,0.0,0.0,0.0,0.0,0.0,0.0,0.0,64.81229299297458,64.81229299297458,64.81229299297458,0.0,0.0,0.0,137.15066234293064,137.15066234293064,137.15066234293064,210.10138936407574,210.10138936407574,210.10138936407574,-282.4397587140318,-282.4397587140318,-282.4397587140318,0.0,0.0,0.0,3473.4965990545957
2024-07-14,3410.3751563152646,3187.494202041816,3511.5764464655526,3410.3751563152646,3410.3751563152646,0.0,0.0,0.0,0.0,0.0,0.0,0.0,0.0,0.0,0.0,0.0,0.0,0.0,0.0,0.0,0.0,0.0,0.0,0.0,0.0,0.0,0.0,0.0,0.0,0.0,0.0,0.0,0.0,0.0,0.0,0.0,0.0,0.0,0.0,0.0,0.0,0.0,0.0,0.0,0.0,0.0,0.0,0.0,0.0,0.0,0.0,0.0,0.0,-68.0612196840599,-68.0612196840599,-68.0612196840599,0.0,0.0,0.0,120.51505649178718,120.51505649178718,120.51505649178718,99.5396473936532,99.5396473936532,99.5396473936532,-288.11592356950024,-288.11592356950024,-288.11592356950024,0.0,0.0,0.0,3342.313936631205
2024-07-15,3412.066006568908,3009.246009465939,3321.3403547187127,3412.066006568908,3412.066006568908,0.0,0.0,0.0,0.0,0.0,0.0,0.0,0.0,0.0,0.0,0.0,0.0,0.0,0.0,0.0,0.0,0.0,0.0,0.0,0.0,0.0,0.0,0.0,0.0,0.0,0.0,0.0,0.0,0.0,0.0,0.0,0.0,0.0,0.0,0.0,0.0,0.0,0.0,0.0,0.0,0.0,0.0,0.0,0.0,0.0,0.0,0.0,0.0,-251.43730152247994,-251.43730152247994,-251.43730152247994,0.0,0.0,0.0,100.97930799016845,100.97930799016845,100.97930799016845,-59.28245221714067,-59.28245221714067,-59.28245221714067,-293.13415729550775,-293.13415729550775,-293.13415729550775,0.0,0.0,0.0,3160.628705046428
2024-07-16,3413.7568568225515,2843.7180872906724,3167.9163548773527,3413.7568568225515,3413.7568568225515,0.0,0.0,0.0,0.0,0.0,0.0,0.0,0.0,0.0,0.0,0.0,0.0,0.0,0.0,0.0,0.0,0.0,0.0,0.0,0.0,0.0,0.0,0.0,0.0,0.0,0.0,0.0,0.0,0.0,0.0,0.0,0.0,0.0,0.0,0.0,0.0,0.0,0.0,0.0,0.0,0.0,0.0,0.0,0.0,0.0,0.0,0.0,0.0,-417.8010878696558,-417.8010878696558,-417.8010878696558,0.0,0.0,0.0,82.57235539680457,82.57235539680457,82.57235539680457,-202.87489051698344,-202.87489051698344,-202.87489051698344,-297.498552749477,-297.498552749477,-297.498552749477,0.0,0.0,0.0,2995.9557689528956
2024-07-17,3415.447707076195,2831.4547301058933,3146.4540733205404,3415.447707076195,3415.447707076195,0.0,0.0,0.0,0.0,0.0,0.0,0.0,0.0,0.0,0.0,0.0,0.0,0.0,0.0,0.0,0.0,0.0,0.0,0.0,0.0,0.0,0.0,0.0,0.0,0.0,0.0,0.0,0.0,0.0,0.0,0.0,0.0,0.0,0.0,0.0,0.0,0.0,0.0,0.0,0.0,0.0,0.0,0.0,0.0,0.0,0.0,0.0,0.0,-418.03914013427834,-418.03914013427834,-418.03914013427834,0.0,0.0,0.0,64.90473781836842,64.90473781836842,64.90473781836842,-181.71447593038087,-181.71447593038087,-181.71447593038087,-301.229402022266,-301.229402022266,-301.229402022266,0.0,0.0,0.0,2997.4085669419164
2024-07-18,3417.1385573298385,2971.904839902685,3307.521054406833,3417.1385573298385,3417.1385573298385,0.0,0.0,0.0,0.0,0.0,0.0,0.0,0.0,0.0,0.0,0.0,0.0,0.0,0.0,0.0,0.0,0.0,0.0,0.0,0.0,0.0,0.0,0.0,0.0,0.0,0.0,0.0,0.0,0.0,0.0,0.0,0.0,0.0,0.0,0.0,0.0,0.0,0.0,0.0,0.0,0.0,0.0,0.0,0.0,0.0,0.0,0.0,0.0,-278.1682729680397,-278.1682729680397,-278.1682729680397,0.0,0.0,0.0,43.07212387423727,43.07212387423727,43.07212387423727,-16.877812964186383,-16.877812964186383,-16.877812964186383,-304.36258387809056,-304.36258387809056,-304.36258387809056,0.0,0.0,0.0,3138.970284361799
2024-07-19,3418.8294075834815,3116.203799744433,3439.4708145527584,3418.8294075834815,3418.8294075834815,0.0,0.0,0.0,0.0,0.0,0.0,0.0,0.0,0.0,0.0,0.0,0.0,0.0,0.0,0.0,0.0,0.0,0.0,0.0,0.0,0.0,0.0,0.0,0.0,0.0,0.0,0.0,0.0,0.0,0.0,0.0,0.0,0.0,0.0,0.0,0.0,0.0,0.0,0.0,0.0,0.0,0.0,0.0,0.0,0.0,0.0,0.0,0.0,-143.97138077790905,-143.97138077790905,-143.97138077790905,0.0,0.0,0.0,11.868513343121874,11.868513343121874,11.868513343121874,151.10859487169375,151.10859487169375,151.10859487169375,-306.94848899272466,-306.94848899272466,-306.94848899272466,0.0,0.0,0.0,3274.8580268055725
2024-07-20,3420.5202578371254,3137.564016782303,3440.4700413053115,3420.5202578371254,3420.5202578371254,0.0,0.0,0.0,0.0,0.0,0.0,0.0,0.0,0.0,0.0,0.0,0.0,0.0,0.0,0.0,0.0,0.0,0.0,0.0,0.0,0.0,0.0,0.0,0.0,0.0,0.0,0.0,0.0,0.0,0.0,0.0,0.0,0.0,0.0,0.0,0.0,0.0,0.0,0.0,0.0,0.0,0.0,0.0,0.0,0.0,0.0,0.0,0.0,-127.72585225622495,-127.72585225622495,-127.72585225622495,0.0,0.0,0.0,-28.776727607966727,-28.776727607966727,-28.776727607966727,210.10138936418377,210.10138936418377,210.10138936418377,-309.050514012442,-309.050514012442,-309.050514012442,0.0,0.0,0.0,3292.7944055809003
2024-07-21,3422.2111080907684,2978.0657529041173,3298.1054299946654,3422.2111080907684,3422.2111080907684,0.0,0.0,0.0,0.0,0.0,0.0,0.0,0.0,0.0,0.0,0.0,0.0,0.0,0.0,0.0,0.0,0.0,0.0,0.0,0.0,0.0,0.0,0.0,0.0,0.0,0.0,0.0,0.0,0.0,0.0,0.0,0.0,0.0,0.0,0.0,0.0,0.0,0.0,0.0,0.0,0.0,0.0,0.0,0.0,0.0,0.0,0.0,0.0,-282.9796023366195,-282.9796023366195,-282.9796023366195,0.0,0.0,0.0,-71.77608124492112,-71.77608124492112,-71.77608124492112,99.53964739354441,99.53964739354441,99.53964739354441,-310.74316848524273,-310.74316848524273,-310.74316848524273,0.0,0.0,0.0,3139.231505754149
2024-07-22,3423.9019583444124,2776.0205042362454,3106.7768726155236,3423.9019583444124,3423.9019583444124,0.0,0.0,0.0,0.0,0.0,0.0,0.0,0.0,0.0,0.0,0.0,0.0,0.0,0.0,0.0,0.0,0.0,0.0,0.0,0.0,0.0,0.0,0.0,0.0,0.0,0.0,0.0,0.0,0.0,0.0,0.0,0.0,0.0,0.0,0.0,0.0,0.0,0.0,0.0,0.0,0.0,0.0,0.0,0.0,0.0,0.0,0.0,0.0,-477.8384270953425,-477.8384270953425,-477.8384270953425,0.0,0.0,0.0,-106.44612442310626,-106.44612442310626,-106.44612442310626,-59.28245221727405,-59.28245221727405,-59.28245221727405,-312.10985045496227,-312.10985045496227,-312.10985045496227,0.0,0.0,0.0,2946.06353124907
2024-07-23,3425.592808598056,2617.5007979786747,2955.4080815237776,3425.592808598056,3425.592808598056,0.0,0.0,0.0,0.0,0.0,0.0,0.0,0.0,0.0,0.0,0.0,0.0,0.0,0.0,0.0,0.0,0.0,0.0,0.0,0.0,0.0,0.0,0.0,0.0,0.0,0.0,0.0,0.0,0.0,0.0,0.0,0.0,0.0,0.0,0.0,0.0,0.0,0.0,0.0,0.0,0.0,0.0,0.0,0.0,0.0,0.0,0.0,0.0,-641.3607642884316,-641.3607642884316,-641.3607642884316,0.0,0.0,0.0,-125.24551716430369,-125.24551716430369,-125.24551716430369,-202.8748905170678,-202.8748905170678,-202.8748905170678,-313.24035660706005,-313.24035660706005,-313.24035660706005,0.0,0.0,0.0,2784.232044309624
2024-07-24,3427.283658851699,2650.048209538853,2965.85440184463,3427.283658851699,3427.283658851699,0.0,0.0,0.0,0.0,0.0,0.0,0.0,0.0,0.0,0.0,0.0,0.0,0.0,0.0,0.0,0.0,0.0,0.0,0.0,0.0,0.0,0.0,0.0,0.0,0.0,0.0,0.0,0.0,0.0,0.0,0.0,0.0,0.0,0.0,0.0,0.0,0.0,0.0,0.0,0.0,0.0,0.0,0.0,0.0,0.0,0.0,0.0,0.0,-624.4592819408138,-624.4592819408138,-624.4592819408138,0.0,0.0,0.0,-128.51660501293645,-128.51660501293645,-128.51660501293645,-181.71447593031564,-181.71447593031564,-181.71447593031564,-314.2282009975616,-314.2282009975616,-314.2282009975616,0.0,0.0,0.0,2802.824376910885
2024-07-25,3428.9745091053423,2808.8976507632,3134.1986147477282,3428.9745091053423,3428.9745091053423,0.0,0.0,0.0,0.0,0.0,0.0,0.0,0.0,0.0,0.0,0.0,0.0,0.0,0.0,0.0,0.0,0.0,0.0,0.0,0.0,0.0,0.0,0.0,0.0,0.0,0.0,0.0,0.0,0.0,0.0,0.0,0.0,0.0,0.0,0.0,0.0,0.0,0.0,0.0,0.0,0.0,0.0,0.0,0.0,0.0,0.0,0.0,0.0,-455.61717465463636,-455.61717465463636,-455.61717465463636,0.0,0.0,0.0,-123.57153935193439,-123.57153935193439,-123.57153935193439,-16.87781296407825,-16.87781296407825,-16.87781296407825,-315.1678223386238,-315.1678223386238,-315.1678223386238,0.0,0.0,0.0,2973.357334450706
2024-07-26,3430.665359358986,2989.9679529887057,3322.7319131629724,3430.665359358986,3430.665359358986,0.0,0.0,0.0,0.0,0.0,0.0,0.0,0.0,0.0,0.0,0.0,0.0,0.0,0.0,0.0,0.0,0.0,0.0,0.0,0.0,0.0,0.0,0.0,0.0,0.0,0.0,0.0,0.0,0.0,0.0,0.0,0.0,0.0,0.0,0.0,0.0,0.0,0.0,0.0,0.0,0.0,0.0,0.0,0.0,0.0,0.0,0.0,0.0,-284.04339475361695,-284.04339475361695,-284.04339475361695,0.0,0.0,0.0,-119.00022625871703,-119.00022625871703,-119.00022625871703,151.1085948713085,151.1085948713085,151.1085948713085,-316.1517633662084,-316.1517633662084,-316.1517633662084,0.0,0.0,0.0,3146.6219646053687
2024-07-27,3432.3562096126293,3045.28858251203,3374.2185110659943,3432.3562096126293,3432.3562096126293,0.0,0.0,0.0,0.0,0.0,0.0,0.0,0.0,0.0,0.0,0.0,0.0,0.0,0.0,0.0,0.0,0.0,0.0,0.0,0.0,0.0,0.0,0.0,0.0,0.0,0.0,0.0,0.0,0.0,0.0,0.0,0.0,0.0,0.0,0.0,0.0,0.0,0.0,0.0,0.0,0.0,0.0,0.0,0.0,0.0,0.0,0.0,0.0,-225.93409160324688,-225.93409160324688,-225.93409160324688,0.0,0.0,0.0,-118.76757410150583,-118.76757410150583,-118.76757410150583,210.10138936416553,210.10138936416553,210.10138936416553,-317.2679068659065,-317.2679068659065,-317.2679068659065,0.0,0.0,0.0,3206.4221180093823
2024-07-28,3434.0470598662732,2926.969147027826,3252.625158320846,3434.0470598662732,3434.0470598662732,0.0,0.0,0.0,0.0,0.0,0.0,0.0,0.0,0.0,0.0,0.0,0.0,0.0,0.0,0.0,0.0,0.0,0.0,0.0,0.0,0.0,0.0,0.0,0.0,0.0,0.0,0.0,0.0,0.0,0.0,0.0,0.0,0.0,0.0,0.0,0.0,0.0,0.0,0.0,0.0,0.0,0.0,0.0,0.0,0.0,0.0,0.0,0.0,-339.52021686920875,-339.52021686920875,-339.52021686920875,0.0,0.0,0.0,-120.46301282181884,-120.46301282181884,-120.46301282181884,99.53964739343219,99.53964739343219,99.53964739343219,-318.59685144082204,-318.59685144082204,-318.59685144082204,0.0,0.0,0.0,3094.5268429970647
2024-07-29,3435.7379101199163,2776.6371379078328,3088.5956446078426,3435.7379101199163,3435.7379101199163,0.0,0.0,0.0,0.0,0.0,0.0,0.0,0.0,0.0,0.0,0.0,0.0,0.0,0.0,0.0,0.0,0.0,0.0,0.0,0.0,0.0,0.0,0.0,0.0,0.0,0.0,0.0,0.0,0.0,0.0,0.0,0.0,0.0,0.0,0.0,0.0,0.0,0.0,0.0,0.0,0.0,0.0,0.0,0.0,0.0,0.0,0.0,0.0,-497.8714672227571,-497.8714672227571,-497.8714672227571,0.0,0.0,0.0,-118.37950889545245,-118.37950889545245,-118.37950889545245,-59.28245221738385,-59.28245221738385,-59.28245221738385,-320.2095061099207,-320.2095061099207,-320.2095061099207,0.0,0.0,0.0,2937.8664428971592
2024-07-30,3437.4287603735597,2639.8528755784814,2977.4538719188527,3437.4287603735597,3437.4287603735597,0.0,0.0,0.0,0.0,0.0,0.0,0.0,0.0,0.0,0.0,0.0,0.0,0.0,0.0,0.0,0.0,0.0,0.0,0.0,0.0,0.0,0.0,0.0,0.0,0.0,0.0,0.0,0.0,0.0,0.0,0.0,0.0,0.0,0.0,0.0,0.0,0.0,0.0,0.0,0.0,0.0,0.0,0.0,0.0,0.0,0.0,0.0,0.0,-633.3230692715765,-633.3230692715765,-633.3230692715765,0.0,0.0,0.0,-108.2832023188785,-108.2832023188785,-108.2832023188785,-202.87489051711145,-202.87489051711145,-202.87489051711145,-322.1649764355866,-322.1649764355866,-322.1649764355866,0.0,0.0,0.0,2804.105691101983
2024-07-31,3439.119610627203,2684.3931493818845,3000.677006334365,3439.119610627203,3439.119610627203,0.0,0.0,0.0,0.0,0.0,0.0,0.0,0.0,0.0,0.0,0.0,0.0,0.0,0.0,0.0,0.0,0.0,0.0,0.0,0.0,0.0,0.0,0.0,0.0,0.0,0.0,0.0,0.0,0.0,0.0,0.0,0.0,0.0,0.0,0.0,0.0,0.0,0.0,0.0,0.0,0.0,0.0,0.0,0.0,0.0,0.0,0.0,0.0,-596.1933915049694,-596.1933915049694,-596.1933915049694,0.0,0.0,0.0,-89.97010929117468,-89.97010929117468,-89.97010929117468,-181.71447593067214,-181.71447593067214,-181.71447593067214,-324.50880628312257,-324.50880628312257,-324.50880628312257,0.0,0.0,0.0,2842.9262191222338
2024-08-01,3440.8104608808467,2881.659342373139,3215.021230407711,3440.8104608808467,3440.8104608808467,0.0,0.0,0.0,0.0,0.0,0.0,0.0,0.0,0.0,0.0,0.0,0.0,0.0,0.0,0.0,0.0,0.0,0.0,0.0,0.0,0.0,0.0,0.0,0.0,0.0,0.0,0.0,0.0,0.0,0.0,0.0,0.0,0.0,0.0,0.0,0.0,0.0,0.0,0.0,0.0,0.0,0.0,0.0,0.0,0.0,0.0,0.0,0.0,-410.38775965033545,-410.38775965033545,-410.38775965033545,0.0,0.0,0.0,-66.23831792580339,-66.23831792580339,-66.23831792580339,-16.877812963871865,-16.877812963871865,-16.877812963871865,-327.2716287606602,-327.2716287606602,-327.2716287606602,0.0,0.0,0.0,3030.4227012305114
2024-08-02,3442.50131113449,3056.561886067555,3384.371707402157,3442.50131113449,3442.50131113449,0.0,0.0,0.0,0.0,0.0,0.0,0.0,0.0,0.0,0.0,0.0,0.0,0.0,0.0,0.0,0.0,0.0,0.0,0.0,0.0,0.0,0.0,0.0,0.0,0.0,0.0,0.0,0.0,0.0,0.0,0.0,0.0,0.0,0.0,0.0,0.0,0.0,0.0,0.0,0.0,0.0,0.0,0.0,0.0,0.0,0.0,0.0,0.0,-219.45823947340554,-219.45823947340554,-219.45823947340554,0.0,0.0,0.0,-40.09856665570791,-40.09856665570791,-40.09856665570791,151.10859487135315,151.10859487135315,151.10859487135315,-330.4682676890509,-330.4682676890509,-330.4682676890509,0.0,0.0,0.0,3223.0430716610845
2024-08-03,3444.192161388133,3144.4649288531486,3468.0044702299933,3444.192161388133,3444.192161388133,0.0,0.0,0.0,0.0,0.0,0.0,0.0,0.0,0.0,0.0,0.0,0.0,0.0,0.0,0.0,0.0,0.0,0.0,0.0,0.0,0.0,0.0,0.0,0.0,0.0,0.0,0.0,0.0,0.0,0.0,0.0,0.0,0.0,0.0,0.0,0.0,0.0,0.0,0.0,0.0,0.0,0.0,0.0,0.0,0.0,0.0,0.0,0.0,-137.03061748981582,-137.03061748981582,-137.03061748981582,0.0,0.0,0.0,-13.03468938623333,-13.03468938623333,-13.03468938623333,210.10138936412673,210.10138936412673,210.10138936412673,-334.0973174677093,-334.0973174677093,-334.0973174677093,0.0,0.0,0.0,3307.161543898317
2024-08-04,3445.883011641777,3069.761070647417,3384.1810722917603,3445.883011641777,3445.883011641777,0.0,0.0,0.0,0.0,0.0,0.0,0.0,0.0,0.0,0.0,0.0,0.0,0.0,0.0,0.0,0.0,0.0,0.0,0.0,0.0,0.0,0.0,0.0,0.0,0.0,0.0,0.0,0.0,0.0,0.0,0.0,0.0,0.0,0.0,0.0,0.0,0.0,0.0,0.0,0.0,0.0,0.0,0.0,0.0,0.0,0.0,0.0,0.0,-224.02523472270715,-224.02523472270715,-224.02523472270715,0.0,0.0,0.0,14.576332718317419,14.576332718317419,14.576332718317419,99.53964739332169,99.53964739332169,99.53964739332169,-338.1412148343463,-338.1412148343463,-338.1412148343463,0.0,0.0,0.0,3221.85777691907
2024-08-05,3447.57386189542,2922.4246321528676,3239.5607648579726,3447.57386189542,3447.57386189542,0.0,0.0,0.0,0.0,0.0,0.0,0.0,0.0,0.0,0.0,0.0,0.0,0.0,0.0,0.0,0.0,0.0,0.0,0.0,0.0,0.0,0.0,0.0,0.0,0.0,0.0,0.0,0.0,0.0,0.0,0.0,0.0,0.0,0.0,0.0,0.0,0.0,0.0,0.0,0.0,0.0,0.0,0.0,0.0,0.0,0.0,0.0,0.0,-359.74374110902085,-359.74374110902085,-359.74374110902085,0.0,0.0,0.0,42.10551230440515,42.10551230440515,42.10551230440515,-59.28245221749365,-59.28245221749365,-59.28245221749365,-342.5668011959323,-342.5668011959323,-342.5668011959323,0.0,0.0,0.0,3087.830120786399
2024-08-06,3449.264712149064,2792.4625544650007,3127.7955412296537,3449.264712149064,3449.264712149064,0.0,0.0,0.0,0.0,0.0,0.0,0.0,0.0,0.0,0.0,0.0,0.0,0.0,0.0,0.0,0.0,0.0,0.0,0.0,0.0,0.0,0.0,0.0,0.0,0.0,0.0,0.0,0.0,0.0,0.0,0.0,0.0,0.0,0.0,0.0,0.0,0.0,0.0,0.0,0.0,0.0,0.0,0.0,0.0,0.0,0.0,0.0,0.0,-482.00181428947906,-482.00181428947906,-482.00181428947906,0.0,0.0,0.0,68.19943560333202,68.19943560333202,68.19943560333202,-202.87489051719584,-202.87489051719584,-202.87489051719584,-347.32635937561525,-347.32635937561525,-347.32635937561525,0.0,0.0,0.0,2967.262897859585
2024-08-07,3450.9555624027075,2850.7781313348987,3175.4519108792038,3450.9555624027075,3450.9555624027075,0.0,0.0,0.0,0.0,0.0,0.0,0.0,0.0,0.0,0.0,0.0,0.0,0.0,0.0,0.0,0.0,0.0,0.0,0.0,0.0,0.0,0.0,0.0,0.0,0.0,0.0,0.0,0.0,0.0,0.0,0.0,0.0,0.0,0.0,0.0,0.0,0.0,0.0,0.0,0.0,0.0,0.0,0.0,0.0,0.0,0.0,0.0,0.0,-442.4998739238816,-442.4998739238816,-442.4998739238816,0.0,0.0,0.0,91.57369623135953,91.57369623135953,91.57369623135953,-181.7144759306069,-181.7144759306069,-181.7144759306069,-352.35909422463425,-352.35909422463425,-352.35909422463425,0.0,0.0,0.0,3008.455688478826
2024-08-08,3452.6464126563505,3024.4379566185803,3359.7454551645988,3452.6464126563505,3452.6464126563505,0.0,0.0,0.0,0.0,0.0,0.0,0.0,0.0,0.0,0.0,0.0,0.0,0.0,0.0,0.0,0.0,0.0,0.0,0.0,0.0,0.0,0.0,0.0,0.0,0.0,0.0,0.0,0.0,0.0,0.0,0.0,0.0,0.0,0.0,0.0,0.0,0.0,0.0,0.0,0.0,0.0,0.0,0.0,0.0,0.0,0.0,0.0,0.0,-262.68573308715196,-262.68573308715196,-262.68573308715196,0.0,0.0,0.0,111.78509289799415,111.78509289799415,111.78509289799415,-16.877812963763734,-16.877812963763734,-16.877812963763734,-357.5930130213824,-357.5930130213824,-357.5930130213824,0.0,0.0,0.0,3189.9606795691984
2024-08-09,3454.337262909994,3209.0926336211364,3531.2021989319023,3454.337262909994,3454.337262909994,0.0,0.0,0.0,0.0,0.0,0.0,0.0,0.0,0.0,0.0,0.0,0.0,0.0,0.0,0.0,0.0,0.0,0.0,0.0,0.0,0.0,0.0,0.0,0.0,0.0,0.0,0.0,0.0,0.0,0.0,0.0,0.0,0.0,0.0,0.0,0.0,0.0,0.0,0.0,0.0,0.0,0.0,0.0,0.0,0.0,0.0,0.0,0.0,-83.11286294340833,-83.11286294340833,-83.11286294340833,0.0,0.0,0.0,128.72569152096187,128.72569152096187,128.72569152096187,151.10859487147508,151.10859487147508,151.10859487147508,-362.94714933584527,-362.94714933584527,-362.94714933584527,0.0,0.0,0.0,3371.2243999665857
2024-08-10,3456.0281131636375,3271.907401726745,3615.2478112309655,3456.0281131636375,3456.0281131636375,0.0,0.0,0.0,0.0,0.0,0.0,0.0,0.0,0.0,0.0,0.0,0.0,0.0,0.0,0.0,0.0,0.0,0.0,0.0,0.0,0.0,0.0,0.0,0.0,0.0,0.0,0.0,0.0,0.0,0.0,0.0,0.0,0.0,0.0,0.0,0.0,0.0,0.0,0.0,0.0,0.0,0.0,0.0,0.0,0.0,0.0,0.0,0.0,-16.976684750863626,-16.976684750863626,-16.976684750863626,0.0,0.0,0.0,141.25598932786335,141.25598932786335,141.25598932786335,210.10138936410848,210.10138936410848,210.10138936410848,-368.3340634428354,-368.3340634428354,-368.3340634428354,0.0,0.0,0.0,3439.051428412774
2024-08-11,3457.718963417281,3175.847859731396,3494.8722790686934,3457.718963417281,3457.718963417281,0.0,0.0,0.0,0.0,0.0,0.0,0.0,0.0,0.0,0.0,0.0,0.0,0.0,0.0,0.0,0.0,0.0,0.0,0.0,0.0,0.0,0.0,0.0,0.0,0.0,0.0,0.0,0.0,0.0,0.0,0.0,0.0,0.0,0.0,0.0,0.0,0.0,0.0,0.0,0.0,0.0,0.0,0.0,0.0,0.0,0.0,0.0,0.0,-127.35819202298167,-127.35819202298167,-127.35819202298167,0.0,0.0,0.0,146.764704339172,146.764704339172,146.764704339172,99.53964739382192,99.53964739382192,99.53964739382192,-373.6625437559756,-373.6625437559756,-373.6625437559756,0.0,0.0,0.0,3330.3607713942993
2024-08-12,3459.409813670925,3004.594940464289,3330.749472781836,3459.409813670925,3459.409813670925,0.0,0.0,0.0,0.0,0.0,0.0,0.0,0.0,0.0,0.0,0.0,0.0,0.0,0.0,0.0,0.0,0.0,0.0,0.0,0.0,0.0,0.0,0.0,0.0,0.0,0.0,0.0,0.0,0.0,0.0,0.0,0.0,0.0,0.0,0.0,0.0,0.0,0.0,0.0,0.0,0.0,0.0,0.0,0.0,0.0,0.0,0.0,0.0,-295.3404754447217,-295.3404754447217,-295.3404754447217,0.0,0.0,0.0,142.78240415668455,142.78240415668455,142.78240415668455,-59.28245221696917,-59.28245221696917,-59.28245221696917,-378.84042738443713,-378.84042738443713,-378.84042738443713,0.0,0.0,0.0,3164.0693382262034
2024-08-13,3461.1006639245675,2841.6229112597407,3175.179656289182,3461.1006639245675,3461.1006639245675,0.0,0.0,0.0,0.0,0.0,0.0,0.0,0.0,0.0,0.0,0.0,0.0,0.0,0.0,0.0,0.0,0.0,0.0,0.0,0.0,0.0,0.0,0.0,0.0,0.0,0.0,0.0,0.0,0.0,0.0,0.0,0.0,0.0,0.0,0.0,0.0,0.0,0.0,0.0,0.0,0.0,0.0,0.0,0.0,0.0,0.0,0.0,0.0,-457.12138987356116,-457.12138987356116,-457.12138987356116,0.0,0.0,0.0,129.53095463640238,129.53095463640238,129.53095463640238,-202.87489051719868,-202.87489051719868,-202.87489051719868,-383.7774539927648,-383.7774539927648,-383.7774539927648,0.0,0.0,0.0,3003.9792740510065
2024-08-14,3462.7915141782114,2831.2656307447496,3163.7375089503116,3462.7915141782114,3462.7915141782114,0.0,0.0,0.0,0.0,0.0,0.0,0.0,0.0,0.0,0.0,0.0,0.0,0.0,0.0,0.0,0.0,0.0,0.0,0.0,0.0,0.0,0.0,0.0,0.0,0.0,0.0,0.0,0.0,0.0,0.0,0.0,0.0,0.0,0.0,0.0,0.0,0.0,0.0,0.0,0.0,0.0,0.0,0.0,0.0,0.0,0.0,0.0,0.0,-459.3158400829459,-459.3158400829459,-459.3158400829459,0.0,0.0,0.0,110.7867016431885,110.7867016431885,110.7867016431885,-181.71447593049183,-181.71447593049183,-181.71447593049183,-388.3880657956425,-388.3880657956425,-388.3880657956425,0.0,0.0,0.0,3003.4756740952653
2024-08-15,3464.482364431855,2971.568277367806,3299.380556812805,3464.482364431855,3464.482364431855,0.0,0.0,0.0,0.0,0.0,0.0,0.0,0.0,0.0,0.0,0.0,0.0,0.0,0.0,0.0,0.0,0.0,0.0,0.0,0.0,0.0,0.0,0.0,0.0,0.0,0.0,0.0,0.0,0.0,0.0,0.0,0.0,0.0,0.0,0.0,0.0,0.0,0.0,0.0,0.0,0.0,0.0,0.0,0.0,0.0,0.0,0.0,0.0,-317.9409381419832,-317.9409381419832,-317.9409381419832,0.0,0.0,0.0,91.5309426192185,91.5309426192185,91.5309426192185,-16.87781296360647,-16.87781296360647,-16.87781296360647,-392.5940677975952,-392.5940677975952,-392.5940677975952,0.0,0.0,0.0,3146.5414262898717
2024-08-16,3466.1732146854984,3136.1347961261863,3455.7249930077187,3466.1732146854984,3466.1732146854984,0.0,0.0,0.0,0.0,0.0,0.0,0.0,0.0,0.0,0.0,0.0,0.0,0.0,0.0,0.0,0.0,0.0,0.0,0.0,0.0,0.0,0.0,0.0,0.0,0.0,0.0,0.0,0.0,0.0,0.0,0.0,0.0,0.0,0.0,0.0,0.0,0.0,0.0,0.0,0.0,0.0,0.0,0.0,0.0,0.0,0.0,0.0,0.0,-171.3394884326461,-171.3394884326461,-171.3394884326461,0.0,0.0,0.0,73.87898296091177,73.87898296091177,73.87898296091177,151.10859487105122,151.10859487105122,151.10859487105122,-396.3270662646091,-396.3270662646091,-396.3270662646091,0.0,0.0,0.0,3294.833726252852
2024-08-17,3467.864064939142,3171.5262457610293,3493.1056341701815,3467.864064939142,3467.864064939142,0.0,0.0,0.0,0.0,0.0,0.0,0.0,0.0,0.0,0.0,0.0,0.0,0.0,0.0,0.0,0.0,0.0,0.0,0.0,0.0,0.0,0.0,0.0,0.0,0.0,0.0,0.0,0.0,0.0,0.0,0.0,0.0,0.0,0.0,0.0,0.0,0.0,0.0,0.0,0.0,0.0,0.0,0.0,0.0,0.0,0.0,0.0,0.0,-134.53228847056263,-134.53228847056263,-134.53228847056263,0.0,0.0,0.0,54.89693195078641,54.89693195078641,54.89693195078641,210.10138936406975,210.10138936406975,210.10138936406975,-399.53060978541873,-399.53060978541873,-399.53060978541873,0.0,0.0,0.0,3333.3317764685794
2024-08-18,3469.5549151927853,3019.603727346954,3362.615797931145,3469.5549151927853,3469.5549151927853,0.0,0.0,0.0,0.0,0.0,0.0,0.0,0.0,0.0,0.0,0.0,0.0,0.0,0.0,0.0,0.0,0.0,0.0,0.0,0.0,0.0,0.0,0.0,0.0,0.0,0.0,0.0,0.0,0.0,0.0,0.0,0.0,0.0,0.0,0.0,0.0,0.0,0.0,0.0,0.0,0.0,0.0,0.0,0.0,0.0,0.0,0.0,0.0,-273.8055340843214,-273.8055340843214,-273.8055340843214,0.0,0.0,0.0,28.816784487779877,28.816784487779877,28.816784487779877,99.53964739371142,99.53964739371142,99.53964739371142,-402.1619659658127,-402.1619659658127,-402.1619659658127,0.0,0.0,0.0,3195.749381108464
2024-08-19,3471.2457654464283,2839.268190313462,3159.680378989595,3471.2457654464283,3471.2457654464283,0.0,0.0,0.0,0.0,0.0,0.0,0.0,0.0,0.0,0.0,0.0,0.0,0.0,0.0,0.0,0.0,0.0,0.0,0.0,0.0,0.0,0.0,0.0,0.0,0.0,0.0,0.0,0.0,0.0,0.0,0.0,0.0,0.0,0.0,0.0,0.0,0.0,0.0,0.0,0.0,0.0,0.0,0.0,0.0,0.0,0.0,0.0,0.0,-471.04049991508145,-471.04049991508145,-471.04049991508145,0.0,0.0,0.0,-7.56457014870733,-7.56457014870733,-7.56457014870733,-59.28245221710256,-59.28245221710256,-59.28245221710256,-404.1934775492716,-404.1934775492716,-404.1934775492716,0.0,0.0,0.0,3000.205265531347
2024-08-20,3472.9366157000723,2657.5649747138345,2968.050795791491,3472.9366157000723,3472.9366157000723,0.0,0.0,0.0,0.0,0.0,0.0,0.0,0.0,0.0,0.0,0.0,0.0,0.0,0.0,0.0,0.0,0.0,0.0,0.0,0.0,0.0,0.0,0.0,0.0,0.0,0.0,0.0,0.0,0.0,0.0,0.0,0.0,0.0,0.0,0.0,0.0,0.0,0.0,0.0,0.0,0.0,0.0,0.0,0.0,0.0,0.0,0.0,0.0,-659.1291486094301,-659.1291486094301,-659.1291486094301,0.0,0.0,0.0,-50.640803833893635,-50.640803833893635,-50.640803833893635,-202.8748905172831,-202.8748905172831,-202.8748905172831,-405.61345425825346,-405.61345425825346,-405.61345425825346,0.0,0.0,0.0,2813.807467090642
2024-08-21,3474.6274659537157,2638.7829822993776,2953.6917801368577,3474.6274659537157,3474.6274659537157,0.0,0.0,0.0,0.0,0.0,0.0,0.0,0.0,0.0,0.0,0.0,0.0,0.0,0.0,0.0,0.0,0.0,0.0,0.0,0.0,0.0,0.0,0.0,0.0,0.0,0.0,0.0,0.0,0.0,0.0,0.0,0.0,0.0,0.0,0.0,0.0,0.0,0.0,0.0,0.0,0.0,0.0,0.0,0.0,0.0,0.0,0.0,0.0,-678.9165412776072,-678.9165412776072,-678.9165412776072,0.0,0.0,0.0,-90.77549481108194,-90.77549481108194,-90.77549481108194,-181.7144759304266,-181.7144759304266,-181.7144759304266,-406.42657053609867,-406.42657053609867,-406.42657053609867,0.0,0.0,0.0,2795.7109246761083
2024-08-22,3476.318316207359,2780.1995248642065,3092.4804604317924,3476.318316207359,3476.318316207359,0.0,0.0,0.0,0.0,0.0,0.0,0.0,0.0,0.0,0.0,0.0,0.0,0.0,0.0,0.0,0.0,0.0,0.0,0.0,0.0,0.0,0.0,0.0,0.0,0.0,0.0,0.0,0.0,0.0,0.0,0.0,0.0,0.0,0.0,0.0,0.0,0.0,0.0,0.0,0.0,0.0,0.0,0.0,0.0,0.0,0.0,0.0,0.0,-541.5447970412271,-541.5447970412271,-541.5447970412271,0.0,0.0,0.0,-118.0132298461307,-118.0132298461307,-118.0132298461307,-16.877812964253717,-16.877812964253717,-16.877812964253717,-406.65375423084265,-406.65375423084265,-406.65375423084265,0.0,0.0,0.0,2934.7735191661322
2024-08-23,3478.009166461002,2930.1248284258545,3248.27446645215,3478.009166461002,3478.009166461002,0.0,0.0,0.0,0.0,0.0,0.0,0.0,0.0,0.0,0.0,0.0,0.0,0.0,0.0,0.0,0.0,0.0,0.0,0.0,0.0,0.0,0.0,0.0,0.0,0.0,0.0,0.0,0.0,0.0,0.0,0.0,0.0,0.0,0.0,0.0,0.0,0.0,0.0,0.0,0.0,0.0,0.0,0.0,0.0,0.0,0.0,0.0,0.0,-383.6991433331074,-383.6991433331074,-383.6991433331074,0.0,0.0,0.0,-128.47617154774915,-128.47617154774915,-128.47617154774915,151.10859487113453,151.10859487113453,151.10859487113453,-406.3315666564927,-406.3315666564927,-406.3315666564927,0.0,0.0,0.0,3094.310023127895
2024-08-24,3479.7000167146457,2999.0209872204705,3323.0365828442086,3479.7000167146457,3479.7000167146457,0.0,0.0,0.0,0.0,0.0,0.0,0.0,0.0,0.0,0.0,0.0,0.0,0.0,0.0,0.0,0.0,0.0,0.0,0.0,0.0,0.0,0.0,0.0,0.0,0.0,0.0,0.0,0.0,0.0,0.0,0.0,0.0,0.0,0.0,0.0,0.0,0.0,0.0,0.0,0.0,0.0,0.0,0.0,0.0,0.0,0.0,0.0,0.0,-321.89241542313476,-321.89241542313476,-321.89241542313476,0.0,0.0,0.0,-126.4827148495382,-126.4827148495382,-126.4827148495382,210.10138936407193,210.10138936407193,210.10138936407193,-405.5110899376685,-405.5110899376685,-405.5110899376685,0.0,0.0,0.0,3157.8076012915108
2024-08-25,3481.390866968289,2896.1198405615646,3219.852396454693,3481.390866968289,3481.390866968289,0.0,0.0,0.0,0.0,0.0,0.0,0.0,0.0,0.0,0.0,0.0,0.0,0.0,0.0,0.0,0.0,0.0,0.0,0.0,0.0,0.0,0.0,0.0,0.0,0.0,0.0,0.0,0.0,0.0,0.0,0.0,0.0,0.0,0.0,0.0,0.0,0.0,0.0,0.0,0.0,0.0,0.0,0.0,0.0,0.0,0.0,0.0,0.0,-425.55222472305877,-425.55222472305877,-425.55222472305877,0.0,0.0,0.0,-120.83551949206885,-120.83551949206885,-120.83551949206885,99.5396473935992,99.5396473935992,99.5396473935992,-404.25635262458906,-404.25635262458906,-404.25635262458906,0.0,0.0,0.0,3055.8386422452304
2024-08-26,3483.0817172219326,2748.082085402505,3057.2509106590232,3483.0817172219326,3483.0817172219326,0.0,0.0,0.0,0.0,0.0,0.0,0.0,0.0,0.0,0.0,0.0,0.0,0.0,0.0,0.0,0.0,0.0,0.0,0.0,0.0,0.0,0.0,0.0,0.0,0.0,0.0,0.0,0.0,0.0,0.0,0.0,0.0,0.0,0.0,0.0,0.0,0.0,0.0,0.0,0.0,0.0,0.0,0.0,0.0,0.0,0.0,0.0,0.0,-580.2848069814887,-580.2848069814887,-580.2848069814887,0.0,0.0,0.0,-118.3600159590885,-118.3600159590885,-118.3600159590885,-59.28245221721236,-59.28245221721236,-59.28245221721236,-402.64233880518793,-402.64233880518793,-402.64233880518793,0.0,0.0,0.0,2902.796910240444
2024-08-27,3484.772567475576,2604.3945003664257,2912.2138967637306,3484.772567475576,3484.772567475576,0.0,0.0,0.0,0.0,0.0,0.0,0.0,0.0,0.0,0.0,0.0,0.0,0.0,0.0,0.0,0.0,0.0,0.0,0.0,0.0,0.0,0.0,0.0,0.0,0.0,0.0,0.0,0.0,0.0,0.0,0.0,0.0,0.0,0.0,0.0,0.0,0.0,0.0,0.0,0.0,0.0,0.0,0.0,0.0,0.0,0.0,0.0,0.0,-723.3397388679698,-723.3397388679698,-723.3397388679698,0.0,0.0,0.0,-119.71220944514137,-119.71220944514137,-119.71220944514137,-202.87489051703534,-202.87489051703534,-202.87489051703534,-400.7526389057931,-400.7526389057931,-400.7526389057931,0.0,0.0,0.0,2761.432828607606
2024-08-28,3486.4634177292196,2629.194767741632,2949.0440284418073,3486.4634177292196,3486.4634177292196,0.0,0.0,0.0,0.0,0.0,0.0,0.0,0.0,0.0,0.0,0.0,0.0,0.0,0.0,0.0,0.0,0.0,0.0,0.0,0.0,0.0,0.0,0.0,0.0,0.0,0.0,0.0,0.0,0.0,0.0,0.0,0.0,0.0,0.0,0.0,0.0,0.0,0.0,0.0,0.0,0.0,0.0,0.0,0.0,0.0,0.0,0.0,0.0,-700.632081359554,-700.632081359554,-700.632081359554,0.0,0.0,0.0,-120.24079376053238,-120.24079376053238,-120.24079376053238,-181.71447593031152,-181.71447593031152,-181.71447593031152,-398.6768116687102,-398.6768116687102,-398.6768116687102,0.0,0.0,0.0,2785.8313363696657
2024-08-29,3488.154267982863,2808.8465385998293,3134.7255517043263,3488.154267982863,3488.154267982863,0.0,0.0,0.0,0.0,0.0,0.0,0.0,0.0,0.0,0.0,0.0,0.0,0.0,0.0,0.0,0.0,0.0,0.0,0.0,0.0,0.0,0.0,0.0,0.0,0.0,0.0,0.0,0.0,0.0,0.0,0.0,0.0,0.0,0.0,0.0,0.0,0.0,0.0,0.0,0.0,0.0,0.0,0.0,0.0,0.0,0.0,0.0,0.0,-527.8292444098203,-527.8292444098203,-527.8292444098203,0.0,0.0,0.0,-114.44389537146532,-114.44389537146532,-114.44389537146532,-16.877812964096456,-16.877812964096456,-16.877812964096456,-396.50753607425855,-396.50753607425855,-396.50753607425855,0.0,0.0,0.0,2960.325023573043
2024-08-30,3489.8451182365066,2992.5560155254925,3304.489376651719,3489.8451182365066,3489.8451182365066,0.0,0.0,0.0,0.0,0.0,0.0,0.0,0.0,0.0,0.0,0.0,0.0,0.0,0.0,0.0,0.0,0.0,0.0,0.0,0.0,0.0,0.0,0.0,0.0,0.0,0.0,0.0,0.0,0.0,0.0,0.0,0.0,0.0,0.0,0.0,0.0,0.0,0.0,0.0,0.0,0.0,0.0,0.0,0.0,0.0,0.0,0.0,0.0,-343.24667968040706,-343.24667968040706,-343.24667968040706,0.0,0.0,0.0,-100.01763560358862,-100.01763560358862,-100.01763560358862,151.10859487121783,151.10859487121783,151.10859487121783,-394.33763894803616,-394.33763894803616,-394.33763894803616,0.0,0.0,0.0,3146.5984385560996
2024-08-31,3491.53596849015,3075.540037353023,3382.4517635501143,3491.53596849015,3491.53596849015,0.0,0.0,0.0,0.0,0.0,0.0,0.0,0.0,0.0,0.0,0.0,0.0,0.0,0.0,0.0,0.0,0.0,0.0,0.0,0.0,0.0,0.0,0.0,0.0,0.0,0.0,0.0,0.0,0.0,0.0,0.0,0.0,0.0,0.0,0.0,0.0,0.0,0.0,0.0,0.0,0.0,0.0,0.0,0.0,0.0,0.0,0.0,0.0,-260.72299312277886,-260.72299312277886,-260.72299312277886,0.0,0.0,0.0,-78.56729404793582,-78.56729404793582,-78.56729404793582,210.1013893640332,210.1013893640332,210.1013893640332,-392.2570884388762,-392.2570884388762,-392.2570884388762,0.0,0.0,0.0,3230.812975367371
2024-09-01,3493.2268187437935,3002.585640964155,3322.611071889219,3493.2268187437935,3493.2268187437935,0.0,0.0,0.0,0.0,0.0,0.0,0.0,0.0,0.0,0.0,0.0,0.0,0.0,0.0,0.0,0.0,0.0,0.0,0.0,0.0,0.0,0.0,0.0,0.0,0.0,0.0,0.0,0.0,0.0,0.0,0.0,0.0,0.0,0.0,0.0,0.0,0.0,0.0,0.0,0.0,0.0,0.0,0.0,0.0,0.0,0.0,0.0,0.0,-344.1466914597992,-344.1466914597992,-344.1466914597992,0.0,0.0,0.0,-53.3362935329706,-53.3362935329706,-53.3362935329706,99.53964739348869,99.53964739348869,99.53964739348869,-390.3500453203173,-390.3500453203173,-390.3500453203173,0.0,0.0,0.0,3149.0801272839944
2024-09-02,3494.917668997437,2900.5475842053042,3223.665522178559,3494.917668997437,3494.917668997437,0.0,0.0,0.0,0.0,0.0,0.0,0.0,0.0,0.0,0.0,0.0,0.0,0.0,0.0,0.0,0.0,0.0,0.0,0.0,0.0,0.0,44.38666092395592,44.38666092395592,44.38666092395592,0.0,0.0,0.0,0.0,0.0,0.0,0.0,0.0,0.0,0.0,0.0,0.0,0.0,0.0,0.0,0.0,0.0,0.0,0.0,0.0,0.0,0.0,0.0,0.0,-430.23699377292485,-430.23699377292485,-430.23699377292485,44.38666092395592,44.38666092395592,44.38666092395592,-26.649139388517792,-26.649139388517792,-26.649139388517792,-59.28245221732216,-59.28245221732216,-59.28245221732216,-388.69206309104084,-388.69206309104084,-388.69206309104084,0.0,0.0,0.0,3064.680675224512
2024-09-03,3496.60851925108,2749.889769905599,3074.068567366812,3496.60851925108,3496.60851925108,0.0,0.0,0.0,0.0,0.0,0.0,0.0,0.0,0.0,0.0,0.0,0.0,0.0,0.0,0.0,0.0,0.0,0.0,0.0,0.0,0.0,0.0,0.0,0.0,0.0,0.0,0.0,0.0,0.0,0.0,0.0,0.0,0.0,0.0,0.0,0.0,0.0,0.0,0.0,0.0,0.0,0.0,0.0,0.0,0.0,0.0,0.0,0.0,-589.499633809425,-589.499633809425,-589.499633809425,0.0,0.0,0.0,0.7227808428607869,0.7227808428607869,0.7227808428607869,-202.87489051707897,-202.87489051707897,-202.87489051707897,-387.3475241352067,-387.3475241352067,-387.3475241352067,0.0,0.0,0.0,2907.108885441655
2024-09-04,3498.2993695047235,2799.6592969218523,3132.8302593008025,3498.2993695047235,3498.2993695047235,0.0,0.0,0.0,0.0,0.0,0.0,0.0,0.0,0.0,0.0,0.0,0.0,0.0,0.0,0.0,0.0,0.0,0.0,0.0,0.0,0.0,0.0,0.0,0.0,0.0,0.0,0.0,0.0,0.0,0.0,0.0,0.0,0.0,0.0,0.0,0.0,0.0,0.0,0.0,0.0,0.0,0.0,0.0,0.0,0.0,0.0,0.0,0.0,-539.6580164400466,-539.6580164400466,-539.6580164400466,0.0,0.0,0.0,28.42385234170931,28.42385234170931,28.42385234170931,-181.71447593029617,-181.71447593029617,-181.71447593029617,-386.36739285145984,-386.36739285145984,-386.36739285145984,0.0,0.0,0.0,2958.641353064677
2024-09-05,3499.9902197583674,2989.4223164510436,3305.8474244630047,3499.9902197583674,3499.9902197583674,0.0,0.0,0.0,0.0,0.0,0.0,0.0,0.0,0.0,0.0,0.0,0.0,0.0,0.0,0.0,0.0,0.0,0.0,0.0,0.0,0.0,0.0,0.0,0.0,0.0,0.0,0.0,0.0,0.0,0.0,0.0,0.0,0.0,0.0,0.0,0.0,0.0,0.0,0.0,0.0,0.0,0.0,0.0,0.0,0.0,0.0,0.0,0.0,-347.2379453359238,-347.2379453359238,-347.2379453359238,0.0,0.0,0.0,55.42722546221879,55.42722546221879,55.42722546221879,-16.8778129639392,-16.8778129639392,-16.8778129639392,-385.7873578342035,-385.7873578342035,-385.7873578342035,0.0,0.0,0.0,3152.7522744224434
2024-09-06,3501.681070012011,3178.4585406047586,3503.2548423723883,3501.681070012011,3501.681070012011,0.0,0.0,0.0,0.0,0.0,0.0,0.0,0.0,0.0,0.0,0.0,0.0,0.0,0.0,0.0,0.0,0.0,0.0,0.0,0.0,0.0,0.0,0.0,0.0,0.0,0.0,0.0,0.0,0.0,0.0,0.0,0.0,0.0,0.0,0.0,0.0,0.0,0.0,0.0,0.0,0.0,0.0,0.0,0.0,0.0,0.0,0.0,0.0,-154.24238097595654,-154.24238097595654,-154.24238097595654,0.0,0.0,0.0,80.27544829880927,80.27544829880927,80.27544829880927,151.10859487133973,151.10859487133973,151.10859487133973,-385.62642414610553,-385.62642414610553,-385.62642414610553,0.0,0.0,0.0,3347.4386890360543
2024-09-07,3503.371920265654,3271.99615272311,3604.4019687126834,3503.371920265654,3503.371920265654,0.0,0.0,0.0,0.0,0.0,0.0,0.0,0.0,0.0,0.0,0.0,0.0,0.0,0.0,0.0,0.0,0.0,0.0,0.0,0.0,0.0,0.0,0.0,0.0,0.0,0.0,0.0,0.0,0.0,0.0,0.0,0.0,0.0,0.0,0.0,0.0,0.0,0.0,0.0,0.0,0.0,0.0,0.0,0.0,0.0,0.0,0.0,0.0,-73.71084132456373,-73.71084132456373,-73.71084132456373,0.0,0.0,0.0,102.0737730750946,102.0737730750946,102.0737730750946,210.10138936414126,210.10138936414126,210.10138936414126,-385.8860037637995,-385.8860037637995,-385.8860037637995,0.0,0.0,0.0,3429.66107894109
2024-09-08,3505.062770519298,3188.3653068997173,3491.032689691441,3505.062770519298,3505.062770519298,0.0,0.0,0.0,0.0,0.0,0.0,0.0,0.0,0.0,0.0,0.0,0.0,0.0,0.0,0.0,0.0,0.0,0.0,0.0,0.0,0.0,0.0,0.0,0.0,0.0,0.0,0.0,0.0,0.0,0.0,0.0,0.0,0.0,0.0,0.0,0.0,0.0,0.0,0.0,0.0,0.0,0.0,0.0,0.0,0.0,0.0,0.0,0.0,-166.31302044791593,-166.31302044791593,-166.31302044791593,0.0,0.0,0.0,120.69686994441422,120.69686994441422,120.69686994441422,99.53964739398893,99.53964739398893,99.53964739398893,-386.54953778631915,-386.54953778631915,-386.54953778631915,0.0,0.0,0.0,3338.749750071382
2024-09-09,3506.753620772941,3035.217805057106,3364.353288720743,3506.753620772941,3506.753620772941,0.0,0.0,0.0,0.0,0.0,0.0,0.0,0.0,0.0,0.0,0.0,0.0,0.0,0.0,0.0,0.0,0.0,0.0,0.0,0.0,0.0,0.0,0.0,0.0,0.0,0.0,0.0,0.0,0.0,0.0,0.0,0.0,0.0,0.0,0.0,0.0,0.0,0.0,0.0,0.0,0.0,0.0,0.0,0.0,0.0,0.0,0.0,0.0,-311.1853360739069,-311.1853360739069,-311.1853360739069,0.0,0.0,0.0,135.6797845279887,135.6797845279887,135.6797845279887,-59.28245221745555,-59.28245221745555,-59.28245221745555,-387.58266838444007,-387.58266838444007,-387.58266838444007,0.0,0.0,0.0,3195.568284699034
2024-09-10,3508.4444710265843,2896.4176567986606,3229.9322832607645,3508.4444710265843,3508.4444710265843,0.0,0.0,0.0,0.0,0.0,0.0,0.0,0.0,0.0,0.0,0.0,0.0,0.0,0.0,0.0,0.0,0.0,0.0,0.0,0.0,0.0,0.0,0.0,0.0,0.0,0.0,0.0,0.0,0.0,0.0,0.0,0.0,0.0,0.0,0.0,0.0,0.0,0.0,0.0,0.0,0.0,0.0,0.0,0.0,0.0,0.0,0.0,0.0,-446.73185851667057,-446.73185851667057,-446.73185851667057,0.0,0.0,0.0,145.07699419528743,145.07699419528743,145.07699419528743,-202.87489051712257,-202.87489051712257,-202.87489051712257,-388.9339621948355,-388.9339621948355,-388.9339621948355,0.0,0.0,0.0,3061.712612509914
2024-09-11,3510.135321280228,2928.5725647127074,3245.9996649739805,3510.135321280228,3510.135321280228,0.0,0.0,0.0,0.0,0.0,0.0,0.0,0.0,0.0,0.0,0.0,0.0,0.0,0.0,0.0,0.0,0.0,0.0,0.0,0.0,0.0,0.0,0.0,0.0,0.0,0.0,0.0,0.0,0.0,0.0,0.0,0.0,0.0,0.0,0.0,0.0,0.0,0.0,0.0,0.0,0.0,0.0,0.0,0.0,0.0,0.0,0.0,0.0,-426.2167055792588,-426.2167055792588,-426.2167055792588,0.0,0.0,0.0,146.03394075446946,146.03394075446946,146.03394075446946,-181.71447593018104,-181.71447593018104,-181.71447593018104,-390.53617040354715,-390.53617040354715,-390.53617040354715,0.0,0.0,0.0,3083.918615700969
2024-09-12,3511.8261715338713,3080.329682565948,3404.724653912998,3511.810306207248,3511.8261715338713,0.0,0.0,0.0,0.0,0.0,0.0,0.0,0.0,0.0,0.0,0.0,0.0,0.0,0.0,0.0,0.0,0.0,0.0,0.0,0.0,0.0,0.0,0.0,0.0,0.0,0.0,0.0,0.0,0.0,0.0,0.0,0.0,0.0,0.0,0.0,0.0,0.0,0.0,0.0,0.0,0.0,0.0,0.0,0.0,0.0,0.0,0.0,0.0,-272.03514522447784,-272.03514522447784,-272.03514522447784,0.0,0.0,0.0,137.15066234296359,137.15066234296359,137.15066234296359,-16.87781296458644,-16.87781296458644,-16.87781296458644,-392.307994602855,-392.307994602855,-392.307994602855,0.0,0.0,0.0,3239.7910263093936
2024-09-13,3513.5170217875148,3228.681084401242,3543.965741669036,3513.4477435606273,3513.5170217875148,0.0,0.0,0.0,0.0,0.0,0.0,0.0,0.0,0.0,0.0,0.0,0.0,0.0,0.0,0.0,0.0,0.0,0.0,0.0,0.0,0.0,0.0,0.0,0.0,0.0,0.0,0.0,0.0,0.0,0.0,0.0,0.0,0.0,0.0,0.0,0.0,0.0,0.0,0.0,0.0,0.0,0.0,0.0,0.0,0.0,0.0,0.0,0.0,-122.53266076246746,-122.53266076246746,-122.53266076246746,0.0,0.0,0.0,120.51505649173907,120.51505649173907,120.51505649173907,151.10859487146166,151.10859487146166,151.10859487146166,-394.1563121256682,-394.1563121256682,-394.1563121256682,0.0,0.0,0.0,3390.9843610250473
2024-09-14,3515.207872041158,3271.677009312332,3579.415006380126,3515.0894742973924,3515.305537170244,0.0,0.0,0.0,0.0,0.0,0.0,0.0,0.0,0.0,0.0,0.0,0.0,0.0,0.0,0.0,0.0,0.0,0.0,0.0,0.0,0.0,0.0,0.0,0.0,0.0,0.0,0.0,0.0,0.0,0.0,0.0,0.0,0.0,0.0,0.0,0.0,0.0,0.0,0.0,0.0,0.0,0.0,0.0,0.0,0.0,0.0,0.0,0.0,-84.89810306511838,-84.89810306511838,-84.89810306511838,0.0,0.0,0.0,100.97930799020935,100.97930799020935,100.97930799020935,210.10138936412295,210.10138936412295,210.10138936412295,-395.9788004194507,-395.9788004194507,-395.9788004194507,0.0,0.0,0.0,3430.30976897604
2024-09-15,3516.8987222948017,3141.907912652766,3460.7349194776825,3516.649223683329,3517.06177681409,0.0,0.0,0.0,0.0,0.0,0.0,0.0,0.0,0.0,0.0,0.0,0.0,0.0,0.0,0.0,0.0,0.0,0.0,0.0,0.0,0.0,0.0,0.0,0.0,0.0,0.0,0.0,0.0,0.0,0.0,0.0,0.0,0.0,0.0,0.0,0.0,0.0,0.0,0.0,0.0,0.0,0.0,0.0,0.0,0.0,0.0,0.0,0.0,-215.55488475343736,-215.55488475343736,-215.55488475343736,0.0,0.0,0.0,82.57235539685483,82.57235539685483,82.57235539685483,99.53964739388016,99.53964739388016,99.53964739388016,-397.66688754417237,-397.66688754417237,-397.66688754417237,0.0,0.0,0.0,3301.3438375413643
2024-09-16,3518.589572548445,2977.640908338435,3289.0171163226137,3518.243669854303,3518.8164837401787,0.0,0.0,0.0,0.0,0.0,0.0,0.0,0.0,0.0,0.0,0.0,0.0,0.0,0.0,0.0,0.0,0.0,0.0,0.0,0.0,0.0,0.0,0.0,0.0,0.0,0.0,0.0,0.0,0.0,0.0,0.0,0.0,0.0,0.0,0.0,0.0,0.0,0.0,0.0,0.0,0.0,0.0,0.0,0.0,0.0,0.0,0.0,0.0,-393.4866598443609,-393.4866598443609,-393.4866598443609,0.0,0.0,0.0,64.9047378183319,64.9047378183319,64.9047378183319,-59.28245221758891,-59.28245221758891,-59.28245221758891,-399.10894544510387,-399.10894544510387,-399.10894544510387,0.0,0.0,0.0,3125.1029127040842
2024-09-17,3520.280422802088,2815.5739670537687,3117.481311424002,3519.7123731537067,3520.5524731808464,0.0,0.0,0.0,0.0,0.0,0.0,0.0,0.0,0.0,0.0,0.0,0.0,0.0,0.0,0.0,0.0,0.0,0.0,0.0,0.0,0.0,0.0,0.0,0.0,0.0,0.0,0.0,0.0,0.0,0.0,0.0,0.0,0.0,0.0,0.0,0.0,0.0,0.0,0.0,0.0,0.0,0.0,0.0,0.0,0.0,0.0,0.0,0.0,-559.9964012245415,-559.9964012245415,-559.9964012245415,0.0,0.0,0.0,43.072123874191035,43.072123874191035,43.072123874191035,-202.874890517207,-202.874890517207,-202.874890517207,-400.19363458152543,-400.19363458152543,-400.19363458152543,0.0,0.0,0.0,2960.284021577547
2024-09-18,3521.971273055732,2789.680295844193,3115.656759369384,3521.3014072691303,3522.522577473963,0.0,0.0,0.0,0.0,0.0,0.0,0.0,0.0,0.0,0.0,0.0,0.0,0.0,0.0,0.0,0.0,0.0,0.0,0.0,0.0,0.0,0.0,0.0,0.0,0.0,0.0,0.0,0.0,0.0,0.0,0.0,0.0,0.0,0.0,0.0,0.0,0.0,0.0,0.0,0.0,0.0,0.0,0.0,0.0,0.0,0.0,0.0,0.0,-570.659265628867,-570.659265628867,-570.659265628867,0.0,0.0,0.0,11.86851334318809,11.86851334318809,11.86851334318809,-181.71447593053756,-181.71447593053756,-181.71447593053756,-400.8133030415176,-400.8133030415176,-400.8133030415176,0.0,0.0,0.0,2951.312007426865
2024-09-19,3523.6621233093756,2935.022848237386,3237.443587404767,3522.7651462098615,3524.3968483898257,0.0,0.0,0.0,0.0,0.0,0.0,0.0,0.0,0.0,0.0,0.0,0.0,0.0,0.0,0.0,0.0,0.0,0.0,0.0,0.0,0.0,0.0,0.0,0.0,0.0,0.0,0.0,0.0,0.0,0.0,0.0,0.0,0.0,0.0,0.0,0.0,0.0,0.0,0.0,0.0,0.0,0.0,0.0,0.0,0.0,0.0,0.0,0.0,-446.52188119126055,-446.52188119126055,-446.52188119126055,0.0,0.0,0.0,-28.776727607880204,-28.776727607880204,-28.776727607880204,-16.877812964478306,-16.877812964478306,-16.877812964478306,-400.867340618902,-400.867340618902,-400.867340618902,0.0,0.0,0.0,3077.140242118115
2024-09-20,3525.3529735630186,3039.977185495948,3364.78612074722,3524.1461350072063,3526.247203969099,0.0,0.0,0.0,0.0,0.0,0.0,0.0,0.0,0.0,0.0,0.0,0.0,0.0,0.0,0.0,0.0,0.0,0.0,0.0,0.0,0.0,0.0,0.0,0.0,0.0,0.0,0.0,0.0,0.0,0.0,0.0,0.0,0.0,0.0,0.0,0.0,0.0,0.0,0.0,0.0,0.0,0.0,0.0,0.0,0.0,0.0,0.0,0.0,-320.93287494092306,-320.93287494092306,-320.93287494092306,0.0,0.0,0.0,-71.77608124498758,-71.77608124498758,-71.77608124498758,151.10859487154497,151.10859487154497,151.10859487154497,-400.2653885674804,-400.2653885674804,-400.2653885674804,0.0,0.0,0.0,3204.420098622096
2024-09-21,3527.043823816662,3076.177722340391,3390.779976069025,3525.5621999115724,3528.092985703645,0.0,0.0,0.0,0.0,0.0,0.0,0.0,0.0,0.0,0.0,0.0,0.0,0.0,0.0,0.0,0.0,0.0,0.0,0.0,0.0,0.0,0.0,0.0,0.0,0.0,0.0,0.0,0.0,0.0,0.0,0.0,0.0,0.0,0.0,0.0,0.0,0.0,0.0,0.0,0.0,0.0,0.0,0.0,0.0,0.0,0.0,0.0,0.0,-295.27504395400456,-295.27504395400456,-295.27504395400456,0.0,0.0,0.0,-106.44612442304151,-106.44612442304151,-106.44612442304151,210.10138936410465,210.10138936410465,210.10138936410465,-398.93030889506764,-398.93030889506764,-398.93030889506764,0.0,0.0,0.0,3231.7687798626575
2024-09-22,3528.7346740703056,2944.043991212986,3271.9618981746617,3526.93771692636,3530.141861490143,0.0,0.0,0.0,0.0,0.0,0.0,0.0,0.0,0.0,0.0,0.0,0.0,0.0,0.0,0.0,0.0,0.0,0.0,0.0,0.0,0.0,0.0,0.0,0.0,0.0,0.0,0.0,0.0,0.0,0.0,0.0,0.0,0.0,0.0,0.0,0.0,0.0,0.0,0.0,0.0,0.0,0.0,0.0,0.0,0.0,0.0,0.0,0.0,-422.5066928120478,-422.5066928120478,-422.5066928120478,0.0,0.0,0.0,-125.24551716427435,-125.24551716427435,-125.24551716427435,99.53964739376794,99.53964739376794,99.53964739376794,-396.80082304154126,-396.80082304154126,-396.80082304154126,0.0,0.0,0.0,3106.227981258258
2024-09-23,3530.425524323949,2785.159102581505,3106.5909120484775,3528.496438924132,3532.076573306034,0.0,0.0,0.0,0.0,0.0,0.0,0.0,0.0,0.0,0.0,0.0,0.0,0.0,0.0,0.0,0.0,0.0,0.0,0.0,0.0,0.0,0.0,0.0,0.0,0.0,0.0,0.0,0.0,0.0,0.0,0.0,0.0,0.0,0.0,0.0,0.0,0.0,0.0,0.0,0.0,0.0,0.0,0.0,0.0,0.0,0.0,0.0,0.0,-581.6327956776302,-581.6327956776302,-581.6327956776302,0.0,0.0,0.0,-128.51660501293722,-128.51660501293722,-128.51660501293722,-59.28245221701728,-59.28245221701728,-59.28245221701728,-393.8337384476756,-393.8337384476756,-393.8337384476756,0.0,0.0,0.0,2948.792728646319
2024-09-24,3532.1163745775925,2647.4092714143912,2985.1299491057443,3529.944459201228,3533.8770115907487,0.0,0.0,0.0,0.0,0.0,0.0,0.0,0.0,0.0,0.0,0.0,0.0,0.0,0.0,0.0,0.0,0.0,0.0,0.0,0.0,0.0,0.0,0.0,0.0,0.0,0.0,0.0,0.0,0.0,0.0,0.0,0.0,0.0,0.0,0.0,0.0,0.0,0.0,0.0,0.0,0.0,0.0,0.0,0.0,0.0,0.0,0.0,0.0,-716.4521224984115,-716.4521224984115,-716.4521224984115,0.0,0.0,0.0,-123.57153935193212,-123.57153935193212,-123.57153935193212,-202.87489051729136,-202.87489051729136,-202.87489051729136,-390.0056926291881,-390.0056926291881,-390.0056926291881,0.0,0.0,0.0,2815.664252079181
2024-09-25,3533.8072248312365,2689.872046459211,3012.132044335848,3531.4839692414944,3535.900590057367,0.0,0.0,0.0,0.0,0.0,0.0,0.0,0.0,0.0,0.0,0.0,0.0,0.0,0.0,0.0,0.0,0.0,0.0,0.0,0.0,0.0,0.0,0.0,0.0,0.0,0.0,0.0,0.0,0.0,0.0,0.0,0.0,0.0,0.0,0.0,0.0,0.0,0.0,0.0,0.0,0.0,0.0,0.0,0.0,0.0,0.0,0.0,0.0,-686.029059806755,-686.029059806755,-686.029059806755,0.0,0.0,0.0,-119.00022625871989,-119.00022625871989,-119.00022625871989,-181.71447593047236,-181.71447593047236,-181.71447593047236,-385.3143576175626,-385.3143576175626,-385.3143576175626,0.0,0.0,0.0,2847.7781650244815
2024-09-26,3535.4980750848795,2861.2094206616243,3194.1777195501154,3532.9560887994357,3537.8060609859795,0.0,0.0,0.0,0.0,0.0,0.0,0.0,0.0,0.0,0.0,0.0,0.0,0.0,0.0,0.0,0.0,0.0,0.0,0.0,0.0,0.0,0.0,0.0,0.0,0.0,0.0,0.0,0.0,0.0,0.0,0.0,0.0,0.0,0.0,0.0,0.0,0.0,0.0,0.0,0.0,0.0,0.0,0.0,0.0,0.0,0.0,0.0,0.0,-515.4244497089747,-515.4244497089747,-515.4244497089747,0.0,0.0,0.0,-118.76757410151623,-118.76757410151623,-118.76757410151623,-16.87781296427192,-16.87781296427192,-16.87781296427192,-379.7790626431866,-379.7790626431866,-379.7790626431866,0.0,0.0,0.0,3020.0736253759046
2024-09-27,3537.1889253385225,3021.2856237568,3349.2846562072787,3534.337883993064,3539.8519323485534,0.0,0.0,0.0,0.0,0.0,0.0,0.0,0.0,0.0,0.0,0.0,0.0,0.0,0.0,0.0,0.0,0.0,0.0,0.0,0.0,0.0,0.0,0.0,0.0,0.0,0.0,0.0,0.0,0.0,0.0,0.0,0.0,0.0,0.0,0.0,0.0,0.0,0.0,0.0,0.0,0.0,0.0,0.0,0.0,0.0,0.0,0.0,0.0,-342.79522724436765,-342.79522724436765,-342.79522724436765,0.0,0.0,0.0,-120.46301282181147,-120.46301282181147,-120.46301282181147,151.10859487162824,151.10859487162824,151.10859487162824,-373.44080929418436,-373.44080929418436,-373.44080929418436,0.0,0.0,0.0,3194.393698094155
2024-09-28,3538.8797755921664,3101.0308887809206,3427.3803225998863,3535.807446757549,3541.8440639809683,0.0,0.0,0.0,0.0,0.0,0.0,0.0,0.0,0.0,0.0,0.0,0.0,0.0,0.0,0.0,0.0,0.0,0.0,0.0,0.0,0.0,0.0,0.0,0.0,0.0,0.0,0.0,0.0,0.0,0.0,0.0,0.0,0.0,0.0,0.0,0.0,0.0,0.0,0.0,0.0,0.0,0.0,0.0,0.0,0.0,0.0,0.0,0.0,-274.63979014933045,-274.63979014933045,-274.63979014933045,0.0,0.0,0.0,-118.37950889543099,-118.37950889543099,-118.37950889543099,210.10138936406594,210.10138936406594,210.10138936406594,-366.3616706179652,-366.3616706179652,-366.3616706179652,0.0,0.0,0.0,3264.239985442836
2024-09-29,3540.57062584581,3015.9126612317236,3326.8112587239284,3537.2235464915852,3543.9247131244147,0.0,0.0,0.0,0.0,0.0,0.0,0.0,0.0,0.0,0.0,0.0,0.0,0.0,0.0,0.0,0.0,0.0,0.0,0.0,0.0,0.0,0.0,0.0,0.0,0.0,0.0,0.0,0.0,0.0,0.0,0.0,0.0,0.0,0.0,0.0,0.0,0.0,0.0,0.0,0.0,0.0,0.0,0.0,0.0,0.0,0.0,0.0,0.0,-367.36713817525623,-367.36713817525623,-367.36713817525623,0.0,0.0,0.0,-108.28320231883829,-108.28320231883829,-108.28320231883829,99.53964739365743,99.53964739365743,99.53964739365743,-358.62358325007534,-358.62358325007534,-358.62358325007534,0.0,0.0,0.0,3173.203487670554
2024-09-30,3542.2614760994534,2891.449758956772,3197.0989533500206,3538.716889908508,3545.8559299103886,0.0,0.0,0.0,0.0,0.0,0.0,0.0,0.0,0.0,0.0,0.0,0.0,0.0,0.0,0.0,0.0,0.0,0.0,0.0,0.0,0.0,0.0,0.0,0.0,0.0,0.0,0.0,0.0,0.0,0.0,0.0,0.0,0.0,0.0,0.0,0.0,0.0,0.0,0.0,0.0,0.0,0.0,0.0,0.0,0.0,0.0,0.0,0.0,-499.5791206550873,-499.5791206550873,-499.5791206550873,0.0,0.0,0.0,-89.9701092912479,-89.9701092912479,-89.9701092912479,-59.28245221712707,-59.28245221712707,-59.28245221712707,-350.32655914671244,-350.32655914671244,-350.32655914671244,0.0,0.0,0.0,3042.6823554443663
2024-10-01,3543.952326353097,2766.766690676072,3103.7801256804487,3540.100818726828,3547.808138536851,0.0,0.0,0.0,0.0,0.0,0.0,0.0,0.0,0.0,0.0,0.0,0.0,0.0,0.0,0.0,0.0,0.0,0.0,0.0,0.0,0.0,0.0,0.0,0.0,0.0,0.0,0.0,0.0,0.0,0.0,0.0,0.0,0.0,0.0,0.0,0.0,0.0,0.0,0.0,0.0,0.0,0.0,0.0,0.0,0.0,0.0,0.0,0.0,-610.6995688010065,-610.6995688010065,-610.6995688010065,0.0,0.0,0.0,-66.2383179257497,-66.2383179257497,-66.2383179257497,-202.874890517335,-202.874890517335,-202.874890517335,-341.5863603579219,-341.5863603579219,-341.5863603579219,0.0,0.0,0.0,2933.2527575520903
2024-10-02,3545.64317660674,2839.6895668818734,3152.1365598896805,3541.5381825864774,3549.767380361593,0.0,0.0,0.0,0.0,0.0,0.0,0.0,0.0,0.0,0.0,0.0,0.0,0.0,0.0,0.0,0.0,0.0,0.0,0.0,0.0,0.0,0.0,0.0,0.0,0.0,0.0,0.0,0.0,0.0,0.0,0.0,0.0,0.0,0.0,0.0,0.0,0.0,0.0,0.0,0.0,0.0,0.0,0.0,0.0,0.0,0.0,0.0,0.0,-554.3447386017143,-554.3447386017143,-554.3447386017143,0.0,0.0,0.0,-40.098566655643424,-40.098566655643424,-40.098566655643424,-181.71447593040713,-181.71447593040713,-181.71447593040713,-332.5316960156637,-332.5316960156637,-332.5316960156637,0.0,0.0,0.0,2991.2984380050257
2024-10-03,3547.3340268603833,3035.6708492618263,3349.1137622672213,3542.954582504514,3551.725563137636,0.0,0.0,0.0,0.0,0.0,0.0,0.0,0.0,0.0,0.0,0.0,0.0,0.0,0.0,0.0,0.0,0.0,0.0,0.0,0.0,0.0,0.0,0.0,0.0,0.0,0.0,0.0,0.0,0.0,0.0,0.0,0.0,0.0,0.0,0.0,0.0,0.0,0.0,0.0,0.0,0.0,0.0,0.0,0.0,0.0,0.0,0.0,0.0,-353.213517215231,-353.213517215231,-353.213517215231,0.0,0.0,0.0,-13.034689386291905,-13.034689386291905,-13.034689386291905,-16.877812964163788,-16.877812964163788,-16.877812964163788,-323.30101486477525,-323.30101486477525,-323.30101486477525,0.0,0.0,0.0,3194.120509645152
2024-10-04,3549.024877114027,3247.52589550324,3567.378724080255,3544.210380437124,3553.77443002721,0.0,0.0,0.0,0.0,0.0,0.0,0.0,0.0,0.0,0.0,0.0,0.0,0.0,0.0,0.0,0.0,0.0,0.0,0.0,0.0,0.0,0.0,0.0,0.0,0.0,0.0,0.0,0.0,0.0,0.0,0.0,0.0,0.0,0.0,0.0,0.0,0.0,0.0,0.0,0.0,0.0,0.0,0.0,0.0,0.0,0.0,0.0,0.0,-148.35405122815305,-148.35405122815305,-148.35405122815305,0.0,0.0,0.0,14.576332718367759,14.576332718367759,14.576332718367759,151.10859487120436,151.10859487120436,151.10859487120436,-314.0389788177252,-314.0389788177252,-314.0389788177252,0.0,0.0,0.0,3400.670825885874
2024-10-05,3550.7157273676708,3329.8138155821252,3657.3437624560684,3545.4004895701355,3555.8068577699905,0.0,0.0,0.0,0.0,0.0,0.0,0.0,0.0,0.0,0.0,0.0,0.0,0.0,0.0,0.0,0.0,0.0,0.0,0.0,0.0,0.0,0.0,0.0,0.0,0.0,0.0,0.0,0.0,0.0,0.0,0.0,0.0,0.0,0.0,0.0,0.0,0.0,0.0,0.0,0.0,0.0,0.0,0.0,0.0,0.0,0.0,0.0,0.0,-52.68581113442961,-52.68581113442961,-52.68581113442961,0.0,0.0,0.0,42.10551230444432,42.10551230444432,42.10551230444432,210.10138936402717,210.10138936402717,210.10138936402717,-304.8927128029011,-304.8927128029011,-304.8927128029011,0.0,0.0,0.0,3498.0299162332412
2024-10-06,3552.4065776213138,3252.3590110389737,3590.279487644091,3546.797559120218,3557.9534441546148,0.0,0.0,0.0,0.0,0.0,0.0,0.0,0.0,0.0,0.0,0.0,0.0,0.0,0.0,0.0,0.0,0.0,0.0,0.0,0.0,0.0,0.0,0.0,0.0,0.0,0.0,0.0,0.0,0.0,0.0,0.0,0.0,0.0,0.0,0.0,0.0,0.0,0.0,0.0,0.0,0.0,0.0,0.0,0.0,0.0,0.0,0.0,0.0,-128.26885031243725,-128.26885031243725,-128.26885031243725,0.0,0.0,0.0,68.19943560337435,68.19943560337435,68.19943560337435,99.53964739354521,99.53964739354521,99.53964739354521,-296.0079333093568,-296.0079333093568,-296.0079333093568,0.0,0.0,0.0,3424.1377273088765
2024-10-07,3554.097427874957,3128.7042485069924,3462.0086669796838,3548.161933655292,3560.099892785458,0.0,0.0,0.0,0.0,0.0,0.0,0.0,0.0,0.0,0.0,0.0,0.0,0.0,0.0,0.0,0.0,0.0,0.0,0.0,0.0,0.0,0.0,0.0,0.0,0.0,0.0,0.0,0.0,0.0,0.0,0.0,0.0,0.0,0.0,0.0,0.0,0.0,0.0,0.0,0.0,0.0,0.0,0.0,0.0,0.0,0.0,0.0,0.0,-255.2338182717747,-255.2338182717747,-255.2338182717747,0.0,0.0,0.0,91.57369623129702,91.57369623129702,91.57369623129702,-59.282452217284046,-59.282452217284046,-59.282452217284046,-287.5250622857877,-287.5250622857877,-287.5250622857877,0.0,0.0,0.0,3298.863609603182
2024-10-08,3555.7882781286007,3024.443778908343,3354.5598979631773,3549.4511282422004,3562.2941626590077,0.0,0.0,0.0,0.0,0.0,0.0,0.0,0.0,0.0,0.0,0.0,0.0,0.0,0.0,0.0,0.0,0.0,0.0,0.0,0.0,0.0,0.0,0.0,0.0,0.0,0.0,0.0,0.0,0.0,0.0,0.0,0.0,0.0,0.0,0.0,0.0,0.0,0.0,0.0,0.0,0.0,0.0,0.0,0.0,0.0,0.0,0.0,0.0,-370.66523191175867,-370.66523191175867,-370.66523191175867,0.0,0.0,0.0,111.78509289805577,111.78509289805577,111.78509289805577,-202.87489051737862,-202.87489051737862,-202.87489051737862,-279.57543429243583,-279.57543429243583,-279.57543429243583,0.0,0.0,0.0,3185.123046216842
2024-10-09,3557.479128382244,3068.110819871696,3400.4721568332016,3550.495869846408,3564.16648860473,0.0,0.0,0.0,0.0,0.0,0.0,0.0,0.0,0.0,0.0,0.0,0.0,0.0,0.0,0.0,0.0,0.0,0.0,0.0,0.0,0.0,0.0,0.0,0.0,0.0,0.0,0.0,0.0,0.0,0.0,0.0,0.0,0.0,0.0,0.0,0.0,0.0,0.0,0.0,0.0,0.0,0.0,0.0,0.0,0.0,0.0,0.0,0.0,-325.2664873901787,-325.2664873901787,-325.2664873901787,0.0,0.0,0.0,128.7256915210038,128.7256915210038,128.7256915210038,-181.71447593076363,-181.71447593076363,-181.71447593076363,-272.27770298041884,-272.27770298041884,-272.27770298041884,0.0,0.0,0.0,3232.2126409920656
2024-10-10,3559.1699786358877,3253.1397594110163,3580.0108337650445,3551.5163636956213,3566.4151756492074,0.0,0.0,0.0,0.0,0.0,0.0,0.0,0.0,0.0,0.0,0.0,0.0,0.0,0.0,0.0,0.0,0.0,0.0,0.0,0.0,0.0,0.0,0.0,0.0,0.0,0.0,0.0,0.0,0.0,0.0,0.0,0.0,0.0,0.0,0.0,0.0,0.0,0.0,0.0,0.0,0.0,0.0,0.0,0.0,0.0,0.0,0.0,0.0,-141.35637175685216,-141.35637175685216,-141.35637175685216,0.0,0.0,0.0,141.2559893278309,141.2559893278309,141.2559893278309,-16.87781296400653,-16.87781296400653,-16.87781296400653,-265.7345481206765,-265.7345481206765,-265.7345481206765,0.0,0.0,0.0,3417.8136068790354
2024-10-11,3560.860828889531,3427.5828486814503,3749.3382148360934,3552.7682568074447,3568.934324938476,0.0,0.0,0.0,0.0,0.0,0.0,0.0,0.0,0.0,0.0,0.0,0.0,0.0,0.0,0.0,0.0,0.0,0.0,0.0,0.0,0.0,0.0,0.0,0.0,0.0,0.0,0.0,0.0,0.0,0.0,0.0,0.0,0.0,0.0,0.0,0.0,0.0,0.0,0.0,0.0,0.0,0.0,0.0,0.0,0.0,0.0,0.0,0.0,37.84352256117827,37.84352256117827,37.84352256117827,0.0,0.0,0.0,146.7647043391627,146.7647043391627,146.7647043391627,151.10859487132626,151.10859487132626,151.10859487132626,-260.0297766493107,-260.0297766493107,-260.0297766493107,0.0,0.0,0.0,3598.7043514507095
2024-10-12,3562.5516791431746,3484.4572872134145,3828.104841701524,3553.872386745296,3570.932163928465,0.0,0.0,0.0,0.0,0.0,0.0,0.0,0.0,0.0,0.0,0.0,0.0,0.0,0.0,0.0,0.0,0.0,0.0,0.0,0.0,0.0,0.0,0.0,0.0,0.0,0.0,0.0,0.0,0.0,0.0,0.0,0.0,0.0,0.0,0.0,0.0,0.0,0.0,0.0,0.0,0.0,0.0,0.0,0.0,0.0,0.0,0.0,0.0,97.65789277562082,97.65789277562082,97.65789277562082,0.0,0.0,0.0,142.7824041567132,142.7824041567132,142.7824041567132,210.10138936415566,210.10138936415566,210.10138936415566,-255.22590074524808,-255.22590074524808,-255.22590074524808,0.0,0.0,0.0,3660.2095719187955
2024-10-13,3564.2425293968176,3379.8101227966904,3703.704614736825,3555.1598770062315,3572.8424160979757,0.0,0.0,0.0,0.0,0.0,0.0,0.0,0.0,0.0,0.0,0.0,0.0,0.0,0.0,0.0,0.0,0.0,0.0,0.0,0.0,0.0,0.0,0.0,0.0,0.0,0.0,0.0,0.0,0.0,0.0,0.0,0.0,0.0,0.0,0.0,0.0,0.0,0.0,0.0,0.0,0.0,0.0,0.0,0.0,0.0,0.0,0.0,0.0,-22.291661069399424,-22.291661069399424,-22.291661069399424,0.0,0.0,0.0,129.53095463636808,129.53095463636808,129.53095463636808,99.5396473934347,99.5396473934347,99.5396473934347,-251.36226309920224,-251.36226309920224,-251.36226309920224,0.0,0.0,0.0,3541.950868327418
2024-10-14,3565.9333796504616,3132.6029988494183,3449.8137034032843,3556.2401416563944,3575.1588837791146,0.0,0.0,0.0,0.0,0.0,0.0,-71.68881778582676,-71.68881778582676,-71.68881778582676,0.0,0.0,0.0,0.0,0.0,0.0,0.0,0.0,0.0,0.0,0.0,0.0,0.0,0.0,0.0,0.0,0.0,0.0,0.0,0.0,0.0,0.0,0.0,0.0,0.0,0.0,0.0,0.0,0.0,0.0,0.0,0.0,0.0,0.0,0.0,0.0,0.0,0.0,0.0,-268.6383329848333,-268.6383329848333,-268.6383329848333,-71.68881778582676,-71.68881778582676,-71.68881778582676,110.78670164321699,110.78670164321699,110.78670164321699,-59.282452217393846,-59.282452217393846,-59.282452217393846,-248.45376462482963,-248.45376462482963,-248.45376462482963,0.0,0.0,0.0,3297.2950466656284
2024-10-15,3567.624229904105,3043.402931385223,3380.43440737789,3557.850922300085,3577.4973628124335,0.0,0.0,0.0,0.0,0.0,0.0,0.0,0.0,0.0,0.0,0.0,0.0,0.0,0.0,0.0,0.0,0.0,0.0,0.0,0.0,0.0,0.0,0.0,0.0,0.0,0.0,0.0,0.0,0.0,0.0,0.0,0.0,0.0,0.0,0.0,0.0,0.0,0.0,0.0,0.0,0.0,0.0,0.0,0.0,0.0,0.0,0.0,0.0,-357.83418122102677,-357.83418122102677,-357.83418122102677,0.0,0.0,0.0,91.53094261916844,91.53094261916844,91.53094261916844,-202.87489051713092,-202.87489051713092,-202.87489051713092,-246.49023332306416,-246.49023332306416,-246.49023332306416,0.0,0.0,0.0,3209.790048683078
2024-10-16,3569.315080157748,3052.8533316412486,3384.498395956219,3559.13546503085,3579.7851294280545,0.0,0.0,0.0,0.0,0.0,0.0,0.0,0.0,0.0,0.0,0.0,0.0,0.0,0.0,0.0,0.0,0.0,0.0,0.0,0.0,0.0,0.0,0.0,0.0,0.0,0.0,0.0,0.0,0.0,0.0,0.0,0.0,0.0,0.0,0.0,0.0,0.0,0.0,0.0,0.0,0.0,0.0,0.0,0.0,0.0,0.0,0.0,0.0,-353.27194827470674,-353.27194827470674,-353.27194827470674,0.0,0.0,0.0,73.87898296086254,73.87898296086254,73.87898296086254,-181.7144759306984,-181.7144759306984,-181.7144759306984,-245.4364553048708,-245.4364553048708,-245.4364553048708,0.0,0.0,0.0,3216.0431318830415
2024-10-17,3571.005930411392,3190.8917510351434,3526.7270175124345,3560.4112170919493,3582.055807620369,0.0,0.0,0.0,0.0,0.0,0.0,0.0,0.0,0.0,0.0,0.0,0.0,0.0,0.0,0.0,0.0,0.0,0.0,0.0,0.0,0.0,0.0,0.0,0.0,0.0,0.0,0.0,0.0,0.0,0.0,0.0,0.0,0.0,0.0,0.0,0.0,0.0,0.0,0.0,0.0,0.0,0.0,0.0,0.0,0.0,0.0,0.0,0.0,-207.21375161911104,-207.21375161911104,-207.21375161911104,0.0,0.0,0.0,54.89693195073424,54.89693195073424,54.89693195073424,-16.877812963898396,-16.877812963898396,-16.877812963898396,-245.23287060594694,-245.23287060594694,-245.23287060594694,0.0,0.0,0.0,3363.792178792281
2024-10-18,3572.6967806650355,3354.260975771852,3668.6518343141674,3561.607147555337,3583.861999642763,0.0,0.0,0.0,0.0,0.0,0.0,0.0,0.0,0.0,0.0,0.0,0.0,0.0,0.0,0.0,0.0,0.0,0.0,0.0,0.0,0.0,0.0,0.0,0.0,0.0,0.0,0.0,0.0,0.0,0.0,0.0,0.0,0.0,0.0,0.0,0.0,0.0,0.0,0.0,0.0,0.0,0.0,0.0,0.0,0.0,0.0,0.0,0.0,-65.87153855384439,-65.87153855384439,-65.87153855384439,0.0,0.0,0.0,28.816784487850587,28.816784487850587,28.816784487850587,151.10859487137094,151.10859487137094,151.10859487137094,-245.79691791306593,-245.79691791306593,-245.79691791306593,0.0,0.0,0.0,3506.825242111191
2024-10-19,3574.3876309186785,3369.5537571072055,3692.6753339935094,3562.8968055266687,3586.216964565249,0.0,0.0,0.0,0.0,0.0,0.0,0.0,0.0,0.0,0.0,0.0,0.0,0.0,0.0,0.0,0.0,0.0,0.0,0.0,0.0,0.0,0.0,0.0,0.0,0.0,0.0,0.0,0.0,0.0,0.0,0.0,0.0,0.0,0.0,0.0,0.0,0.0,0.0,0.0,0.0,0.0,0.0,0.0,0.0,0.0,0.0,0.0,0.0,-44.48817497545916,-44.48817497545916,-44.48817497545916,0.0,0.0,0.0,-7.56457014862379,-7.56457014862379,-7.56457014862379,210.10138936415788,210.10138936415788,210.10138936415788,-247.02499419099323,-247.02499419099323,-247.02499419099323,0.0,0.0,0.0,3529.8994559432194
2024-10-20,3576.078481172322,3215.4473028507523,3536.377386991238,3564.11904236791,3588.119186649579,0.0,0.0,0.0,0.0,0.0,0.0,0.0,0.0,0.0,0.0,0.0,0.0,0.0,0.0,0.0,0.0,0.0,0.0,0.0,0.0,0.0,0.0,0.0,0.0,0.0,0.0,0.0,0.0,0.0,0.0,0.0,0.0,0.0,0.0,0.0,0.0,0.0,0.0,0.0,0.0,0.0,0.0,0.0,0.0,0.0,0.0,0.0,0.0,-199.89613441128867,-199.89613441128867,-199.89613441128867,0.0,0.0,0.0,-50.64080383395206,-50.64080383395206,-50.64080383395206,99.53964739393494,99.53964739393494,99.53964739393494,-248.79497797127158,-248.79497797127158,-248.79497797127158,0.0,0.0,0.0,3376.1823467610334
2024-10-21,3577.7693314259654,3009.4102379893347,3340.948142322221,3565.3334322884634,3590.3738195787473,0.0,0.0,0.0,0.0,0.0,0.0,0.0,0.0,0.0,0.0,0.0,0.0,0.0,0.0,0.0,0.0,0.0,0.0,0.0,0.0,0.0,0.0,0.0,0.0,0.0,0.0,0.0,0.0,0.0,0.0,0.0,0.0,0.0,0.0,0.0,0.0,0.0,0.0,0.0,0.0,0.0,0.0,0.0,0.0,0.0,0.0,0.0,0.0,-401.0271962603019,-401.0271962603019,-401.0271962603019,0.0,0.0,0.0,-90.7754948110017,-90.7754948110017,-90.7754948110017,-59.28245221752722,-59.28245221752722,-59.28245221752722,-250.96924923177298,-250.96924923177298,-250.96924923177298,0.0,0.0,0.0,3176.7421351656635
2024-10-22,3579.460181679609,2839.9447014627376,3159.412898258775,3566.607908936848,3592.482588370053,0.0,0.0,0.0,0.0,0.0,0.0,0.0,0.0,0.0,0.0,0.0,0.0,0.0,0.0,0.0,0.0,0.0,0.0,0.0,0.0,0.0,0.0,0.0,0.0,0.0,0.0,0.0,0.0,0.0,0.0,0.0,0.0,0.0,0.0,0.0,0.0,0.0,0.0,0.0,0.0,0.0,0.0,0.0,0.0,0.0,0.0,0.0,0.0,-574.2862451774813,-574.2862451774813,-574.2862451774813,0.0,0.0,0.0,-118.01322984608355,-118.01322984608355,-118.01322984608355,-202.87489051717446,-202.87489051717446,-202.87489051717446,-253.39812481422325,-253.39812481422325,-253.39812481422325,0.0,0.0,0.0,3005.1739365021276
2024-10-23,3581.1510319332524,2858.2790847479077,3178.8671031386216,3567.8507410873663,3594.5266669831394,0.0,0.0,0.0,0.0,0.0,0.0,0.0,0.0,0.0,0.0,0.0,0.0,0.0,0.0,0.0,0.0,0.0,0.0,0.0,0.0,0.0,0.0,0.0,0.0,0.0,0.0,0.0,0.0,0.0,0.0,0.0,0.0,0.0,0.0,0.0,0.0,0.0,0.0,0.0,0.0,0.0,0.0,0.0,0.0,0.0,0.0,0.0,0.0,-566.1142640772763,-566.1142640772763,-566.1142640772763,0.0,0.0,0.0,-128.47617154772763,-128.47617154772763,-128.47617154772763,-181.71447593058332,-181.71447593058332,-181.71447593058332,-255.92361659896537,-255.92361659896537,-255.92361659896537,0.0,0.0,0.0,3015.036767855976
2024-10-24,3582.841882186896,3012.167575369114,3349.261023134126,3568.952853544752,3596.1147438630314,0.0,0.0,0.0,0.0,0.0,0.0,0.0,0.0,0.0,0.0,0.0,0.0,0.0,0.0,0.0,0.0,0.0,0.0,0.0,0.0,0.0,0.0,0.0,0.0,0.0,0.0,0.0,0.0,0.0,0.0,0.0,0.0,0.0,0.0,0.0,0.0,0.0,0.0,0.0,0.0,0.0,0.0,0.0,0.0,0.0,0.0,0.0,0.0,-401.7439383334326,-401.7439383334326,-401.7439383334326,0.0,0.0,0.0,-126.48271484951864,-126.48271484951864,-126.48271484951864,-16.877812963741135,-16.877812963741135,-16.877812963741135,-258.38341052017284,-258.38341052017284,-258.38341052017284,0.0,0.0,0.0,3181.097943853463
2024-10-25,3584.5327324405393,3194.978020689969,3516.9951841704083,3570.234932243111,3598.471709493691,0.0,0.0,0.0,0.0,0.0,0.0,0.0,0.0,0.0,0.0,0.0,0.0,0.0,0.0,0.0,0.0,0.0,0.0,0.0,0.0,0.0,0.0,0.0,0.0,0.0,0.0,0.0,0.0,0.0,0.0,0.0,0.0,0.0,0.0,0.0,0.0,0.0,0.0,0.0,0.0,0.0,0.0,0.0,0.0,0.0,0.0,0.0,0.0,-230.34188284829148,-230.34188284829148,-230.34188284829148,0.0,0.0,0.0,-120.83551949207147,-120.83551949207147,-120.83551949207147,151.1085948714929,151.1085948714929,151.1085948714929,-260.61495822771286,-260.61495822771286,-260.61495822771286,0.0,0.0,0.0,3354.190849592248
2024-10-26,3586.2235826941824,3258.0836664511535,3585.140256728298,3571.2893558284945,3600.7761505584467,0.0,0.0,0.0,0.0,0.0,0.0,0.0,0.0,0.0,0.0,0.0,0.0,0.0,0.0,0.0,0.0,0.0,0.0,0.0,0.0,0.0,0.0,0.0,0.0,0.0,0.0,0.0,0.0,0.0,0.0,0.0,0.0,0.0,0.0,0.0,0.0,0.0,0.0,0.0,0.0,0.0,0.0,0.0,0.0,0.0,0.0,0.0,0.0,-170.71819656173605,-170.71819656173605,-170.71819656173605,0.0,0.0,0.0,-118.36001595909869,-118.36001595909869,-118.36001595909869,210.10138936411914,210.10138936411914,210.10138936411914,-262.4595699667564,-262.4595699667564,-262.4595699667564,0.0,0.0,0.0,3415.5053861324463
2024-10-27,3587.9144329478263,3145.0520541927226,3469.3886396012194,3572.657177482415,3602.887794859742,0.0,0.0,0.0,0.0,0.0,0.0,0.0,0.0,0.0,0.0,0.0,0.0,0.0,0.0,0.0,0.0,0.0,0.0,0.0,0.0,0.0,0.0,0.0,0.0,0.0,0.0,0.0,0.0,0.0,0.0,0.0,0.0,0.0,0.0,0.0,0.0,0.0,0.0,0.0,0.0,0.0,0.0,0.0,0.0,0.0,0.0,0.0,0.0,-283.93895920276947,-283.93895920276947,-283.93895920276947,0.0,0.0,0.0,-119.71220944513824,-119.71220944513824,-119.71220944513824,99.53964739382444,99.53964739382444,99.53964739382444,-263.76639715145564,-263.76639715145564,-263.76639715145564,0.0,0.0,0.0,3303.9754737450567
2024-10-28,3589.60528320147,2972.0402435940164,3303.97249049817,3573.8435064404807,3605.341300058194,0.0,0.0,0.0,0.0,0.0,0.0,0.0,0.0,0.0,0.0,0.0,0.0,0.0,0.0,0.0,0.0,0.0,0.0,0.0,0.0,0.0,0.0,0.0,0.0,0.0,0.0,0.0,0.0,0.0,0.0,0.0,0.0,0.0,0.0,0.0,0.0,0.0,0.0,0.0,0.0,0.0,0.0,0.0,0.0,0.0,0.0,0.0,0.0,-443.91944213947454,-443.91944213947454,-443.91944213947454,0.0,0.0,0.0,-120.2407937605435,-120.2407937605435,-120.2407937605435,-59.28245221763704,-59.28245221763704,-59.28245221763704,-264.39619616129403,-264.39619616129403,-264.39619616129403,0.0,0.0,0.0,3145.6858410619952
2024-10-29,3591.2961334551132,2844.780355723065,3177.2153212707763,3574.820448177135,3607.4520347628136,0.0,0.0,0.0,0.0,0.0,0.0,0.0,0.0,0.0,0.0,0.0,0.0,0.0,0.0,0.0,0.0,0.0,0.0,0.0,0.0,0.0,0.0,0.0,0.0,0.0,0.0,0.0,0.0,0.0,0.0,0.0,0.0,0.0,0.0,0.0,0.0,0.0,0.0,0.0,0.0,0.0,0.0,0.0,0.0,0.0,0.0,0.0,0.0,-581.5435568952751,-581.5435568952751,-581.5435568952751,0.0,0.0,0.0,-114.44389537143475,-114.44389537143475,-114.44389537143475,-202.87489051721812,-202.87489051721812,-202.87489051721812,-264.22477100662223,-264.22477100662223,-264.22477100662223,0.0,0.0,0.0,3009.7525765598384
2024-10-30,3592.9869837087563,2892.8405672028566,3219.5251583488393,3576.1643427217127,3609.6896199128837,0.0,0.0,0.0,0.0,0.0,0.0,0.0,0.0,0.0,0.0,0.0,0.0,0.0,0.0,0.0,0.0,0.0,0.0,0.0,0.0,0.0,0.0,0.0,0.0,0.0,0.0,0.0,0.0,0.0,0.0,0.0,0.0,0.0,0.0,0.0,0.0,0.0,0.0,0.0,0.0,0.0,0.0,0.0,0.0,0.0,0.0,0.0,0.0,-544.8781130555647,-544.8781130555647,-544.8781130555647,0.0,0.0,0.0,-100.01763560362816,-100.01763560362816,-100.01763560362816,-181.71447593056803,-181.71447593056803,-181.71447593056803,-263.14600152136853,-263.14600152136853,-263.14600152136853,0.0,0.0,0.0,3048.108870653192
2024-10-31,3594.6778339623997,3082.7113955127365,3408.6199979927733,3577.255687756379,3612.023462064667,0.0,0.0,0.0,0.0,0.0,0.0,0.0,0.0,0.0,0.0,0.0,0.0,0.0,0.0,0.0,0.0,0.0,0.0,0.0,0.0,0.0,0.0,0.0,0.0,0.0,0.0,0.0,0.0,0.0,0.0,0.0,0.0,0.0,0.0,0.0,0.0,0.0,0.0,0.0,0.0,0.0,0.0,0.0,0.0,0.0,0.0,0.0,0.0,-356.5194824062639,-356.5194824062639,-356.5194824062639,0.0,0.0,0.0,-78.56729404787352,-78.56729404787352,-78.56729404787352,-16.87781296438838,-16.87781296438838,-16.87781296438838,-261.0743753940019,-261.0743753940019,-261.0743753940019,0.0,0.0,0.0,3238.158351556136
2024-11-01,3596.368684216043,3262.391611502788,3606.754215460664,3578.330064215732,3614.089456285431,0.0,0.0,0.0,0.0,0.0,0.0,0.0,0.0,0.0,0.0,0.0,0.0,0.0,0.0,0.0,0.0,0.0,0.0,0.0,0.0,0.0,0.0,0.0,0.0,0.0,0.0,0.0,0.0,0.0,0.0,0.0,0.0,0.0,0.0,0.0,0.0,0.0,0.0,0.0,0.0,0.0,0.0,0.0,0.0,0.0,0.0,0.0,0.0,-160.1746549726924,-160.1746549726924,-160.1746549726924,0.0,0.0,0.0,-53.336293533039786,-53.336293533039786,-53.336293533039786,151.10859487157617,151.10859487157617,151.10859487157617,-257.9469563112288,-257.9469563112288,-257.9469563112288,0.0,0.0,0.0,3436.194029243351
2024-11-02,3598.0595344696867,3356.3569498816387,3707.266533546542,3579.505556535143,3616.014997041438,0.0,0.0,0.0,0.0,0.0,0.0,0.0,0.0,0.0,0.0,0.0,0.0,0.0,0.0,0.0,0.0,0.0,0.0,0.0,0.0,0.0,0.0,0.0,0.0,0.0,0.0,0.0,0.0,0.0,0.0,0.0,0.0,0.0,0.0,0.0,0.0,0.0,0.0,0.0,0.0,0.0,0.0,0.0,0.0,0.0,0.0,0.0,0.0,-70.27248639207535,-70.27248639207535,-70.27248639207535,0.0,0.0,0.0,-26.64913938858141,-26.64913938858141,-26.64913938858141,210.10138936408038,210.10138936408038,210.10138936408038,-253.72473636757425,-253.72473636757425,-253.72473636757425,0.0,0.0,0.0,3527.7870480776114
2024-11-03,3599.7503847233306,3283.795272077891,3608.304167891092,3580.2888199608083,3618.1204028851707,0.0,0.0,0.0,0.0,0.0,0.0,0.0,0.0,0.0,0.0,0.0,0.0,0.0,0.0,0.0,0.0,0.0,0.0,0.0,0.0,0.0,0.0,0.0,0.0,0.0,0.0,0.0,0.0,0.0,0.0,0.0,0.0,0.0,0.0,0.0,0.0,0.0,0.0,0.0,0.0,0.0,0.0,0.0,0.0,0.0,0.0,0.0,0.0,-148.13090999865693,-148.13090999865693,-148.13090999865693,0.0,0.0,0.0,0.7227808429225644,0.7227808429225644,0.7227808429225644,99.53964739371223,99.53964739371223,99.53964739371223,-248.3933382352918,-248.3933382352918,-248.3933382352918,0.0,0.0,0.0,3451.6194747246736
2024-11-04,3601.441234976974,3175.2255312119773,3487.450984869058,3581.187402499776,3620.2345011379307,0.0,0.0,0.0,0.0,0.0,0.0,0.0,0.0,0.0,0.0,0.0,0.0,0.0,0.0,0.0,0.0,0.0,0.0,0.0,0.0,0.0,0.0,0.0,0.0,0.0,0.0,0.0,0.0,0.0,0.0,0.0,0.0,0.0,0.0,0.0,0.0,0.0,0.0,0.0,0.0,0.0,0.0,0.0,0.0,0.0,0.0,0.0,0.0,-272.82165077579856,-272.82165077579856,-272.82165077579856,0.0,0.0,0.0,28.42385234177409,28.42385234177409,28.42385234177409,-59.28245221777043,-59.28245221777043,-59.28245221777043,-241.9630508998022,-241.9630508998022,-241.9630508998022,0.0,0.0,0.0,3328.6195842011757
2024-11-05,3603.1320852306167,3067.5025656504185,3388.387594692826,3582.430174527559,3622.4802790817066,0.0,0.0,0.0,0.0,0.0,0.0,0.0,0.0,0.0,0.0,0.0,0.0,0.0,0.0,0.0,0.0,0.0,0.0,0.0,0.0,0.0,0.0,0.0,0.0,0.0,0.0,0.0,0.0,0.0,0.0,0.0,0.0,0.0,0.0,0.0,0.0,0.0,0.0,0.0,0.0,0.0,0.0,0.0,0.0,0.0,0.0,0.0,0.0,-381.91586657812394,-381.91586657812394,-381.91586657812394,0.0,0.0,0.0,55.42722546227849,55.42722546227849,55.42722546227849,-202.87489051701118,-202.87489051701118,-202.87489051701118,-234.46820152339126,-234.46820152339126,-234.46820152339126,0.0,0.0,0.0,3221.216218652493
2024-11-06,3604.8229354842606,3114.2915352903337,3436.51707924034,3583.416693113739,3624.8666094152245,0.0,0.0,0.0,0.0,0.0,0.0,0.0,0.0,0.0,0.0,0.0,0.0,0.0,0.0,0.0,0.0,0.0,0.0,0.0,0.0,0.0,0.0,0.0,0.0,0.0,0.0,0.0,0.0,0.0,0.0,0.0,0.0,0.0,0.0,0.0,0.0,0.0,0.0,0.0,0.0,0.0,0.0,0.0,0.0,0.0,0.0,0.0,0.0,-327.4049123004529,-327.4049123004529,-327.4049123004529,0.0,0.0,0.0,80.27544829875261,80.27544829875261,80.27544829875261,-181.7144759304529,-181.7144759304529,-181.7144759304529,-225.96588466875266,-225.96588466875266,-225.96588466875266,0.0,0.0,0.0,3277.4180231838077
2024-11-07,3606.513785737904,3303.5774610894186,3632.1593715775366,3584.712397930892,3627.2331885738363,0.0,0.0,0.0,0.0,0.0,0.0,0.0,0.0,0.0,0.0,0.0,0.0,0.0,0.0,0.0,0.0,0.0,0.0,0.0,0.0,0.0,0.0,0.0,0.0,0.0,0.0,0.0,0.0,0.0,0.0,0.0,0.0,0.0,0.0,0.0,0.0,0.0,0.0,0.0,0.0,0.0,0.0,0.0,0.0,0.0,0.0,0.0,0.0,-131.33812805097938,-131.33812805097938,-131.33812805097938,0.0,0.0,0.0,102.07377307516411,102.07377307516411,102.07377307516411,-16.877812964231122,-16.877812964231122,-16.877812964231122,-216.53408816191234,-216.53408816191234,-216.53408816191234,0.0,0.0,0.0,3475.1756576869248
2024-11-08,3608.2046359915475,3508.721559344885,3843.4209962428786,3585.923838630424,3629.433952422163,0.0,0.0,0.0,0.0,0.0,0.0,0.0,0.0,0.0,0.0,0.0,0.0,0.0,0.0,0.0,0.0,0.0,0.0,0.0,0.0,0.0,0.0,0.0,0.0,0.0,0.0,0.0,0.0,0.0,0.0,0.0,0.0,0.0,0.0,0.0,0.0,0.0,0.0,0.0,0.0,0.0,0.0,0.0,0.0,0.0,0.0,0.0,0.0,65.53619303252209,65.53619303252209,65.53619303252209,0.0,0.0,0.0,120.69686994448624,120.69686994448624,120.69686994448624,151.1085948711523,151.1085948711523,151.1085948711523,-206.2692717831164,-206.2692717831164,-206.2692717831164,0.0,0.0,0.0,3673.7408290240696
2024-11-09,3609.8954862451915,3600.67228301472,3907.1228542544873,3587.160230817711,3631.5979415229735,0.0,0.0,0.0,0.0,0.0,0.0,0.0,0.0,0.0,0.0,0.0,0.0,0.0,0.0,0.0,0.0,0.0,0.0,0.0,0.0,0.0,0.0,0.0,0.0,0.0,0.0,0.0,0.0,0.0,0.0,0.0,0.0,0.0,0.0,0.0,0.0,0.0,0.0,0.0,0.0,0.0,0.0,0.0,0.0,0.0,0.0,0.0,0.0,150.49770362698024,150.49770362698024,150.49770362698024,0.0,0.0,0.0,135.67978452795793,135.67978452795793,135.67978452795793,210.10138936406213,210.10138936406213,210.10138936406213,-195.28347026503982,-195.28347026503982,-195.28347026503982,0.0,0.0,0.0,3760.3931898721717
2024-11-10,3611.586336498834,3501.050266684062,3822.8362277052556,3588.4224769857815,3634.128344859592,0.0,0.0,0.0,0.0,0.0,0.0,0.0,0.0,0.0,0.0,0.0,0.0,0.0,0.0,0.0,0.0,0.0,0.0,0.0,0.0,0.0,0.0,0.0,0.0,0.0,0.0,0.0,0.0,0.0,0.0,0.0,0.0,0.0,0.0,0.0,0.0,0.0,0.0,0.0,0.0,0.0,0.0,0.0,0.0,0.0,0.0,0.0,0.0,60.91563628013156,60.91563628013156,60.91563628013156,0.0,0.0,0.0,145.0769941952692,145.0769941952692,145.0769941952692,99.53964739360343,99.53964739360343,99.53964739360343,-183.70100530874106,-183.70100530874106,-183.70100530874106,0.0,0.0,0.0,3672.5019727789654
2024-11-11,3613.2771867524775,3392.3449957340636,3723.5329816810627,3589.6894851463276,3636.5495857884794,0.0,0.0,0.0,0.0,0.0,0.0,0.0,0.0,0.0,0.0,0.0,0.0,0.0,0.0,0.0,0.0,0.0,0.0,0.0,0.0,0.0,0.0,0.0,0.0,0.0,0.0,0.0,0.0,0.0,0.0,0.0,0.0,0.0,0.0,0.0,0.0,0.0,0.0,0.0,28.753142494870637,28.753142494870637,28.753142494870637,0.0,0.0,0.0,0.0,0.0,0.0,-56.15027109250624,-56.15027109250624,-56.15027109250624,28.753142494870637,28.753142494870637,28.753142494870637,146.03394075444265,146.03394075444265,146.03394075444265,-59.28245221719877,-59.28245221719877,-59.28245221719877,-171.65490212462072,-171.65490212462072,-171.65490212462072,0.0,0.0,0.0,3557.1269156599715
2024-11-12,3614.968037006121,3232.275865146652,3564.634626229992,3591.107571567738,3638.902109370764,0.0,0.0,0.0,0.0,0.0,0.0,0.0,0.0,0.0,0.0,0.0,0.0,0.0,0.0,0.0,0.0,0.0,0.0,0.0,0.0,0.0,0.0,0.0,0.0,0.0,0.0,0.0,0.0,0.0,0.0,0.0,0.0,0.0,0.0,0.0,0.0,0.0,0.0,0.0,0.0,0.0,0.0,0.0,0.0,0.0,0.0,0.0,0.0,-225.00734223282566,-225.00734223282566,-225.00734223282566,0.0,0.0,0.0,137.1506623429331,137.1506623429331,137.1506623429331,-202.87489051701402,-202.87489051701402,-202.87489051701402,-159.28311405874473,-159.28311405874473,-159.28311405874473,0.0,0.0,0.0,3389.9606947732955
2024-11-13,3616.658887259765,3245.260851519912,3567.5688019271324,3592.3497146092086,3641.252615026968,0.0,0.0,0.0,0.0,0.0,0.0,0.0,0.0,0.0,0.0,0.0,0.0,0.0,0.0,0.0,0.0,0.0,0.0,0.0,0.0,0.0,0.0,0.0,0.0,0.0,0.0,0.0,0.0,0.0,0.0,0.0,0.0,0.0,0.0,0.0,0.0,0.0,0.0,0.0,0.0,0.0,0.0,0.0,0.0,0.0,0.0,0.0,0.0,-207.92408338287856,-207.92408338287856,-207.92408338287856,0.0,0.0,0.0,120.51505649178131,120.51505649178131,120.51505649178131,-181.71447593033778,-181.71447593033778,-181.71447593033778,-146.7246639443221,-146.7246639443221,-146.7246639443221,0.0,0.0,0.0,3408.7348038768864
2024-11-14,3618.3497375134084,3394.883359415021,3728.280593092409,3593.474241133737,3643.881537925082,0.0,0.0,0.0,0.0,0.0,0.0,0.0,0.0,0.0,0.0,0.0,0.0,0.0,0.0,0.0,0.0,0.0,0.0,0.0,0.0,0.0,0.0,0.0,0.0,0.0,0.0,0.0,0.0,0.0,0.0,0.0,0.0,0.0,0.0,0.0,0.0,0.0,0.0,0.0,0.0,0.0,0.0,0.0,0.0,0.0,0.0,0.0,0.0,-50.014317755870564,-50.014317755870564,-50.014317755870564,0.0,0.0,0.0,100.97930799017463,100.97930799017463,100.97930799017463,-16.877812964122988,-16.877812964122988,-16.877812964122988,-134.1158127819222,-134.1158127819222,-134.1158127819222,0.0,0.0,0.0,3568.3354197575377
2024-11-15,3620.0405877670514,3576.7361940392752,3885.734485265571,3594.8482466469436,3646.2602459449836,0.0,0.0,0.0,0.0,0.0,0.0,0.0,0.0,0.0,0.0,0.0,0.0,0.0,0.0,0.0,0.0,0.0,0.0,0.0,0.0,0.0,0.0,0.0,0.0,0.0,0.0,0.0,0.0,0.0,0.0,0.0,0.0,0.0,0.0,0.0,0.0,0.0,0.0,0.0,0.0,0.0,0.0,0.0,0.0,0.0,0.0,0.0,0.0,112.09458512612912,112.09458512612912,112.09458512612912,0.0,0.0,0.0,82.57235539681587,82.57235539681587,82.57235539681587,151.1085948712356,151.1085948712356,151.1085948712356,-121.58636514192237,-121.58636514192237,-121.58636514192237,0.0,0.0,0.0,3732.1351728931804
2024-11-16,3621.731438020695,3616.2651147704596,3957.303846651271,3596.0877251561965,3648.4733788338435,0.0,0.0,0.0,0.0,0.0,0.0,0.0,0.0,0.0,0.0,0.0,0.0,0.0,0.0,0.0,0.0,0.0,0.0,0.0,0.0,0.0,0.0,0.0,0.0,0.0,0.0,0.0,0.0,0.0,0.0,0.0,0.0,0.0,0.0,0.0,0.0,0.0,0.0,0.0,0.0,0.0,0.0,0.0,0.0,0.0,0.0,0.0,0.0,165.74991084147575,165.74991084147575,165.74991084147575,0.0,0.0,0.0,64.90473781828535,64.90473781828535,64.90473781828535,210.10138936414964,210.10138936414964,210.10138936414964,-109.25621634095921,-109.25621634095921,-109.25621634095921,0.0,0.0,0.0,3787.4813488621708
2024-11-17,3623.4222882743384,3502.0904754180124,3826.759708198343,3597.087057403962,3651.151950098159,0.0,0.0,0.0,0.0,0.0,0.0,0.0,0.0,0.0,0.0,0.0,0.0,0.0,0.0,0.0,0.0,0.0,0.0,0.0,0.0,0.0,0.0,0.0,0.0,0.0,0.0,0.0,0.0,0.0,0.0,0.0,0.0,0.0,0.0,0.0,0.0,0.0,0.0,0.0,0.0,0.0,0.0,0.0,0.0,0.0,0.0,0.0,0.0,45.37953217533641,45.37953217533641,45.37953217533641,0.0,0.0,0.0,43.072123874259695,43.072123874259695,43.072123874259695,99.5396473934912,99.5396473934912,99.5396473934912,-97.2322390924145,-97.2322390924145,-97.2322390924145,0.0,0.0,0.0,3668.801820449675
2024-11-18,3625.113138527982,3318.45171483575,3662.643352939708,3598.1733985468645,3653.7044170569616,0.0,0.0,0.0,0.0,0.0,0.0,0.0,0.0,0.0,0.0,0.0,0.0,0.0,0.0,0.0,0.0,0.0,0.0,0.0,0.0,0.0,0.0,0.0,0.0,0.0,0.0,0.0,0.0,0.0,0.0,0.0,0.0,0.0,0.0,0.0,0.0,0.0,0.0,0.0,0.0,0.0,0.0,0.0,0.0,0.0,0.0,0.0,0.0,-133.0195360592143,-133.0195360592143,-133.0195360592143,0.0,0.0,0.0,11.868513343119142,11.868513343119142,11.868513343119142,-59.28245221733214,-59.28245221733214,-59.28245221733214,-85.60559718500129,-85.60559718500129,-85.60559718500129,0.0,0.0,0.0,3492.0936024687676
2024-11-19,3626.803988781626,3152.5324497587653,3494.7803363287694,3599.0211145826406,3655.959273108659,0.0,0.0,0.0,0.0,0.0,0.0,0.0,0.0,0.0,0.0,0.0,0.0,0.0,0.0,0.0,0.0,0.0,0.0,0.0,0.0,0.0,0.0,0.0,0.0,0.0,0.0,0.0,0.0,0.0,0.0,0.0,0.0,0.0,0.0,0.0,0.0,0.0,0.0,0.0,0.0,0.0,0.0,0.0,0.0,0.0,0.0,0.0,0.0,-306.101179222786,-306.101179222786,-306.101179222786,0.0,0.0,0.0,-28.776727607953024,-28.776727607953024,-28.776727607953024,-202.8748905170984,-202.8748905170984,-202.8748905170984,-74.4495610977346,-74.4495610977346,-74.4495610977346,0.0,0.0,0.0,3320.70280955884
2024-11-20,3628.494839035269,3144.4785603988134,3476.360869516213,3600.438199025424,3658.1510401193314,0.0,0.0,0.0,0.0,0.0,0.0,0.0,0.0,0.0,0.0,0.0,0.0,0.0,0.0,0.0,0.0,0.0,0.0,0.0,0.0,0.0,0.0,0.0,0.0,0.0,0.0,0.0,0.0,0.0,0.0,0.0,0.0,0.0,0.0,0.0,0.0,0.0,0.0,0.0,0.0,0.0,0.0,0.0,0.0,0.0,0.0,0.0,0.0,-317.30844285246354,-317.30844285246354,-317.30844285246354,0.0,0.0,0.0,-71.77608124490652,-71.77608124490652,-71.77608124490652,-181.71447593027256,-181.71447593027256,-181.71447593027256,-63.817885677284366,-63.817885677284366,-63.817885677284366,0.0,0.0,0.0,3311.1863961828053
2024-11-21,3630.1856892889123,3293.9101159515835,3618.6705156886724,3601.8552834682087,3660.3379490406414,0.0,0.0,0.0,0.0,0.0,0.0,0.0,0.0,0.0,0.0,0.0,0.0,0.0,0.0,0.0,0.0,0.0,0.0,0.0,0.0,0.0,0.0,0.0,0.0,0.0,0.0,0.0,0.0,0.0,0.0,0.0,0.0,0.0,0.0,0.0,0.0,0.0,0.0,0.0,0.0,0.0,0.0,0.0,0.0,0.0,0.0,0.0,0.0,-177.06773090179595,-177.06773090179595,-177.06773090179595,0.0,0.0,0.0,-106.44612442309204,-106.44612442309204,-106.44612442309204,-16.877812963916604,-16.877812963916604,-16.877812963916604,-53.74379351478729,-53.74379351478729,-53.74379351478729,0.0,0.0,0.0,3453.1179583871162
2024-11-22,3631.8765395425557,3443.4081624616315,3771.027794472492,3603.0505189699716,3662.4988949051744,0.0,0.0,0.0,0.0,0.0,0.0,0.0,0.0,0.0,0.0,0.0,0.0,0.0,0.0,0.0,0.0,0.0,0.0,0.0,0.0,0.0,0.0,0.0,0.0,0.0,0.0,0.0,0.0,0.0,0.0,0.0,0.0,0.0,0.0,0.0,0.0,0.0,0.0,0.0,0.0,0.0,0.0,0.0,0.0,0.0,0.0,0.0,0.0,-18.376512228575127,-18.376512228575127,-18.376512228575127,0.0,0.0,0.0,-125.24551716429477,-125.24551716429477,-125.24551716429477,151.10859487131887,151.10859487131887,151.10859487131887,-44.23958993559926,-44.23958993559926,-44.23958993559926,0.0,0.0,0.0,3613.500027313981
2024-11-23,3633.567389796199,3505.9360119170296,3840.1632168626943,3604.056453612745,3664.7508774554894,0.0,0.0,0.0,0.0,0.0,0.0,0.0,0.0,0.0,0.0,0.0,0.0,0.0,0.0,0.0,0.0,0.0,0.0,0.0,0.0,0.0,0.0,0.0,0.0,0.0,0.0,0.0,0.0,0.0,0.0,0.0,0.0,0.0,0.0,0.0,0.0,0.0,0.0,0.0,0.0,0.0,0.0,0.0,0.0,0.0,0.0,0.0,0.0,46.28786727738012,46.28786727738012,46.28786727738012,0.0,0.0,0.0,-128.51660501294617,-128.51660501294617,-128.51660501294617,210.10138936415186,210.10138936415186,210.10138936415186,-35.29691707382554,-35.29691707382554,-35.29691707382554,0.0,0.0,0.0,3679.855257073579
2024-11-24,3635.2582400498427,3411.053421830738,3751.6299651330355,3604.930359589035,3667.096307547754,0.0,0.0,0.0,0.0,0.0,0.0,0.0,0.0,0.0,0.0,0.0,0.0,0.0,0.0,0.0,0.0,0.0,0.0,0.0,0.0,0.0,0.0,0.0,0.0,0.0,0.0,0.0,0.0,0.0,0.0,0.0,0.0,0.0,0.0,0.0,0.0,0.0,0.0,0.0,0.0,0.0,0.0,0.0,0.0,0.0,0.0,0.0,0.0,-50.919527829258854,-50.919527829258854,-50.919527829258854,0.0,0.0,0.0,-123.57153935194107,-123.57153935194107,-123.57153935194107,99.53964739337897,99.53964739337897,99.53964739337897,-26.88763587069675,-26.88763587069675,-26.88763587069675,0.0,0.0,0.0,3584.338712220584
2024-11-25,3636.949090303486,3273.8443972776718,3587.9189230854286,3606.096439674737,3669.4678713301396,0.0,0.0,0.0,0.0,0.0,0.0,0.0,0.0,0.0,0.0,0.0,0.0,0.0,0.0,0.0,0.0,0.0,0.0,0.0,0.0,0.0,0.0,0.0,0.0,0.0,0.0,0.0,0.0,0.0,0.0,0.0,0.0,0.0,0.0,0.0,0.0,0.0,0.0,0.0,0.0,0.0,0.0,0.0,0.0,0.0,0.0,0.0,0.0,-197.2479850283498,-197.2479850283498,-197.2479850283498,0.0,0.0,0.0,-119.00022625873028,-119.00022625873028,-119.00022625873028,-59.28245221746552,-59.28245221746552,-59.28245221746552,-18.965306552154058,-18.965306552154058,-18.965306552154058,0.0,0.0,0.0,3439.7011052751363
2024-11-26,3638.6399405571296,3150.4096962296217,3476.923445540635,3607.210277725388,3671.8394351125253,0.0,0.0,0.0,0.0,0.0,0.0,0.0,0.0,0.0,0.0,0.0,0.0,0.0,0.0,0.0,0.0,0.0,0.0,0.0,0.0,0.0,0.0,0.0,0.0,0.0,0.0,0.0,0.0,0.0,0.0,0.0,0.0,0.0,0.0,0.0,0.0,0.0,0.0,0.0,0.0,0.0,0.0,0.0,0.0,0.0,0.0,0.0,0.0,-333.10968535146543,-333.10968535146543,-333.10968535146543,0.0,0.0,0.0,-118.76757410150765,-118.76757410150765,-118.76757410150765,-202.87489051714203,-202.87489051714203,-202.87489051714203,-11.46722073281569,-11.46722073281569,-11.46722073281569,0.0,0.0,0.0,3305.530255205664
2024-11-27,3640.3307908107727,3173.8169027929507,3485.9342251576995,3607.374868793412,3674.2109988949105,0.0,0.0,0.0,0.0,0.0,0.0,0.0,0.0,0.0,0.0,0.0,0.0,0.0,0.0,0.0,0.0,0.0,0.0,0.0,0.0,0.0,0.0,0.0,0.0,0.0,0.0,0.0,0.0,0.0,0.0,0.0,0.0,0.0,0.0,0.0,0.0,0.0,0.0,0.0,0.0,0.0,0.0,0.0,0.0,0.0,0.0,0.0,0.0,-306.4944110141186,-306.4944110141186,-306.4944110141186,0.0,0.0,0.0,-120.46301282181935,-120.46301282181935,-120.46301282181935,-181.71447593057914,-181.71447593057914,-181.71447593057914,-4.316922261720135,-4.316922261720135,-4.316922261720135,0.0,0.0,0.0,3333.836379796654
2024-11-28,3642.021641064416,3201.241401232752,3532.023566948441,3607.819443182843,3676.729300535903,0.0,0.0,0.0,0.0,0.0,0.0,0.0,0.0,0.0,0.0,0.0,0.0,0.0,0.0,0.0,0.0,0.0,0.0,0.0,0.0,0.0,0.0,0.0,0.0,0.0,0.0,0.0,0.0,0.0,0.0,0.0,0.0,0.0,0.0,0.0,0.0,-148.4755809062341,-148.4755809062341,-148.4755809062341,0.0,0.0,0.0,0.0,0.0,0.0,0.0,0.0,0.0,-281.1600424970883,-281.1600424970883,-281.1600424970883,-148.4755809062341,-148.4755809062341,-148.4755809062341,-118.3795088954515,-118.3795088954515,-118.3795088954515,-16.87781296380847,-16.87781296380847,-16.87781296380847,2.5728602684057247,2.5728602684057247,2.5728602684057247,0.0,0.0,0.0,3360.8615985673277
2024-11-29,3643.71249131806,3520.205468100716,3865.127790532931,3609.0832588276253,3679.414024080337,0.0,0.0,0.0,0.0,0.0,0.0,0.0,0.0,0.0,0.0,0.0,0.0,0.0,0.0,0.0,0.0,0.0,0.0,0.0,0.0,0.0,0.0,0.0,0.0,0.0,0.0,0.0,0.0,0.0,0.0,0.0,0.0,0.0,0.0,0.0,0.0,0.0,0.0,0.0,0.0,0.0,0.0,0.0,0.0,0.0,0.0,0.0,0.0,52.122350924805765,52.122350924805765,52.122350924805765,0.0,0.0,0.0,-108.28320231888083,-108.28320231888083,-108.28320231888083,151.10859487140218,151.10859487140218,151.10859487140218,9.296958372284424,9.296958372284424,9.296958372284424,0.0,0.0,0.0,3695.8348422428658
2024-11-30,3645.403341571703,3606.0397813783084,3938.983400786918,3610.35367066259,3681.926300633899,0.0,0.0,0.0,0.0,0.0,0.0,0.0,0.0,0.0,0.0,0.0,0.0,0.0,0.0,0.0,0.0,0.0,0.0,0.0,0.0,0.0,0.0,0.0,0.0,0.0,0.0,0.0,0.0,0.0,0.0,0.0,0.0,0.0,0.0,0.0,0.0,0.0,0.0,0.0,0.0,0.0,0.0,0.0,0.0,0.0,0.0,0.0,0.0,136.0855643361003,136.0855643361003,136.0855643361003,0.0,0.0,0.0,-89.9701092911957,-89.9701092911957,-89.9701092911957,210.10138936411312,210.10138936411312,210.10138936411312,15.954284263182904,15.954284263182904,15.954284263182904,0.0,0.0,0.0,3781.488905907803
2024-12-01,3647.0941918253466,3531.0165625910327,3869.66788559521,3611.6240824975544,3684.1857037737745,0.0,0.0,0.0,0.0,0.0,0.0,0.0,0.0,0.0,0.0,0.0,0.0,0.0,0.0,0.0,0.0,0.0,0.0,0.0,0.0,0.0,0.0,0.0,0.0,0.0,0.0,0.0,0.0,0.0,0.0,0.0,0.0,0.0,0.0,0.0,0.0,0.0,0.0,0.0,0.0,0.0,0.0,0.0,0.0,0.0,0.0,0.0,0.0,55.94556152749546,55.94556152749546,55.94556152749546,0.0,0.0,0.0,-66.23831792582241,-66.23831792582241,-66.23831792582241,99.53964739326847,99.53964739326847,99.53964739326847,22.644232060049408,22.644232060049408,22.644232060049408,0.0,0.0,0.0,3703.039753352842
2024-12-02,3648.7850420789905,3398.519820652229,3744.4301917803314,3612.899627121606,3685.9368462154325,0.0,0.0,0.0,0.0,0.0,0.0,0.0,0.0,0.0,0.0,0.0,0.0,0.0,0.0,0.0,0.0,0.0,0.0,0.0,0.0,0.0,0.0,0.0,0.0,0.0,0.0,0.0,0.0,0.0,0.0,0.0,0.0,0.0,0.0,0.0,0.0,0.0,0.0,0.0,0.0,0.0,0.0,0.0,0.0,0.0,0.0,0.0,0.0,-69.91795093541143,-69.91795093541143,-69.91795093541143,0.0,0.0,0.0,-40.09856665572712,-40.09856665572712,-40.09856665572712,-59.28245221689387,-59.28245221689387,-59.28245221689387,29.463067937209576,29.463067937209576,29.463067937209576,0.0,0.0,0.0,3578.8670911435793
2024-12-03,3650.4758923326335,3304.1036734631152,3643.7515126758462,3614.2102261082555,3688.274069087676,0.0,0.0,0.0,0.0,0.0,0.0,0.0,0.0,0.0,0.0,0.0,0.0,0.0,0.0,0.0,0.0,0.0,0.0,0.0,0.0,0.0,0.0,0.0,0.0,0.0,0.0,0.0,0.0,0.0,0.0,0.0,0.0,0.0,0.0,0.0,0.0,0.0,0.0,0.0,0.0,0.0,0.0,0.0,0.0,0.0,0.0,0.0,0.0,-179.40916205419532,-179.40916205419532,-179.40916205419532,0.0,0.0,0.0,-13.034689386254069,-13.034689386254069,-13.034689386254069,-202.87489051718563,-202.87489051718563,-202.87489051718563,36.50041784924441,36.50041784924441,36.50041784924441,0.0,0.0,0.0,3471.066730278438
2024-12-04,3652.166742586277,3369.6816073368996,3697.3134056792906,3615.520825094905,3690.589781883144,0.0,0.0,0.0,0.0,0.0,0.0,0.0,0.0,0.0,0.0,0.0,0.0,0.0,0.0,0.0,0.0,0.0,0.0,0.0,0.0,0.0,0.0,0.0,0.0,0.0,0.0,0.0,0.0,0.0,0.0,0.0,0.0,0.0,0.0,0.0,0.0,0.0,0.0,0.0,0.0,0.0,0.0,0.0,0.0,0.0,0.0,0.0,0.0,-123.30218459332286,-123.30218459332286,-123.30218459332286,0.0,0.0,0.0,14.576332718403858,14.576332718403858,14.576332718403858,-181.71447593056385,-181.71447593056385,-181.71447593056385,43.83595861883712,43.83595861883712,43.83595861883712,0.0,0.0,0.0,3528.8645579929544
2024-12-05,3653.8575928399205,3556.0520868454937,3900.2477524411925,3616.627245969633,3692.600091467032,0.0,0.0,0.0,0.0,0.0,0.0,0.0,0.0,0.0,0.0,0.0,0.0,0.0,0.0,0.0,0.0,0.0,0.0,0.0,0.0,0.0,0.0,0.0,0.0,0.0,0.0,0.0,0.0,0.0,0.0,0.0,0.0,0.0,0.0,0.0,0.0,0.0,0.0,0.0,0.0,0.0,0.0,0.0,0.0,0.0,0.0,0.0,0.0,76.76411160136404,76.76411160136404,76.76411160136404,0.0,0.0,0.0,42.105512304372496,42.105512304372496,42.105512304372496,-16.877812964406584,-16.877812964406584,-16.877812964406584,51.536412261398134,51.536412261398134,51.536412261398134,0.0,0.0,0.0,3730.6217044412847
2024-12-06,3655.548443093564,3768.4147997237537,4087.0265865469837,3617.688418139752,3695.120264335789,0.0,0.0,0.0,0.0,0.0,0.0,0.0,0.0,0.0,0.0,0.0,0.0,0.0,0.0,0.0,0.0,0.0,0.0,0.0,0.0,0.0,0.0,0.0,0.0,0.0,0.0,0.0,0.0,0.0,0.0,0.0,0.0,0.0,0.0,0.0,0.0,0.0,0.0,0.0,0.0,0.0,0.0,0.0,0.0,0.0,0.0,0.0,0.0,278.9609650839594,278.9609650839594,278.9609650839594,0.0,0.0,0.0,68.19943560332317,68.19943560332317,68.19943560332317,151.1085948715241,151.1085948715241,151.1085948715241,59.652934609112044,59.652934609112044,59.652934609112044,0.0,0.0,0.0,3934.5094081775233
2024-12-07,3657.2392933472074,3855.816038876519,4205.089904959348,3618.7081890330137,3697.3858781356826,0.0,0.0,0.0,0.0,0.0,0.0,0.0,0.0,0.0,0.0,0.0,0.0,0.0,0.0,0.0,0.0,0.0,0.0,0.0,0.0,0.0,0.0,0.0,0.0,0.0,0.0,0.0,0.0,0.0,0.0,0.0,0.0,0.0,0.0,0.0,0.0,0.0,0.0,0.0,0.0,0.0,0.0,0.0,0.0,0.0,0.0,0.0,0.0,369.89406343899856,369.89406343899856,369.89406343899856,0.0,0.0,0.0,91.57369623134429,91.57369623134429,91.57369623134429,210.10138936409484,210.10138936409484,210.10138936409484,68.21897784355943,68.21897784355943,68.21897784355943,0.0,0.0,0.0,4027.133356786206
2024-12-08,3658.9301436008514,3766.350453978017,4113.618828619994,3619.433899659084,3699.9204125707192,0.0,0.0,0.0,0.0,0.0,0.0,0.0,0.0,0.0,0.0,0.0,0.0,0.0,0.0,0.0,0.0,0.0,0.0,0.0,0.0,0.0,0.0,0.0,0.0,0.0,0.0,0.0,0.0,0.0,0.0,0.0,0.0,0.0,0.0,0.0,0.0,0.0,0.0,0.0,0.0,0.0,0.0,0.0,0.0,0.0,0.0,0.0,0.0,288.5734330735951,288.5734330735951,288.5734330735951,0.0,0.0,0.0,111.78509289798465,111.78509289798465,111.78509289798465,99.539647393767,99.539647393767,99.539647393767,77.24869278184342,77.24869278184342,77.24869278184342,0.0,0.0,0.0,3947.5035766744463
2024-12-09,3660.6209938544944,3645.122935142493,3979.493309393451,3620.2751183889454,3702.350859771997,0.0,0.0,0.0,0.0,0.0,0.0,0.0,0.0,0.0,0.0,0.0,0.0,0.0,0.0,0.0,0.0,0.0,0.0,0.0,0.0,0.0,0.0,0.0,0.0,0.0,0.0,0.0,0.0,0.0,0.0,0.0,0.0,0.0,0.0,0.0,0.0,0.0,0.0,0.0,0.0,0.0,0.0,0.0,0.0,0.0,0.0,0.0,0.0,156.1791603861455,156.1791603861455,156.1791603861455,0.0,0.0,0.0,128.72569152095042,128.72569152095042,128.72569152095042,-59.28245221700367,-59.28245221700367,-59.28245221700367,86.73592108219881,86.73592108219881,86.73592108219881,0.0,0.0,0.0,3816.80015424064
2024-12-10,3662.3118441081374,3514.45540115551,3873.2265087137075,3621.1749220653965,3704.6778456431994,0.0,0.0,0.0,0.0,0.0,0.0,0.0,0.0,0.0,0.0,0.0,0.0,0.0,0.0,0.0,0.0,0.0,0.0,0.0,0.0,0.0,0.0,0.0,0.0,0.0,0.0,0.0,0.0,0.0,0.0,0.0,0.0,0.0,0.0,0.0,0.0,0.0,0.0,0.0,0.0,0.0,0.0,0.0,0.0,0.0,0.0,0.0,0.0,35.034909205357856,35.034909205357856,35.034909205357856,0.0,0.0,0.0,141.25598932786406,141.25598932786406,141.25598932786406,-202.87489051722923,-202.87489051722923,-202.87489051722923,96.65381039472305,96.65381039472305,96.65381039472305,0.0,0.0,0.0,3697.3467533134954
2024-12-11,3664.002694361781,3564.2049272536897,3901.303716259719,3622.053203679453,3706.9671531802533,0.0,0.0,0.0,0.0,0.0,0.0,0.0,0.0,0.0,0.0,0.0,0.0,0.0,0.0,0.0,0.0,0.0,0.0,0.0,0.0,0.0,0.0,0.0,0.0,0.0,0.0,0.0,0.0,0.0,0.0,0.0,0.0,0.0,0.0,0.0,0.0,0.0,0.0,0.0,0.0,0.0,0.0,0.0,0.0,0.0,0.0,0.0,0.0,72.00529578333617,72.00529578333617,72.00529578333617,0.0,0.0,0.0,146.76470433917785,146.76470433917785,146.76470433917785,-181.71447593044877,-181.71447593044877,-181.71447593044877,106.95506737460703,106.95506737460703,106.95506737460703,0.0,0.0,0.0,3736.007990145117
2024-12-12,3665.693544615425,3735.2573165738254,4074.57571578857,3622.8795091380543,3709.2314402193774,0.0,0.0,0.0,0.0,0.0,0.0,0.0,0.0,0.0,0.0,0.0,0.0,0.0,0.0,0.0,0.0,0.0,0.0,0.0,0.0,0.0,0.0,0.0,0.0,0.0,0.0,0.0,0.0,0.0,0.0,0.0,0.0,0.0,0.0,0.0,0.0,0.0,0.0,0.0,0.0,0.0,0.0,0.0,0.0,0.0,0.0,0.0,0.0,243.47743611399966,243.47743611399966,243.47743611399966,0.0,0.0,0.0,142.78240415669623,142.78240415669623,142.78240415669623,-16.877812964298453,-16.877812964298453,-16.877812964298453,117.57284492160191,117.57284492160191,117.57284492160191,0.0,0.0,0.0,3909.1709807294246
2024-12-13,3667.3843948690683,3909.291786578058,4256.752311383953,3623.7080178608257,3711.511931604024,0.0,0.0,0.0,0.0,0.0,0.0,0.0,0.0,0.0,0.0,0.0,0.0,0.0,0.0,0.0,0.0,0.0,0.0,0.0,0.0,0.0,0.0,0.0,0.0,0.0,0.0,0.0,0.0,0.0,0.0,0.0,0.0,0.0,0.0,0.0,0.0,0.0,0.0,0.0,0.0,0.0,0.0,0.0,0.0,0.0,0.0,0.0,0.0,409.06179105060727,409.06179105060727,409.06179105060727,0.0,0.0,0.0,129.53095463641003,129.53095463641003,129.53095463641003,151.10859487110022,151.10859487110022,151.10859487110022,128.422241543097,128.422241543097,128.422241543097,0.0,0.0,0.0,4076.4461859196754
2024-12-14,3669.0752451227113,3970.183668027601,4313.123456389938,3624.5933579941934,3713.832004172682,0.0,0.0,0.0,0.0,0.0,0.0,0.0,0.0,0.0,0.0,0.0,0.0,0.0,0.0,0.0,0.0,0.0,0.0,0.0,0.0,0.0,0.0,0.0,0.0,0.0,0.0,0.0,0.0,0.0,0.0,0.0,0.0,0.0,0.0,0.0,0.0,0.0,0.0,0.0,0.0,0.0,0.0,0.0,0.0,0.0,0.0,0.0,0.0,460.29046389910076,460.29046389910076,460.29046389910076,0.0,0.0,0.0,110.78670164318042,110.78670164318042,110.78670164318042,210.10138936407657,210.10138936407657,210.10138936407657,139.40237289184375,139.40237289184375,139.40237289184375,0.0,0.0,0.0,4129.365709021812
2024-12-15,3670.7660953763548,3849.7364102532983,4171.601572919867,3625.28400941643,3715.7315419427737,0.0,0.0,0.0,0.0,0.0,0.0,0.0,0.0,0.0,0.0,0.0,0.0,0.0,0.0,0.0,0.0,0.0,0.0,0.0,0.0,0.0,0.0,0.0,0.0,0.0,0.0,0.0,0.0,0.0,0.0,0.0,0.0,0.0,0.0,0.0,0.0,0.0,0.0,0.0,0.0,0.0,0.0,0.0,0.0,0.0,0.0,0.0,0.0,341.46954882882716,341.46954882882716,341.46954882882716,0.0,0.0,0.0,91.53094261922175,91.53094261922175,91.53094261922175,99.53964739365821,99.53964739365821,99.53964739365821,150.39895881594722,150.39895881594722,150.39895881594722,0.0,0.0,0.0,4012.235644205182
2024-12-16,3672.4569456299982,3671.253119694321,4029.353938273832,3625.947086515152,3717.8937291036423,0.0,0.0,0.0,0.0,0.0,0.0,0.0,0.0,0.0,0.0,0.0,0.0,0.0,0.0,0.0,0.0,0.0,0.0,0.0,0.0,0.0,0.0,0.0,0.0,0.0,0.0,0.0,0.0,0.0,0.0,0.0,0.0,0.0,0.0,0.0,0.0,0.0,0.0,0.0,0.0,0.0,0.0,0.0,0.0,0.0,0.0,0.0,0.0,175.8838849013414,175.8838849013414,175.8838849013414,0.0,0.0,0.0,73.8789829608205,73.8789829608205,73.8789829608205,-59.28245221716065,-59.28245221716065,-59.28245221716065,161.2873541576815,161.2873541576815,161.2873541576815,0.0,0.0,0.0,3848.3408305313396
2024-12-17,3674.1477958836417,3527.19661186234,3857.6724654811323,3626.9900413890396,3720.255096698245,0.0,0.0,0.0,0.0,0.0,0.0,0.0,0.0,0.0,0.0,0.0,0.0,0.0,0.0,0.0,0.0,0.0,0.0,0.0,0.0,0.0,0.0,0.0,0.0,0.0,0.0,0.0,0.0,0.0,0.0,0.0,0.0,0.0,0.0,0.0,0.0,0.0,0.0,0.0,0.0,0.0,0.0,0.0,0.0,0.0,0.0,0.0,0.0,23.957979917062293,23.957979917062293,23.957979917062293,0.0,0.0,0.0,54.89693195079276,54.89693195079276,54.89693195079276,-202.87489051731367,-202.87489051731367,-202.87489051731367,171.93593848358316,171.93593848358316,171.93593848358316,0.0,0.0,0.0,3698.105775800704
2024-12-18,3675.8386461372857,3533.202478066069,3880.9667947831517,3627.9706964566994,3722.6926303056057,0.0,0.0,0.0,0.0,0.0,0.0,0.0,0.0,0.0,0.0,0.0,0.0,0.0,0.0,0.0,0.0,0.0,0.0,0.0,0.0,0.0,0.0,0.0,0.0,0.0,0.0,0.0,0.0,0.0,0.0,0.0,0.0,0.0,0.0,0.0,0.0,0.0,0.0,0.0,0.0,0.0,0.0,0.0,0.0,0.0,0.0,0.0,0.0,29.312077851495953,29.312077851495953,29.312077851495953,0.0,0.0,0.0,28.81678448778647,28.81678448778647,28.81678448778647,-181.71447593038351,-181.71447593038351,-181.71447593038351,182.209769294093,182.209769294093,182.209769294093,0.0,0.0,0.0,3705.1507239887815
2024-12-19,3677.529496390929,3682.9144001191853,4016.4453990553734,3628.8557508334166,3725.1385985175275,0.0,0.0,0.0,0.0,0.0,0.0,0.0,0.0,0.0,0.0,0.0,0.0,0.0,0.0,0.0,0.0,0.0,0.0,0.0,0.0,0.0,0.0,0.0,0.0,0.0,0.0,0.0,0.0,0.0,0.0,0.0,0.0,0.0,0.0,0.0,0.0,0.0,0.0,0.0,0.0,0.0,0.0,0.0,0.0,0.0,0.0,0.0,0.0,167.53201224106348,167.53201224106348,167.53201224106348,0.0,0.0,0.0,-7.564570148695824,-7.564570148695824,-7.564570148695824,-16.87781296419032,-16.87781296419032,-16.87781296419032,191.97439535394966,191.97439535394966,191.97439535394966,0.0,0.0,0.0,3845.0615086319926
2024-12-20,3679.2203466445717,3794.6796181944765,4153.478039579298,3629.706559245928,3727.5899102721055,0.0,0.0,0.0,0.0,0.0,0.0,0.0,0.0,0.0,0.0,0.0,0.0,0.0,0.0,0.0,0.0,0.0,0.0,0.0,0.0,0.0,0.0,0.0,0.0,0.0,0.0,0.0,0.0,0.0,0.0,0.0,0.0,0.0,0.0,0.0,0.0,0.0,0.0,0.0,0.0,0.0,0.0,0.0,0.0,0.0,0.0,0.0,0.0,301.56751286357905,301.56751286357905,301.56751286357905,0.0,0.0,0.0,-50.640803833879225,-50.640803833879225,-50.640803833879225,151.10859487122212,151.10859487122212,151.10859487122212,201.0997218262361,201.0997218262361,201.0997218262361,0.0,0.0,0.0,3980.7878595081506
2024-12-21,3680.911196898215,3835.2139085139233,4178.117327140677,3630.5877662647836,3730.1740618976464,0.0,0.0,0.0,0.0,0.0,0.0,0.0,0.0,0.0,0.0,0.0,0.0,0.0,0.0,0.0,0.0,0.0,0.0,0.0,0.0,0.0,0.0,0.0,0.0,0.0,0.0,0.0,0.0,0.0,0.0,0.0,0.0,0.0,0.0,0.0,0.0,0.0,0.0,0.0,0.0,0.0,0.0,0.0,0.0,0.0,0.0,0.0,0.0,328.78971158214017,328.78971158214017,328.78971158214017,0.0,0.0,0.0,-90.77549481106993,-90.77549481106993,-90.77549481106993,210.1013893640583,210.1013893640583,210.1013893640583,209.46381702915184,209.46381702915184,209.46381702915184,0.0,0.0,0.0,4009.7009084803553
2024-12-22,3682.602047151859,3724.351025730777,4061.1099508713655,3631.4194901223195,3732.7603371951777,0.0,0.0,0.0,0.0,0.0,0.0,0.0,0.0,0.0,0.0,0.0,0.0,0.0,0.0,0.0,0.0,0.0,0.0,0.0,0.0,0.0,0.0,0.0,0.0,0.0,0.0,0.0,0.0,0.0,0.0,0.0,0.0,0.0,0.0,0.0,0.0,0.0,0.0,0.0,0.0,0.0,0.0,0.0,0.0,0.0,0.0,0.0,0.0,198.48296946147062,198.48296946147062,198.48296946147062,0.0,0.0,0.0,-118.01322984612034,-118.01322984612034,-118.01322984612034,99.53964739354771,99.53964739354771,99.53964739354771,216.95655191404325,216.95655191404325,216.95655191404325,0.0,0.0,0.0,3881.0850166133296
2024-12-23,3684.2928974055026,3545.710516014695,3894.495519133895,3632.2917722136904,3735.3248288937407,0.0,0.0,0.0,0.0,0.0,0.0,0.0,0.0,0.0,0.0,0.0,0.0,0.0,0.0,0.0,0.0,0.0,0.0,0.0,0.0,0.0,0.0,0.0,0.0,0.0,0.0,0.0,0.0,0.0,0.0,0.0,0.0,0.0,0.0,0.0,0.0,0.0,0.0,0.0,0.0,0.0,0.0,0.0,0.0,0.0,0.0,0.0,0.0,35.72434398490423,35.72434398490423,35.72434398490423,0.0,0.0,0.0,-128.4761715477469,-128.4761715477469,-128.4761715477469,-59.282452217270446,-59.282452217270446,-59.282452217270446,223.48296774992158,223.48296774992158,223.48296774992158,0.0,0.0,0.0,3720.017241390407
2024-12-24,3685.983747659146,3421.487183110492,3756.913688049766,3633.370447312417,3737.8365458971284,0.0,0.0,0.0,0.0,0.0,0.0,0.0,0.0,0.0,0.0,0.0,0.0,0.0,0.0,0.0,0.0,0.0,0.0,0.0,0.0,0.0,0.0,0.0,0.0,0.0,0.0,0.0,0.0,0.0,0.0,0.0,0.0,0.0,0.0,0.0,0.0,0.0,0.0,0.0,0.0,0.0,0.0,0.0,0.0,0.0,0.0,0.0,0.0,-100.3913305022852,-100.3913305022852,-100.3913305022852,0.0,0.0,0.0,-126.48271484952694,-126.48271484952694,-126.48271484952694,-202.87489051706595,-202.87489051706595,-202.87489051706595,228.9662748643077,228.9662748643077,228.9662748643077,0.0,0.0,0.0,3585.592417156861
2024-12-25,3687.6745979127895,3293.1206005164217,3621.3820503878,3634.131004708175,3740.348262900518,-162.8440719150946,-162.8440719150946,-162.8440719150946,0.0,0.0,0.0,0.0,0.0,0.0,0.0,0.0,0.0,0.0,0.0,0.0,0.0,0.0,0.0,0.0,0.0,0.0,0.0,0.0,0.0,0.0,0.0,0.0,0.0,0.0,0.0,0.0,0.0,0.0,0.0,0.0,0.0,0.0,0.0,0.0,0.0,0.0,0.0,0.0,0.0,0.0,0.0,0.0,0.0,-232.04367191345054,-232.04367191345054,-232.04367191345054,-162.8440719150946,-162.8440719150946,-162.8440719150946,-120.83551949207964,-120.83551949207964,-120.83551949207964,-181.7144759303183,-181.7144759303183,-181.7144759303183,233.35039542404203,233.35039542404203,233.35039542404203,0.0,0.0,0.0,3455.630925999339
2024-12-26,3689.3654481664325,3625.49184949735,3970.2707387181176,3635.226468036569,3742.7863969073865,0.0,0.0,0.0,0.0,0.0,0.0,0.0,0.0,0.0,0.0,0.0,0.0,0.0,0.0,0.0,0.0,0.0,0.0,0.0,0.0,0.0,0.0,0.0,0.0,0.0,0.0,0.0,0.0,0.0,0.0,0.0,0.0,0.0,0.0,0.0,0.0,0.0,0.0,0.0,0.0,0.0,0.0,0.0,0.0,0.0,0.0,0.0,0.0,101.36414692382948,101.36414692382948,101.36414692382948,0.0,0.0,0.0,-118.3600159591019,-118.3600159591019,-118.3600159591019,-16.877812963983935,-16.877812963983935,-16.877812963983935,236.6019758469153,236.6019758469153,236.6019758469153,0.0,0.0,0.0,3790.729595090262
2024-12-27,3691.056298420076,3778.458933738598,4132.031362459413,3636.321907281405,3745.1207872613004,0.0,0.0,0.0,0.0,0.0,0.0,0.0,0.0,0.0,0.0,0.0,0.0,0.0,0.0,0.0,0.0,0.0,0.0,0.0,0.0,0.0,0.0,0.0,0.0,0.0,0.0,0.0,0.0,0.0,0.0,0.0,0.0,0.0,0.0,0.0,0.0,0.0,0.0,0.0,0.0,0.0,0.0,0.0,0.0,0.0,0.0,0.0,0.0,270.1081945839193,270.1081945839193,270.1081945839193,0.0,0.0,0.0,-119.71220944512869,-119.71220944512869,-119.71220944512869,151.1085948712668,151.1085948712668,151.1085948712668,238.7118091577812,238.7118091577812,238.7118091577812,0.0,0.0,0.0,3961.164493003995
2024-12-28,3692.74714867372,3845.729773112722,4192.788590390432,3637.4173465262415,3747.4624442046875,0.0,0.0,0.0,0.0,0.0,0.0,0.0,0.0,0.0,0.0,0.0,0.0,0.0,0.0,0.0,0.0,0.0,0.0,0.0,0.0,0.0,0.0,0.0,0.0,0.0,0.0,0.0,0.0,0.0,0.0,0.0,0.0,0.0,0.0,0.0,0.0,0.0,0.0,0.0,0.0,0.0,0.0,0.0,0.0,0.0,0.0,0.0,0.0,329.5562196208158,329.5562196208158,329.5562196208158,0.0,0.0,0.0,-120.24079376053758,-120.24079376053758,-120.24079376053758,210.10138936401955,210.10138936401955,210.10138936401955,239.69562401733387,239.69562401733387,239.69562401733387,0.0,0.0,0.0,4022.3033682945356
2024-12-29,3694.4379989273634,3738.8755094056683,4086.6554767566195,3638.5127857710777,3749.684087655322,0.0,0.0,0.0,0.0,0.0,0.0,0.0,0.0,0.0,0.0,0.0,0.0,0.0,0.0,0.0,0.0,0.0,0.0,0.0,0.0,0.0,0.0,0.0,0.0,0.0,0.0,0.0,0.0,0.0,0.0,0.0,0.0,0.0,0.0,0.0,0.0,0.0,0.0,0.0,0.0,0.0,0.0,0.0,0.0,0.0,0.0,0.0,0.0,224.68996681166757,224.68996681166757,224.68996681166757,0.0,0.0,0.0,-114.44389537146607,-114.44389537146607,-114.44389537146607,99.53964739404795,99.53964739404795,99.53964739404795,239.59421478908573,239.59421478908573,239.59421478908573,0.0,0.0,0.0,3919.127965739031
2024-12-30,3696.1288491810064,3584.8758647649347,3952.976727609466,3639.6082250159143,3752.150853095564,0.0,0.0,0.0,0.0,0.0,0.0,0.0,0.0,0.0,0.0,0.0,0.0,0.0,0.0,0.0,0.0,0.0,0.0,0.0,0.0,0.0,0.0,0.0,0.0,0.0,0.0,0.0,0.0,0.0,0.0,0.0,0.0,0.0,0.0,0.0,0.0,0.0,0.0,0.0,0.0,0.0,0.0,0.0,0.0,0.0,0.0,0.0,0.0,79.17281754634415,79.17281754634415,79.17281754634415,0.0,0.0,0.0,-100.01763560359547,-100.01763560359547,-100.01763560359547,-59.28245221738024,-59.28245221738024,-59.28245221738024,238.47290536731984,238.47290536731984,238.47290536731984,0.0,0.0,0.0,3775.3016667273505
2024-12-31,3697.8196994346495,3492.9602525369414,3823.4600779980374,3640.3840479855535,3754.681741167805,0.0,0.0,0.0,0.0,0.0,0.0,0.0,0.0,0.0,0.0,0.0,0.0,0.0,0.0,0.0,0.0,0.0,0.0,0.0,0.0,0.0,0.0,0.0,0.0,0.0,0.0,0.0,0.0,0.0,0.0,0.0,0.0,0.0,0.0,0.0,0.0,0.0,0.0,0.0,0.0,0.0,0.0,0.0,0.0,0.0,0.0,0.0,0.0,-45.02182652290433,-45.02182652290433,-45.02182652290433,0.0,0.0,0.0,-78.56729404795146,-78.56729404795146,-78.56729404795146,-202.87489051715033,-202.87489051715033,-202.87489051715033,236.42035804219745,236.42035804219745,236.42035804219745,0.0,0.0,0.0,3652.7978729117453
2025-01-01,3699.5105496882934,3452.2343597880745,3798.284284246018,3640.471492253613,3757.1488592187784,0.0,0.0,0.0,0.0,0.0,0.0,0.0,0.0,0.0,0.0,0.0,0.0,0.0,0.0,0.0,0.0,0.0,0.0,0.0,0.0,0.0,0.0,0.0,0.0,0.0,0.0,0.0,0.0,0.0,0.0,-75.4549726625623,-75.4549726625623,-75.4549726625623,0.0,0.0,0.0,0.0,0.0,0.0,0.0,0.0,0.0,0.0,0.0,0.0,0.0,0.0,0.0,-76.95898522489586,-76.95898522489586,-76.95898522489586,-75.4549726625623,-75.4549726625623,-75.4549726625623,-53.3362935329898,-53.3362935329898,-53.3362935329898,-181.71447593025312,-181.71447593025312,-181.71447593025312,233.54675690090937,233.54675690090937,233.54675690090937,0.0,0.0,0.0,3622.5515644633974
2025-01-02,3701.201399941937,3699.827993006146,4064.775116805715,3641.4550468905823,3759.6195990127385,0.0,0.0,0.0,0.0,0.0,0.0,0.0,0.0,0.0,0.0,0.0,0.0,0.0,0.0,0.0,0.0,0.0,0.0,0.0,0.0,0.0,0.0,0.0,0.0,0.0,0.0,0.0,0.0,0.0,0.0,0.0,0.0,0.0,0.0,0.0,0.0,0.0,0.0,0.0,0.0,0.0,0.0,0.0,0.0,0.0,0.0,0.0,0.0,186.45446028565783,186.45446028565783,186.45446028565783,0.0,0.0,0.0,-26.649139388540508,-26.649139388540508,-26.649139388540508,-16.877812963875805,-16.877812963875805,-16.877812963875805,229.98141263807418,229.98141263807418,229.98141263807418,0.0,0.0,0.0,3887.6558602275945
2025-01-03,3702.8922501955803,3900.1675400607437,4255.5335190816295,3642.5348033733553,3762.294290194723,0.0,0.0,0.0,0.0,0.0,0.0,0.0,0.0,0.0,0.0,0.0,0.0,0.0,0.0,0.0,0.0,0.0,0.0,0.0,0.0,0.0,0.0,0.0,0.0,0.0,0.0,0.0,0.0,0.0,0.0,0.0,0.0,0.0,0.0,0.0,0.0,0.0,0.0,0.0,0.0,0.0,0.0,0.0,0.0,0.0,0.0,0.0,0.0,377.70122739849745,377.70122739849745,377.70122739849745,0.0,0.0,0.0,0.7227808429581,0.7227808429581,0.7227808429581,151.1085948713888,151.1085948713888,151.1085948713888,225.86985168415066,225.86985168415066,225.86985168415066,0.0,0.0,0.0,4080.5934775940777
2025-01-04,3704.583100449224,3984.365105633422,4334.154396912068,3643.110289262742,3764.8669536683633,0.0,0.0,0.0,0.0,0.0,0.0,0.0,0.0,0.0,0.0,0.0,0.0,0.0,0.0,0.0,0.0,0.0,0.0,0.0,0.0,0.0,0.0,0.0,0.0,0.0,0.0,0.0,0.0,0.0,0.0,0.0,0.0,0.0,0.0,0.0,0.0,0.0,0.0,0.0,0.0,0.0,0.0,0.0,0.0,0.0,0.0,0.0,0.0,459.8957085114114,459.8957085114114,459.8957085114114,0.0,0.0,0.0,28.423852341713133,28.423852341713133,28.423852341713133,210.10138936412758,210.10138936412758,210.10138936412758,221.3704668055707,221.3704668055707,221.3704668055707,0.0,0.0,0.0,4164.478808960635
2025-01-05,3706.2739507028673,3910.2063159469726,4251.478230290748,3643.733930694932,3767.0932039767517,0.0,0.0,0.0,0.0,0.0,0.0,0.0,0.0,0.0,0.0,0.0,0.0,0.0,0.0,0.0,0.0,0.0,0.0,0.0,0.0,0.0,0.0,0.0,0.0,0.0,0.0,0.0,0.0,0.0,0.0,0.0,0.0,0.0,0.0,0.0,0.0,0.0,0.0,0.0,0.0,0.0,0.0,0.0,0.0,0.0,0.0,0.0,0.0,371.6176912390028,371.6176912390028,371.6176912390028,0.0,0.0,0.0,55.427225462230176,55.427225462230176,55.427225462230176,99.53964739393572,99.53964739393572,99.53964739393572,216.65081838283692,216.65081838283692,216.65081838283692,0.0,0.0,0.0,4077.89164194187
2025-01-06,3707.9648009565103,3764.675456826958,4110.405617649213,3644.305854000968,3769.4931717928034,0.0,0.0,0.0,0.0,0.0,0.0,0.0,0.0,0.0,0.0,0.0,0.0,0.0,0.0,0.0,0.0,0.0,0.0,0.0,0.0,0.0,0.0,0.0,0.0,0.0,0.0,0.0,0.0,0.0,0.0,0.0,0.0,0.0,0.0,0.0,0.0,0.0,0.0,0.0,0.0,0.0,0.0,0.0,0.0,0.0,0.0,0.0,0.0,232.87668118423332,232.87668118423332,232.87668118423332,0.0,0.0,0.0,80.27544829879861,80.27544829879861,80.27544829879861,-59.282452217537205,-59.282452217537205,-59.282452217537205,211.88368510297192,211.88368510297192,211.88368510297192,0.0,0.0,0.0,3940.8414821407437
2025-01-07,3709.6556512101542,3633.1357100146065,3987.8317937094503,3645.466379257756,3771.788744112504,0.0,0.0,0.0,0.0,0.0,0.0,0.0,0.0,0.0,0.0,0.0,0.0,0.0,0.0,0.0,0.0,0.0,0.0,0.0,0.0,0.0,0.0,0.0,0.0,0.0,0.0,0.0,0.0,0.0,0.0,0.0,0.0,0.0,0.0,0.0,0.0,0.0,0.0,0.0,0.0,0.0,0.0,0.0,0.0,0.0,0.0,0.0,0.0,106.44185209821192,106.44185209821192,106.44185209821192,0.0,0.0,0.0,102.07377307510329,102.07377307510329,102.07377307510329,-202.87489051715315,-202.87489051715315,-202.87489051715315,207.24296954026192,207.24296954026192,207.24296954026192,0.0,0.0,0.0,3816.097503308366
2025-01-08,3711.3465014637977,3678.7053928512637,4025.6039032997933,3646.040526749031,3774.2459343341698,0.0,0.0,0.0,0.0,0.0,0.0,0.0,0.0,0.0,0.0,0.0,0.0,0.0,0.0,0.0,0.0,0.0,0.0,0.0,0.0,0.0,0.0,0.0,0.0,0.0,0.0,0.0,0.0,0.0,0.0,0.0,0.0,0.0,0.0,0.0,0.0,0.0,0.0,0.0,0.0,0.0,0.0,0.0,0.0,0.0,0.0,0.0,0.0,141.8819618833139,141.8819618833139,141.8819618833139,0.0,0.0,0.0,120.69686994442728,120.69686994442728,120.69686994442728,-181.71447593060964,-181.71447593060964,-181.71447593060964,202.89956786949617,202.89956786949617,202.89956786949617,0.0,0.0,0.0,3853.2284633471118
2025-01-09,3713.0373517174407,3846.7285738442233,4200.371301893735,3646.9229057109615,3776.3551750042925,0.0,0.0,0.0,0.0,0.0,0.0,0.0,0.0,0.0,0.0,0.0,0.0,0.0,0.0,0.0,0.0,0.0,0.0,0.0,0.0,0.0,0.0,0.0,0.0,0.0,0.0,0.0,0.0,0.0,0.0,0.0,0.0,0.0,0.0,0.0,0.0,0.0,0.0,0.0,0.0,0.0,0.0,0.0,0.0,0.0,0.0,0.0,0.0,317.8192852213512,317.8192852213512,317.8192852213512,0.0,0.0,0.0,135.67978452798994,135.67978452798994,135.67978452798994,-16.87781296452305,-16.87781296452305,-16.87781296452305,199.01731365788433,199.01731365788433,199.01731365788433,0.0,0.0,0.0,4030.856636938792
2025-01-10,3714.7282019710847,4027.1854361467867,4385.945573337018,3647.9551830492223,3778.9658581217072,0.0,0.0,0.0,0.0,0.0,0.0,0.0,0.0,0.0,0.0,0.0,0.0,0.0,0.0,0.0,0.0,0.0,0.0,0.0,0.0,0.0,0.0,0.0,0.0,0.0,0.0,0.0,0.0,0.0,0.0,0.0,0.0,0.0,0.0,0.0,0.0,0.0,0.0,0.0,0.0,0.0,0.0,0.0,0.0,0.0,0.0,0.0,0.0,491.9346923757029,491.9346923757029,491.9346923757029,0.0,0.0,0.0,145.0769941952882,145.0769941952882,145.0769941952882,151.1085948715107,151.1085948715107,151.1085948715107,195.74910330890407,195.74910330890407,195.74910330890407,0.0,0.0,0.0,4206.662894346788
2025-01-11,3716.419052224728,4085.2587470214785,4444.543380221021,3649.0259331680204,3781.687856202685,0.0,0.0,0.0,0.0,0.0,0.0,0.0,0.0,0.0,0.0,0.0,0.0,0.0,0.0,0.0,0.0,0.0,0.0,0.0,0.0,0.0,0.0,0.0,0.0,0.0,0.0,0.0,0.0,0.0,0.0,0.0,0.0,0.0,0.0,0.0,0.0,0.0,0.0,0.0,0.0,0.0,0.0,0.0,0.0,0.0,0.0,0.0,0.0,549.3686354802377,549.3686354802377,549.3686354802377,0.0,0.0,0.0,146.03394075446695,146.03394075446695,146.03394075446695,210.10138936408882,210.10138936408882,210.10138936408882,193.23330536168206,193.23330536168206,193.23330536168206,0.0,0.0,0.0,4265.787687704966
2025-01-12,3718.109902478371,3971.7944541498155,4324.427765258249,3650.099164401862,3784.2599445549718,0.0,0.0,0.0,0.0,0.0,0.0,0.0,0.0,0.0,0.0,0.0,0.0,0.0,0.0,0.0,0.0,0.0,0.0,0.0,0.0,0.0,0.0,0.0,0.0,0.0,0.0,0.0,0.0,0.0,0.0,0.0,0.0,0.0,0.0,0.0,0.0,0.0,0.0,0.0,0.0,0.0,0.0,0.0,0.0,0.0,0.0,0.0,0.0,428.280857386947,428.280857386947,428.280857386947,0.0,0.0,0.0,137.15066234297183,137.15066234297183,137.15066234297183,99.53964739382523,99.53964739382523,99.53964739382523,191.59054765015,191.59054765015,191.59054765015,0.0,0.0,0.0,4146.390759865319
2025-01-13,3719.800752732015,3798.7847969705413,4144.6257283269515,3651.0744319306577,3786.7474017948466,0.0,0.0,0.0,0.0,0.0,0.0,0.0,0.0,0.0,0.0,0.0,0.0,0.0,0.0,0.0,0.0,0.0,0.0,0.0,0.0,0.0,0.0,0.0,0.0,0.0,0.0,0.0,0.0,0.0,0.0,0.0,0.0,0.0,0.0,0.0,0.0,0.0,0.0,0.0,0.0,0.0,0.0,0.0,0.0,0.0,0.0,0.0,0.0,252.1535698132942,252.1535698132942,252.1535698132942,0.0,0.0,0.0,120.5150564917452,120.5150564917452,120.5150564917452,-59.282452217647005,-59.282452217647005,-59.282452217647005,190.920965539196,190.920965539196,190.920965539196,0.0,0.0,0.0,3971.9543225453094
2025-01-14,3721.491602985658,3626.4689726826964,3982.4716638152886,3652.081588388665,3789.2304130831553,0.0,0.0,0.0,0.0,0.0,0.0,0.0,0.0,0.0,0.0,0.0,0.0,0.0,0.0,0.0,0.0,0.0,0.0,0.0,0.0,0.0,0.0,0.0,0.0,0.0,0.0,0.0,0.0,0.0,0.0,0.0,0.0,0.0,0.0,0.0,0.0,0.0,0.0,0.0,0.0,0.0,0.0,0.0,0.0,0.0,0.0,0.0,0.0,89.40639887266462,89.40639887266462,89.40639887266462,0.0,0.0,0.0,100.97930799024105,100.97930799024105,100.97930799024105,-202.87489051723753,-202.87489051723753,-202.87489051723753,191.3019813996612,191.3019813996612,191.3019813996612,0.0,0.0,0.0,3810.898001858323
2025-01-15,3723.1824532393016,3633.6063347645077,3996.6142957129573,3652.750928833908,3791.7089784198984,0.0,0.0,0.0,0.0,0.0,0.0,0.0,0.0,0.0,0.0,0.0,0.0,0.0,0.0,0.0,0.0,0.0,0.0,0.0,0.0,0.0,0.0,0.0,0.0,0.0,0.0,0.0,0.0,0.0,0.0,0.0,0.0,0.0,0.0,0.0,0.0,0.0,0.0,0.0,0.0,0.0,0.0,0.0,0.0,0.0,0.0,0.0,0.0,93.64455000851618,93.64455000851618,93.64455000851618,0.0,0.0,0.0,82.5723553967786,82.5723553967786,82.5723553967786,-181.7144759305444,-181.7144759305444,-181.7144759305444,192.7866705422819,192.7866705422819,192.7866705422819,0.0,0.0,0.0,3816.8270032478176
2025-01-16,3724.8733034929455,3801.1294637384576,4134.001702633333,3653.686861893402,3794.1875437566423,0.0,0.0,0.0,0.0,0.0,0.0,0.0,0.0,0.0,0.0,0.0,0.0,0.0,0.0,0.0,0.0,0.0,0.0,0.0,0.0,0.0,0.0,0.0,0.0,0.0,0.0,0.0,0.0,0.0,0.0,0.0,0.0,0.0,0.0,0.0,0.0,0.0,0.0,0.0,0.0,0.0,0.0,0.0,0.0,0.0,0.0,0.0,0.0,243.42967728814796,243.42967728814796,243.42967728814796,0.0,0.0,0.0,64.90473781833889,64.90473781833889,64.90473781833889,-16.87781296441491,-16.87781296441491,-16.87781296441491,195.40275243422394,195.40275243422394,195.40275243422394,0.0,0.0,0.0,3968.3029807810935
2025-01-17,3726.5641537465885,3928.495177412537,4313.295108177615,3654.4960544523437,3796.666109093385,0.0,0.0,0.0,0.0,0.0,0.0,0.0,0.0,0.0,0.0,0.0,0.0,0.0,0.0,0.0,0.0,0.0,0.0,0.0,0.0,0.0,0.0,0.0,0.0,0.0,0.0,0.0,0.0,0.0,0.0,0.0,0.0,0.0,0.0,0.0,0.0,0.0,0.0,0.0,0.0,0.0,0.0,0.0,0.0,0.0,0.0,0.0,0.0,393.3329473907859,393.3329473907859,393.3329473907859,0.0,0.0,0.0,43.07212387420145,43.07212387420145,43.07212387420145,151.10859487155534,151.10859487155534,151.10859487155534,199.15222864502908,199.15222864502908,199.15222864502908,0.0,0.0,0.0,4119.897101137374
2025-01-18,3728.255004000232,3971.3516187835867,4323.441231813527,3655.456457858468,3799.144674430128,0.0,0.0,0.0,0.0,0.0,0.0,0.0,0.0,0.0,0.0,0.0,0.0,0.0,0.0,0.0,0.0,0.0,0.0,0.0,0.0,0.0,0.0,0.0,0.0,0.0,0.0,0.0,0.0,0.0,0.0,0.0,0.0,0.0,0.0,0.0,0.0,0.0,0.0,0.0,0.0,0.0,0.0,0.0,0.0,0.0,0.0,0.0,0.0,425.981573816827,425.981573816827,425.981573816827,0.0,0.0,0.0,11.868513343217899,11.868513343217899,11.868513343217899,210.10138936411153,210.10138936411153,210.10138936411153,204.01167110949757,204.01167110949757,204.01167110949757,0.0,0.0,0.0,4154.236577817059
2025-01-19,3729.945854253875,3835.949374304002,4186.8110231155315,3656.25360412138,3801.6071481358827,0.0,0.0,0.0,0.0,0.0,0.0,0.0,0.0,0.0,0.0,0.0,0.0,0.0,0.0,0.0,0.0,0.0,0.0,0.0,0.0,0.0,0.0,0.0,0.0,0.0,0.0,0.0,0.0,0.0,0.0,0.0,0.0,0.0,0.0,0.0,0.0,0.0,0.0,0.0,0.0,0.0,0.0,0.0,0.0,0.0,0.0,0.0,0.0,280.69606624973693,280.69606624973693,280.69606624973693,0.0,0.0,0.0,-28.776727607852678,-28.776727607852678,-28.776727607852678,99.53964739371473,99.53964739371473,99.53964739371473,209.93314646387483,209.93314646387483,209.93314646387483,0.0,0.0,0.0,4010.641920503612
2025-01-20,3731.636704507519,3693.2019358816456,4054.270988423427,3657.1066358287053,3803.9902433456264,0.0,0.0,0.0,0.0,0.0,0.0,0.0,0.0,0.0,0.0,0.0,0.0,0.0,0.0,0.0,0.0,0.0,0.0,0.0,0.0,0.0,0.0,0.0,0.0,50.75768893278906,50.75768893278906,50.75768893278906,0.0,0.0,0.0,0.0,0.0,0.0,0.0,0.0,0.0,0.0,0.0,0.0,0.0,0.0,0.0,0.0,0.0,0.0,0.0,0.0,0.0,136.54490038407445,136.54490038407445,136.54490038407445,50.75768893278906,50.75768893278906,50.75768893278906,-71.7760812449743,-71.7760812449743,-71.7760812449743,-59.28245221707536,-59.28245221707536,-59.28245221707536,216.84574491333504,216.84574491333504,216.84574491333504,0.0,0.0,0.0,3868.1816048915935
2025-01-21,3733.3275547611624,3463.019181758323,3823.235530246263,3658.059680641483,3806.0944633428603,0.0,0.0,0.0,0.0,0.0,0.0,0.0,0.0,0.0,0.0,0.0,0.0,0.0,0.0,0.0,0.0,0.0,0.0,0.0,0.0,0.0,0.0,0.0,0.0,0.0,0.0,0.0,0.0,0.0,0.0,0.0,0.0,0.0,0.0,0.0,0.0,0.0,0.0,0.0,0.0,0.0,0.0,0.0,0.0,0.0,0.0,0.0,0.0,-84.66334912661831,-84.66334912661831,-84.66334912661831,0.0,0.0,0.0,-106.44612442314956,-106.44612442314956,-106.44612442314956,-202.87489051732197,-202.87489051732197,-202.87489051732197,224.6576658138532,224.6576658138532,224.6576658138532,0.0,0.0,0.0,3648.664205634544
2025-01-22,3735.018405014806,3491.856121109013,3834.8979102413236,3658.840990128031,3808.1986833400942,0.0,0.0,0.0,0.0,0.0,0.0,0.0,0.0,0.0,0.0,0.0,0.0,0.0,0.0,0.0,0.0,0.0,0.0,0.0,0.0,0.0,0.0,0.0,0.0,0.0,0.0,0.0,0.0,0.0,0.0,0.0,0.0,0.0,0.0,0.0,0.0,0.0,0.0,0.0,0.0,0.0,0.0,0.0,0.0,0.0,0.0,0.0,0.0,-73.70119574149645,-73.70119574149645,-73.70119574149645,0.0,0.0,0.0,-125.2455171643199,-125.2455171643199,-125.2455171643199,-181.71447593042927,-181.71447593042927,-181.71447593042927,233.25879735325276,233.25879735325276,233.25879735325276,0.0,0.0,0.0,3661.3172092733093
2025-01-23,3736.7092552684494,3653.1611115992514,4032.571716127723,3659.7446470972836,3810.4852586230213,0.0,0.0,0.0,0.0,0.0,0.0,0.0,0.0,0.0,0.0,0.0,0.0,0.0,0.0,0.0,0.0,0.0,0.0,0.0,0.0,0.0,0.0,0.0,0.0,0.0,0.0,0.0,0.0,0.0,0.0,0.0,0.0,0.0,0.0,0.0,0.0,0.0,0.0,0.0,0.0,0.0,0.0,0.0,0.0,0.0,0.0,0.0,0.0,97.1292968301883,97.1292968301883,97.1292968301883,0.0,0.0,0.0,-128.51660501292332,-128.51660501292332,-128.51660501292332,-16.87781296425765,-16.87781296425765,-16.87781296425765,242.52371480736926,242.52371480736926,242.52371480736926,0.0,0.0,0.0,3833.8385520986376
2025-01-24,3738.4001055220924,3837.730810376654,4203.529571262224,3660.777075109282,3813.8704068699462,0.0,0.0,0.0,0.0,0.0,0.0,0.0,0.0,0.0,0.0,0.0,0.0,0.0,0.0,0.0,0.0,0.0,0.0,0.0,0.0,0.0,0.0,0.0,0.0,0.0,0.0,0.0,0.0,0.0,0.0,0.0,0.0,0.0,0.0,0.0,0.0,0.0,0.0,0.0,0.0,0.0,0.0,0.0,0.0,0.0,0.0,0.0,0.0,279.8520667004573,279.8520667004573,279.8520667004573,0.0,0.0,0.0,-123.57153935193881,-123.57153935193881,-123.57153935193881,151.10859487167727,151.10859487167727,151.10859487167727,252.3150111807189,252.3150111807189,252.3150111807189,0.0,0.0,0.0,4018.2521722225497
2025-01-25,3740.090955775736,3910.254057611073,4270.213042293362,3662.0169016466148,3817.06864343327,0.0,0.0,0.0,0.0,0.0,0.0,0.0,0.0,0.0,0.0,0.0,0.0,0.0,0.0,0.0,0.0,0.0,0.0,0.0,0.0,0.0,0.0,0.0,0.0,0.0,0.0,0.0,0.0,0.0,0.0,0.0,0.0,0.0,0.0,0.0,0.0,0.0,0.0,0.0,0.0,0.0,0.0,0.0,0.0,0.0,0.0,0.0,0.0,353.58802901016173,353.58802901016173,353.58802901016173,0.0,0.0,0.0,-119.00022625872444,-119.00022625872444,-119.00022625872444,210.1013893641991,210.1013893641991,210.1013893641991,262.4868659046871,262.4868659046871,262.4868659046871,0.0,0.0,0.0,4093.6789847858977
2025-01-26,3741.78180602938,3809.5208116180456,4156.699300128848,3662.8180347456687,3819.8155973470652,0.0,0.0,0.0,0.0,0.0,0.0,0.0,0.0,0.0,0.0,0.0,0.0,0.0,0.0,0.0,0.0,0.0,0.0,0.0,0.0,0.0,0.0,0.0,0.0,0.0,0.0,0.0,0.0,0.0,0.0,0.0,0.0,0.0,0.0,0.0,0.0,0.0,0.0,0.0,0.0,0.0,0.0,0.0,0.0,0.0,0.0,0.0,0.0,253.66082516415133,253.66082516415133,253.66082516415133,0.0,0.0,0.0,-118.76757410151014,-118.76757410151014,-118.76757410151014,99.53964739360421,99.53964739360421,99.53964739360421,272.8887518720573,272.8887518720573,272.8887518720573,0.0,0.0,0.0,3995.4426311935313
2025-01-27,3743.4726562830233,3662.732352629277,4027.3957157948726,3663.235554097883,3822.429374591955,0.0,0.0,0.0,0.0,0.0,0.0,0.0,0.0,0.0,0.0,0.0,0.0,0.0,0.0,0.0,0.0,0.0,0.0,0.0,0.0,0.0,0.0,0.0,0.0,0.0,0.0,0.0,0.0,0.0,0.0,0.0,0.0,0.0,0.0,0.0,0.0,0.0,0.0,0.0,0.0,0.0,0.0,0.0,0.0,0.0,0.0,0.0,0.0,103.62371352719765,103.62371352719765,103.62371352719765,0.0,0.0,0.0,-120.46301282181199,-120.46301282181199,-120.46301282181199,-59.28245221718516,-59.28245221718516,-59.28245221718516,283.3691785661948,283.3691785661948,283.3691785661948,0.0,0.0,0.0,3847.096369810221
2025-01-28,3745.163506536667,3530.413592695459,3899.9189185707087,3664.024104522176,3824.955353521745,0.0,0.0,0.0,0.0,0.0,0.0,0.0,0.0,0.0,0.0,0.0,0.0,0.0,0.0,0.0,0.0,0.0,0.0,0.0,0.0,0.0,0.0,0.0,0.0,0.0,0.0,0.0,0.0,0.0,0.0,0.0,0.0,0.0,0.0,0.0,0.0,0.0,0.0,0.0,0.0,0.0,0.0,0.0,0.0,0.0,0.0,0.0,0.0,-27.475029965690254,-27.475029965690254,-27.475029965690254,0.0,0.0,0.0,-118.37950889542185,-118.37950889542185,-118.37950889542185,-202.8748905173248,-202.8748905173248,-202.8748905173248,293.77936944705635,293.77936944705635,293.77936944705635,0.0,0.0,0.0,3717.6884765709765
2025-01-29,3746.8543567903093,3581.374788870732,3939.68126096215,3664.8853827070034,3827.678253107638,0.0,0.0,0.0,0.0,0.0,0.0,0.0,0.0,0.0,0.0,0.0,0.0,0.0,0.0,0.0,0.0,0.0,0.0,0.0,0.0,0.0,0.0,0.0,0.0,0.0,0.0,0.0,0.0,0.0,0.0,0.0,0.0,0.0,0.0,0.0,0.0,0.0,0.0,0.0,0.0,0.0,0.0,0.0,0.0,0.0,0.0,0.0,0.0,13.979096793734048,13.979096793734048,13.979096793734048,0.0,0.0,0.0,-108.28320231884177,-108.28320231884177,-108.28320231884177,-181.71447593041395,-181.71447593041395,-181.71447593041395,303.97677504298974,303.97677504298974,303.97677504298974,0.0,0.0,0.0,3760.8334535840436
2025-01-30,3748.5452070439533,3769.702075236454,4138.035599457912,3665.7039655405115,3830.7938413137927,0.0,0.0,0.0,0.0,0.0,0.0,0.0,0.0,0.0,0.0,0.0,0.0,0.0,0.0,0.0,0.0,0.0,0.0,0.0,0.0,0.0,0.0,0.0,0.0,0.0,0.0,0.0,0.0,0.0,0.0,0.0,0.0,0.0,0.0,0.0,0.0,0.0,0.0,0.0,0.0,0.0,0.0,0.0,0.0,0.0,0.0,0.0,0.0,206.98040699831589,206.98040699831589,206.98040699831589,0.0,0.0,0.0,-89.97010929125229,-89.97010929125229,-89.97010929125229,-16.877812964100393,-16.877812964100393,-16.877812964100393,313.8283292536686,313.8283292536686,313.8283292536686,0.0,0.0,0.0,3955.5256140422694
2025-01-31,3750.2360572975967,3960.566385782662,4350.286526202485,3666.2850723199726,3833.8915620107437,0.0,0.0,0.0,0.0,0.0,0.0,0.0,0.0,0.0,0.0,0.0,0.0,0.0,0.0,0.0,0.0,0.0,0.0,0.0,0.0,0.0,0.0,0.0,0.0,0.0,0.0,0.0,0.0,0.0,0.0,0.0,0.0,0.0,0.0,0.0,0.0,0.0,0.0,0.0,0.0,0.0,0.0,0.0,0.0,0.0,0.0,0.0,0.0,408.0836419349826,408.0836419349826,408.0836419349826,0.0,0.0,0.0,-66.2383179257634,-66.2383179257634,-66.2383179257634,151.10859487125336,151.10859487125336,151.10859487125336,323.2133649894926,323.2133649894926,323.2133649894926,0.0,0.0,0.0,4158.319699232579
2025-02-01,3751.92690755124,4064.2199131831544,4430.811619167796,3666.8661790994347,3836.2717663452227,0.0,0.0,0.0,0.0,0.0,0.0,0.0,0.0,0.0,0.0,0.0,0.0,0.0,0.0,0.0,0.0,0.0,0.0,0.0,0.0,0.0,0.0,0.0,0.0,0.0,0.0,0.0,0.0,0.0,0.0,0.0,0.0,0.0,0.0,0.0,0.0,0.0,0.0,0.0,0.0,0.0,0.0,0.0,0.0,0.0,0.0,0.0,0.0,502.028938898767,502.028938898767,502.028938898767,0.0,0.0,0.0,-40.09856665566573,-40.09856665566573,-40.09856665566573,210.1013893641808,210.1013893641808,210.1013893641808,332.02611619025197,332.02611619025197,332.02611619025197,0.0,0.0,0.0,4253.955846450007
2025-02-02,3753.617757804884,4002.8191784655323,4354.532968083235,3667.4472858788968,3838.9419111986513,0.0,0.0,0.0,0.0,0.0,0.0,0.0,0.0,0.0,0.0,0.0,0.0,0.0,0.0,0.0,0.0,0.0,0.0,0.0,0.0,0.0,0.0,0.0,0.0,0.0,0.0,0.0,0.0,0.0,0.0,0.0,0.0,0.0,0.0,0.0,0.0,0.0,0.0,0.0,0.0,0.0,0.0,0.0,0.0,0.0,0.0,0.0,0.0,426.6827041478293,426.6827041478293,426.6827041478293,0.0,0.0,0.0,-13.034689386190081,-13.034689386190081,-13.034689386190081,99.53964739349199,99.53964739349199,99.53964739349199,340.1777461405274,340.1777461405274,340.1777461405274,0.0,0.0,0.0,4180.300461952714
2025-02-03,3755.3086080585267,3877.487686328995,4249.972680205889,3668.0310898083835,3841.740969565271,0.0,0.0,0.0,0.0,0.0,0.0,0.0,0.0,0.0,0.0,0.0,0.0,0.0,0.0,0.0,0.0,0.0,0.0,0.0,0.0,0.0,0.0,0.0,0.0,0.0,0.0,0.0,0.0,0.0,0.0,0.0,0.0,0.0,0.0,0.0,0.0,0.0,0.0,0.0,0.0,0.0,0.0,0.0,0.0,0.0,0.0,0.0,0.0,302.8917369415225,302.8917369415225,302.8917369415225,0.0,0.0,0.0,14.576332718354118,14.576332718354118,14.576332718354118,-59.282452217318536,-59.282452217318536,-59.282452217318536,347.59785644048685,347.59785644048685,347.59785644048685,0.0,0.0,0.0,4058.2003450000493
2025-02-04,3756.99945831217,3759.042208484294,4125.998582916296,3668.783012262635,3844.3018716494817,0.0,0.0,0.0,0.0,0.0,0.0,0.0,0.0,0.0,0.0,0.0,0.0,0.0,0.0,0.0,0.0,0.0,0.0,0.0,0.0,0.0,0.0,0.0,0.0,0.0,0.0,0.0,0.0,0.0,0.0,0.0,0.0,0.0,0.0,0.0,0.0,0.0,0.0,0.0,0.0,0.0,0.0,0.0,0.0,0.0,0.0,0.0,0.0,193.4660683545117,193.4660683545117,193.4660683545117,0.0,0.0,0.0,42.10551230432557,42.10551230432557,42.10551230432557,-202.87489051711785,-202.87489051711785,-202.87489051711785,354.2354465673039,354.2354465673039,354.2354465673039,0.0,0.0,0.0,3950.465526666682
2025-02-05,3758.690308565814,3807.3406480556887,4186.61550225172,3669.7367870309026,3846.8554299214084,0.0,0.0,0.0,0.0,0.0,0.0,0.0,0.0,0.0,0.0,0.0,0.0,0.0,0.0,0.0,0.0,0.0,0.0,0.0,0.0,0.0,0.0,0.0,0.0,0.0,0.0,0.0,0.0,0.0,0.0,0.0,0.0,0.0,0.0,0.0,0.0,0.0,0.0,0.0,0.0,0.0,0.0,0.0,0.0,0.0,0.0,0.0,0.0,246.5442698790345,246.5442698790345,246.5442698790345,0.0,0.0,0.0,68.19943560335943,68.19943560335943,68.19943560335943,-181.71447593072057,-181.71447593072057,-181.71447593072057,360.05931020639554,360.05931020639554,360.05931020639554,0.0,0.0,0.0,4005.2345784448485
2025-02-06,3760.3811588194576,3995.990358591387,4387.065783221103,3670.2815888445634,3849.336412285852,0.0,0.0,0.0,0.0,0.0,0.0,0.0,0.0,0.0,0.0,0.0,0.0,0.0,0.0,0.0,0.0,0.0,0.0,0.0,0.0,0.0,0.0,0.0,0.0,0.0,0.0,0.0,0.0,0.0,0.0,0.0,0.0,0.0,0.0,0.0,0.0,0.0,0.0,0.0,0.0,0.0,0.0,0.0,0.0,0.0,0.0,0.0,0.0,439.7537542356409,439.7537542356409,439.7537542356409,0.0,0.0,0.0,91.57369623129249,91.57369623129249,91.57369623129249,-16.877812963943132,-16.877812963943132,-16.877812963943132,365.05787096829147,365.05787096829147,365.05787096829147,0.0,0.0,0.0,4200.134913055099
2025-02-07,3762.072009073101,4205.871767730073,4575.7377702837475,3671.09409215302,3851.856403945184,0.0,0.0,0.0,0.0,0.0,0.0,0.0,0.0,0.0,0.0,0.0,0.0,0.0,0.0,0.0,0.0,0.0,0.0,0.0,0.0,0.0,0.0,0.0,0.0,0.0,0.0,0.0,0.0,0.0,0.0,0.0,0.0,0.0,0.0,0.0,0.0,0.0,0.0,0.0,0.0,0.0,0.0,0.0,0.0,0.0,0.0,0.0,0.0,632.1321640205788,632.1321640205788,632.1321640205788,0.0,0.0,0.0,111.78509289802358,111.78509289802358,111.78509289802358,151.1085948713753,151.1085948713753,151.1085948713753,369.23847625117986,369.23847625117986,369.23847625117986,0.0,0.0,0.0,4394.20417309368
2025-02-08,3763.7628593267445,4287.206594708516,4656.818632605548,3671.9101680298445,3854.4339787916806,0.0,0.0,0.0,0.0,0.0,0.0,0.0,0.0,0.0,0.0,0.0,0.0,0.0,0.0,0.0,0.0,0.0,0.0,0.0,0.0,0.0,0.0,0.0,0.0,0.0,0.0,0.0,0.0,0.0,0.0,0.0,0.0,0.0,0.0,0.0,0.0,0.0,0.0,0.0,0.0,0.0,0.0,0.0,0.0,0.0,0.0,0.0,0.0,711.4532642793082,711.4532642793082,711.4532642793082,0.0,0.0,0.0,128.72569152098566,128.72569152098566,128.72569152098566,210.10138936414205,210.10138936414205,210.10138936414205,372.62618339418054,372.62618339418054,372.62618339418054,0.0,0.0,0.0,4475.216123606053
2025-02-09,3765.4537095803876,4186.664695823984,4572.792563333552,3672.0723662574796,3857.011553638176,0.0,0.0,0.0,0.0,0.0,0.0,0.0,0.0,0.0,0.0,0.0,0.0,0.0,0.0,0.0,0.0,0.0,0.0,0.0,0.0,0.0,0.0,0.0,0.0,0.0,0.0,0.0,0.0,0.0,0.0,0.0,0.0,0.0,0.0,0.0,0.0,0.0,0.0,0.0,0.0,0.0,0.0,0.0,0.0,0.0,0.0,0.0,0.0,616.0577231693462,616.0577231693462,616.0577231693462,0.0,0.0,0.0,141.25598932789086,141.25598932789086,141.25598932789086,99.53964739338322,99.53964739338322,99.53964739338322,375.2620864480721,375.2620864480721,375.2620864480721,0.0,0.0,0.0,4381.511432749734
2025-02-10,3767.144559834031,4035.8622153102606,4414.422701126149,3673.6265313359963,3860.540626728154,0.0,0.0,0.0,0.0,0.0,0.0,0.0,0.0,0.0,0.0,0.0,0.0,0.0,0.0,0.0,0.0,0.0,0.0,0.0,0.0,0.0,0.0,0.0,0.0,0.0,0.0,0.0,0.0,0.0,0.0,0.0,0.0,0.0,0.0,0.0,0.0,0.0,0.0,0.0,0.0,0.0,0.0,0.0,0.0,0.0,0.0,0.0,0.0,464.6834965860672,464.6834965860672,464.6834965860672,0.0,0.0,0.0,146.7647043391624,146.7647043391624,146.7647043391624,-59.28245221745192,-59.28245221745192,-59.28245221745192,377.20124446435676,377.20124446435676,377.20124446435676,0.0,0.0,0.0,4231.828056420099
2025-02-11,3768.8354100876745,3904.916156194716,4277.320505676188,3674.2313110324712,3862.946306418339,0.0,0.0,0.0,0.0,0.0,0.0,0.0,0.0,0.0,0.0,0.0,0.0,0.0,0.0,0.0,0.0,0.0,0.0,0.0,0.0,0.0,0.0,0.0,0.0,0.0,0.0,0.0,0.0,0.0,0.0,0.0,0.0,0.0,0.0,0.0,0.0,0.0,0.0,0.0,0.0,0.0,0.0,0.0,0.0,0.0,0.0,0.0,0.0,318.41779645656993,318.41779645656993,318.41779645656993,0.0,0.0,0.0,142.78240415671434,142.78240415671434,142.78240415671434,-202.8748905171207,-202.8748905171207,-202.8748905171207,378.51028281697626,378.51028281697626,378.51028281697626,0.0,0.0,0.0,4087.2532065442447
2025-02-12,3770.5262603413184,3910.9933047098557,4298.509359549147,3674.7038176205574,3864.852255342387,0.0,0.0,0.0,0.0,0.0,0.0,0.0,0.0,0.0,0.0,0.0,0.0,0.0,0.0,0.0,0.0,0.0,0.0,0.0,0.0,0.0,0.0,0.0,0.0,0.0,0.0,0.0,0.0,0.0,0.0,0.0,0.0,0.0,0.0,0.0,0.0,0.0,0.0,0.0,0.0,0.0,0.0,0.0,0.0,0.0,0.0,0.0,0.0,327.0812261350769,327.0812261350769,327.0812261350769,0.0,0.0,0.0,129.53095463636637,129.53095463636637,129.53095463636637,-181.71447593065537,-181.71447593065537,-181.71447593065537,379.26474742936585,379.26474742936585,379.26474742936585,0.0,0.0,0.0,4097.607486476395
2025-02-13,3772.2171105949615,4058.865519715362,4447.713076862674,3675.5961330808036,3867.7464409084337,0.0,0.0,0.0,0.0,0.0,0.0,0.0,0.0,0.0,0.0,0.0,0.0,0.0,0.0,0.0,0.0,0.0,0.0,0.0,0.0,0.0,0.0,0.0,0.0,0.0,0.0,0.0,0.0,0.0,0.0,0.0,0.0,0.0,0.0,0.0,0.0,0.0,0.0,0.0,0.0,0.0,0.0,0.0,0.0,0.0,0.0,0.0,0.0,473.455186338697,473.455186338697,473.455186338697,0.0,0.0,0.0,110.78670164323523,110.78670164323523,110.78670164323523,-16.877812963834998,-16.877812963834998,-16.877812963834998,379.5462976592969,379.5462976592969,379.5462976592969,0.0,0.0,0.0,4245.672296933659
2025-02-14,3773.907960848605,4194.383925241754,4583.757843470728,3676.578219572919,3870.6406264744805,0.0,0.0,0.0,0.0,0.0,0.0,0.0,0.0,0.0,0.0,0.0,0.0,0.0,0.0,0.0,0.0,0.0,0.0,0.0,0.0,0.0,0.0,0.0,0.0,0.0,0.0,0.0,0.0,0.0,0.0,0.0,0.0,0.0,0.0,0.0,0.0,0.0,0.0,0.0,0.0,0.0,0.0,0.0,0.0,0.0,0.0,0.0,0.0,622.0793643356801,622.0793643356801,622.0793643356801,0.0,0.0,0.0,91.53094261919716,91.53094261919716,91.53094261919716,151.1085948714586,151.1085948714586,151.1085948714586,379.43982684502436,379.43982684502436,379.43982684502436,0.0,0.0,0.0,4395.9873251842855
2025-02-15,3775.5988111022484,4237.450626610533,4607.33620198198,3677.588495340065,3873.2314248913494,0.0,0.0,0.0,0.0,0.0,0.0,0.0,0.0,0.0,0.0,0.0,0.0,0.0,0.0,0.0,0.0,0.0,0.0,0.0,0.0,0.0,0.0,0.0,0.0,0.0,0.0,0.0,0.0,0.0,0.0,0.0,0.0,0.0,0.0,0.0,0.0,0.0,0.0,0.0,0.0,0.0,0.0,0.0,0.0,0.0,0.0,0.0,0.0,663.0109723938097,663.0109723938097,663.0109723938097,0.0,0.0,0.0,73.87898296087944,73.87898296087944,73.87898296087944,210.1013893641033,210.1013893641033,210.1013893641033,379.0306000688269,379.0306000688269,379.0306000688269,0.0,0.0,0.0,4438.609783496058
2025-02-16,3777.289661355892,4131.539512516538,4494.683995157595,3678.578410227724,3875.661451083892,0.0,0.0,0.0,0.0,0.0,0.0,0.0,0.0,0.0,0.0,0.0,0.0,0.0,0.0,0.0,0.0,0.0,0.0,0.0,0.0,0.0,0.0,0.0,0.0,0.0,0.0,0.0,0.0,0.0,0.0,0.0,0.0,0.0,0.0,0.0,0.0,0.0,0.0,0.0,0.0,0.0,0.0,0.0,0.0,0.0,0.0,0.0,0.0,532.8380759019153,532.8380759019153,532.8380759019153,0.0,0.0,0.0,54.89693195074061,54.89693195074061,54.89693195074061,99.53964739388174,99.53964739388174,99.53964739388174,378.40149655729294,378.40149655729294,378.40149655729294,0.0,0.0,0.0,4310.127737257807
2025-02-17,3778.9805116095354,3945.2642928764913,4338.937336233319,3679.4296031599956,3878.0914772764345,0.0,0.0,0.0,0.0,0.0,0.0,0.0,0.0,0.0,0.0,0.0,0.0,0.0,0.0,0.0,0.0,0.0,0.0,0.0,0.0,0.0,0.0,0.0,0.0,0.0,0.0,0.0,0.0,0.0,0.0,0.0,0.0,0.0,0.0,0.0,0.0,0.0,0.0,0.0,0.0,0.0,0.0,0.0,0.0,0.0,15.586468002320645,15.586468002320645,15.586468002320645,362.75123967469096,362.75123967469096,362.75123967469096,15.586468002320645,15.586468002320645,15.586468002320645,28.81678448786543,28.81678448786543,28.81678448786543,-59.282452217585316,-59.282452217585316,-59.282452217585316,377.63043940209025,377.63043940209025,377.63043940209025,0.0,0.0,0.0,4141.731751284226
2025-02-18,3780.671361863179,3761.6595209061793,4147.618037330452,3680.280796092267,3880.498508089127,0.0,0.0,0.0,0.0,0.0,0.0,0.0,0.0,0.0,0.0,0.0,0.0,0.0,0.0,0.0,0.0,0.0,0.0,0.0,0.0,0.0,0.0,0.0,0.0,0.0,0.0,0.0,0.0,0.0,0.0,0.0,0.0,0.0,0.0,0.0,0.0,0.0,0.0,0.0,0.0,0.0,0.0,0.0,0.0,0.0,0.0,0.0,0.0,166.34862745112127,166.34862745112127,166.34862745112127,0.0,0.0,0.0,-7.564570148616449,-7.564570148616449,-7.564570148616449,-202.87489051720507,-202.87489051720507,-202.87489051720507,376.7880881169428,376.7880881169428,376.7880881169428,0.0,0.0,0.0,3947.0199893143
2025-02-19,3782.3622121168223,3737.9489831646597,4111.031926838074,3681.1319890245386,3882.8639340930663,0.0,0.0,0.0,0.0,0.0,0.0,0.0,0.0,0.0,0.0,0.0,0.0,0.0,0.0,0.0,0.0,0.0,0.0,0.0,0.0,0.0,0.0,0.0,0.0,0.0,0.0,0.0,0.0,0.0,0.0,0.0,0.0,0.0,0.0,0.0,0.0,0.0,0.0,0.0,0.0,0.0,0.0,0.0,0.0,0.0,0.0,0.0,0.0,143.58058041872587,143.58058041872587,143.58058041872587,0.0,0.0,0.0,-50.64080383394977,-50.64080383394977,-50.64080383394977,-181.71447593054023,-181.71447593054023,-181.71447593054023,375.93586018321594,375.93586018321594,375.93586018321594,0.0,0.0,0.0,3925.942792535548
2025-02-20,3784.0530623704653,3860.7498951448297,4250.193961121977,3681.9831819568094,3885.191853269803,0.0,0.0,0.0,0.0,0.0,0.0,0.0,0.0,0.0,0.0,0.0,0.0,0.0,0.0,0.0,0.0,0.0,0.0,0.0,0.0,0.0,0.0,0.0,0.0,0.0,0.0,0.0,0.0,0.0,0.0,0.0,0.0,0.0,0.0,0.0,0.0,0.0,0.0,0.0,0.0,0.0,0.0,0.0,0.0,0.0,0.0,0.0,0.0,267.47102870502164,267.47102870502164,267.47102870502164,0.0,0.0,0.0,-90.77549481112163,-90.77549481112163,-90.77549481112163,-16.87781296362862,-16.87781296362862,-16.87781296362862,375.12433647977184,375.12433647977184,375.12433647977184,0.0,0.0,0.0,4051.524091075487
2025-02-21,3785.7439126241093,3998.570341787405,4380.165799190473,3682.834374889081,3887.5854188470407,0.0,0.0,0.0,0.0,0.0,0.0,0.0,0.0,0.0,0.0,0.0,0.0,0.0,0.0,0.0,0.0,0.0,0.0,0.0,0.0,0.0,0.0,0.0,0.0,0.0,0.0,0.0,0.0,0.0,0.0,0.0,0.0,0.0,0.0,0.0,0.0,0.0,0.0,0.0,0.0,0.0,0.0,0.0,0.0,0.0,0.0,0.0,0.0,407.4874577231701,407.4874577231701,407.4874577231701,0.0,0.0,0.0,-118.01322984616091,-118.01322984616091,-118.01322984616091,151.1085948709961,151.1085948709961,151.1085948709961,374.392092698335,374.392092698335,374.392092698335,0.0,0.0,0.0,4193.231370347279
2025-02-22,3787.4347628777527,4046.8038273367615,4421.998424022565,3683.558800637668,3890.522541156598,0.0,0.0,0.0,0.0,0.0,0.0,0.0,0.0,0.0,0.0,0.0,0.0,0.0,0.0,0.0,0.0,0.0,0.0,0.0,0.0,0.0,0.0,0.0,0.0,0.0,0.0,0.0,0.0,0.0,0.0,0.0,0.0,0.0,0.0,0.0,0.0,0.0,0.0,0.0,0.0,0.0,0.0,0.0,0.0,0.0,0.0,0.0,0.0,455.39020272859557,455.39020272859557,455.39020272859557,0.0,0.0,0.0,-128.47617154772536,-128.47617154772536,-128.47617154772536,210.1013893641055,210.1013893641055,210.1013893641055,373.76498491221537,373.76498491221537,373.76498491221537,0.0,0.0,0.0,4242.824965606348
2025-02-23,3789.1256131313958,3932.9404979336246,4325.2666510375875,3684.359112488699,3893.4527937383164,0.0,0.0,0.0,0.0,0.0,0.0,0.0,0.0,0.0,0.0,0.0,0.0,0.0,0.0,0.0,0.0,0.0,0.0,0.0,0.0,0.0,0.0,0.0,0.0,0.0,0.0,0.0,0.0,0.0,0.0,0.0,0.0,0.0,0.0,0.0,0.0,0.0,0.0,0.0,0.0,0.0,0.0,0.0,0.0,0.0,0.0,0.0,0.0,346.31283536953987,346.31283536953987,346.31283536953987,0.0,0.0,0.0,-126.48271484952976,-126.48271484952976,-126.48271484952976,99.53964739377123,99.53964739377123,99.53964739377123,373.2559028252984,373.2559028252984,373.2559028252984,0.0,0.0,0.0,4135.438448500936
2025-02-24,3790.8164633850397,3779.496553186077,4192.6503767852055,3685.094135000545,3896.375547152636,0.0,0.0,0.0,0.0,0.0,0.0,0.0,0.0,0.0,0.0,0.0,0.0,0.0,0.0,0.0,0.0,0.0,0.0,0.0,0.0,0.0,0.0,0.0,0.0,0.0,0.0,0.0,0.0,0.0,0.0,0.0,0.0,0.0,0.0,0.0,0.0,0.0,0.0,0.0,0.0,0.0,0.0,0.0,0.0,0.0,0.0,0.0,0.0,192.74701761811536,192.74701761811536,192.74701761811536,0.0,0.0,0.0,-120.83551949206614,-120.83551949206614,-120.83551949206614,-59.28245221769512,-59.28245221769512,-59.28245221769512,372.86498932787663,372.86498932787663,372.86498932787663,0.0,0.0,0.0,3983.563481003155
2025-02-25,3792.507313638683,3635.4898489317206,4040.3984190059414,3685.8291575123917,3899.1981627057485,0.0,0.0,0.0,0.0,0.0,0.0,0.0,0.0,0.0,0.0,0.0,0.0,0.0,0.0,0.0,0.0,0.0,0.0,0.0,0.0,0.0,0.0,0.0,0.0,0.0,0.0,0.0,0.0,0.0,0.0,0.0,0.0,0.0,0.0,0.0,0.0,0.0,0.0,0.0,0.0,0.0,0.0,0.0,0.0,0.0,0.0,0.0,0.0,51.345403804116515,51.345403804116515,51.345403804116515,0.0,0.0,0.0,-118.36001595909151,-118.36001595909151,-118.36001595909151,-202.8748905172487,-202.8748905172487,-202.8748905172487,372.5803102804567,372.5803102804567,372.5803102804567,0.0,0.0,0.0,3843.8527174427995
2025-02-26,3794.198163892326,3674.0668224276947,4069.332556450868,3686.564180024237,3901.4829758609603,0.0,0.0,0.0,0.0,0.0,0.0,0.0,0.0,0.0,0.0,0.0,0.0,0.0,0.0,0.0,0.0,0.0,0.0,0.0,0.0,0.0,0.0,0.0,0.0,0.0,0.0,0.0,0.0,0.0,0.0,0.0,0.0,0.0,0.0,0.0,0.0,0.0,0.0,0.0,0.0,0.0,0.0,0.0,0.0,0.0,0.0,0.0,0.0,70.95225900525955,70.95225900525955,70.95225900525955,0.0,0.0,0.0,-119.71220944513477,-119.71220944513477,-119.71220944513477,-181.71447593042512,-181.71447593042512,-181.71447593042512,372.3789443808195,372.3789443808195,372.3789443808195,0.0,0.0,0.0,3865.150422897586
2025-02-27,3795.8890141459697,3838.842076706772,4237.099898529131,3687.3510141623046,3903.7446987305084,0.0,0.0,0.0,0.0,0.0,0.0,0.0,0.0,0.0,0.0,0.0,0.0,0.0,0.0,0.0,0.0,0.0,0.0,0.0,0.0,0.0,0.0,0.0,0.0,0.0,0.0,0.0,0.0,0.0,0.0,0.0,0.0,0.0,0.0,0.0,0.0,0.0,0.0,0.0,0.0,0.0,0.0,0.0,0.0,0.0,0.0,0.0,0.0,235.109843241562,235.109843241562,235.109843241562,0.0,0.0,0.0,-120.24079376052177,-120.24079376052177,-120.24079376052177,-16.877812964324985,-16.877812964324985,-16.877812964324985,372.2284499664088,372.2284499664088,372.2284499664088,0.0,0.0,0.0,4030.9988573875316
